price,title,url
590,SUN68意大利时尚小众复古休闲鞋舒适百搭低帮厚底跑步运动老爹鞋,https://click.simba.taobao.com/cc_im?priceTId=2150427117145568943728859e5383&p=%D4%CB%B6%AF%D0%AC&s=1201848783&k=1497&e=GH3Jwt6qLRreTlJOnKRHq8l4OMZr%2B65euTVgSBuS3Ji1Me1aGUJxtjx6nnCfXYyW0qodu5cyn1J53%2Fan5amqPyP%2FM7W0OBqCtDgitkP7gwuqEW490h4X8%2BL%2BKDNyozDwAy%2BSaqFpLU%2FDVI2BDNFip9YV0xbB0KC5qZ67Y%2BorBLs2kcwYFe1UmhCmFVmQHZFftRk77yA1QLtZDHiz1Jh17Qnv2JxntQNG%2Fs2%2BVHCOeQZG%2Ban%2BIruNFh7ECh9AqmvePVro6Jhh9Z47ghkHsL0uLIzV1zULxk4o6YuEgV4gDot%2F7Nn1R16BqaHxjsBKEY9sNqsGE0NkjTinLhIXLGNdOguAzOtftf%2FoYBCqvYeJxy%2BoBH5aFOltig35Wy0dhpNo32ilvOi1aCHTU1x2lOx9bne5dxECndsC%2FVnzSdngt0f3lsfobtqNK2w%2FcdLHAxgm5RRgiFF6drExIVtemUx%2F4AVOEGzdXo03%2FZVqfRJVexfBoCFFSwwQRM2Iw1pzuNOUyjO0m1hfYZ401EfEjmuBhn%2BQdWY051o%2Fw5igopTOabgjQhfe4Wh5QHTE8Lnti9vhGTEoBu62F2mwQkbvY2fkNF%2FsTCICUbA7JbEzHdnFlO%2BSHIwf5gkextu8wmmx2bndZi59iy7DD%2B6LBTykc04zPTTUR8SOa4GGOgfcL43rLvAu%2BJIvOiFwWXvaaIhzW9bi6sFbaPa1CYP0xQKNLJOjKQWLQGDisn1oxsvDD%2F%2Fr%2FAFNyIR0cFMtshwcgDndoOpgJKOrGT64Pm%2FKIDcnLkH5vgGEx1FIY6RnOom9YQKUPi4oNEQvpFAz8biMDZgvVBMNzv0z0Yj3BSlVKpDutXFcgyClfboOK%2F2c1XNnZUp2rJVK9uaW0mO8ai89Q5ziz2tzBNdW%2Bk9YHHiQhT0EyZVYZB%2BuQfyLtCOvl4z8u83uPGbuMAq%2BDpDdwIorBft9Zm80YiPwdRFmm5F93mNFjjzy7TO1eTQkNPRx7BmPMev5Bn0iycHwdby6h9tc1WlA9ffKZnRTJ1aaIVAXMRYu5MO5iH0Z402zJxQX66B9NdgdXbw6%2B%2F4abSJlFGKJyyCnsnqSVhsZTMFnlrCj2tQNqglwlfRhhbWVWCDumthdPBOKdjuij4ZthtLxI4YTHS8KGILOA8fKLTrtmit31X%2B%2BIsC0z2CeD6xp%2FIqRLNcTXGVBpKzFYVRmARXwf%2BHdvxVaIKiwNNRHxI5rgYZdiukFPtRDVcVNClIaIqQmpxWxYi9MQtdzgI3XNxC25ZZbGTrPzaJms4cpGKqYO6GvzvxoN91XtjPmfDU7QpJEsEJG72Nn5DRf7EwiAlGwOyWxMx3ZxZTvkhyMH%2BYJHsbbvMJpsdm53WYufYsuww%2Fuax7tpAXbmZEUUevs1e%2FqGzarBhNDZI048gIlDr%2FKzb0pLmHmOsEn14r9f4%2BZuymnFzEWLuTDuYhB2cyDsI04tM0%2FN%2BhH3O93b7bIB3RZFzJDNazr3t667g%3D%3D
258,鸿星官网尓克男鞋2024新款旋转扣运动鞋男夏季跑步减震透气休闲鞋,https://click.simba.taobao.com/cc_im?priceTId=2150427117145569006301244e5383&p=%D4%CB%B6%AF%D0%AC&s=1048532949&k=1537&e=gJYqh5GqST2nHlZedaKqnHC6Mum%2BXpnJRam731kT7uggkGUgf3cf2whcRuEqHHLLgRgEXHFgTz%2FvA%2BUL0tgyV0KT25PV46IQOOD1QBnSBGX%2BKcjMV682W0c5A4I1Dotd%2FsOc4ORKeEeccwqV1nky12lyG%2FwuFVS%2BXgKyKTfXEfHFLOqYvtyEtgenNOTUfBc%2FMFzPTdqS5VXq%2FVU%2Bexw3DYoTshLdofkGDh7iYX74IPYfXvETBJlaA0Yo4YgzHFINyWAQLi0hK%2FoYwrKvNzaTMQHcYsJy7MVyvb9eleruj21TIJ%2Bez5fIXouRDGMvfjdNPTSekja9ROgm9lFB7S5JOlPCL7vNFomJ%2B8cSAFuMJ3FhluMUCgfnj5tKBUhDpsiccEydhQZptNOOZo07j62hoFtpOALSm4gnTiF5TMD2krX24YztFWGu1Vy%2FLVaylakemJwcOTfE2RkTjSuY2kRKl4Osk7cnMKIAWxNOMdFjEEMifwY9FDQAwqYwtiGyIrFfHrLWqmxevuKv6WWxYM05rFxqMpM33bQ72onlHzEESVAUzFTYpuV05wp5T9pd45CrrkQEbcQFH6LF86%2FDP1AJcVPCL7vNFomJX8anWOW3vbZR1EDcjJIFFCG8sswVBoUF7wCsxnDli0oskBFDlagG2hl998UmcaNZQnL2n3HkSt%2BcfjXr0qJNvDj3ifhyP6tgEFMqWbqf%2FkAEn04fZ9Sjzvc%2Bw8TMtyJ4IF1MApqA7sTsVCRpHmQWXHc8eVJU%2FlpUHfT8I48BFk4N9JSq8%2FYSUb6htzckvcK%2BSfUAqjCqSLWLDsty0nQDmYGd7SnL%2FOWf68STabbIDybkfOPN8RjAwyx7hXWmGrF%2FEYuSuVioB61x39vzb7%2BblLV9Gi8I%2B6kzvWAE9gr%2FsPKKxAPW%2BjKeNX9Y9KO6gwMETFDogl%2BW4AiAvbyNVWdmmFlr0EFjvieaGilBSzDZozAc5OMbytSQBxGQyvIigQvarUfhlqzymw4x1GdpgKdgGZqxqkVwEJIqetofTup1GwH12Pva0sc%2BcvYbhyqqRQkasdfg7aP%2BSyFq9OlEcZa%2BIz9%2BNbkgNAc7G%2Fq13y%2Fz2g8AlVka3R9ccc2lgVopOfUyC5TGyRwKa7bQAqbe0hyKm0lLtntgQDy9y7iNdpegYQ5ZObR7zInQ5KjI7LuNTSbhA%2FN4XW5V6HmUJHvi800FYDbQGW6jtBfTdr37NQJuRXj8e7cmnt6goAn58pYLWChc0Y5XSohFnwB1S4GdXiTi4N12H%2FQ9P7CPokCT3ANnQWiQ5Pms%2FlAyELlaBWKp5YwZV7Ca4D6IZbHaxpKfCy6dUYYHutLj1R2i42kLJIZbvXZTwi%2B7zRaJiV%2FGp1jlt722UdRA3IySBRQhvLLMFQaFBe8ArMZw5YtKMyzRYul7JsdsdbmYxrof7L9g4%2BO9FUVeQnL2n3HkSt%2BcfjXr0qJNvDbxP%2FLsWC8QR7aqqryPkE0TjSuY2kRKl2FfWq%2BFhVQZl4I0xGggIIeujY0PdQCPUI0SZO%2FIaD3j#detail
199,鸿星尔克正品运动鞋男2021冬季新品潮休闲皮面轻便气垫网面跑步鞋,https://click.simba.taobao.com/cc_im?priceTId=2150427117145568943728859e5383&p=%D4%CB%B6%AF%D0%AC&s=1201848783&k=1485&e=BX0clnxkpcLeTlJOnKRHq8l4OMZr%2B65euTVgSBuS3Ji1Me1aGUJxtjx6nnCfXYyW0qodu5cyn1JsxpjPUYtwAVHhWi92QlyoniFy9c6xyUCqEW490h4X8%2BL%2BKDNyozDwAy%2BSaqFpLU%2FDVI2BDNFip9YV0xbB0KC5qZ67Y%2BorBLs2kcwYFe1UmhCmFVmQHZFftRk77yA1QLtZDHiz1Jh17Qnv2JxntQNG%2Fs2%2BVHCOeQZG%2Ban%2BIruNFh7ECh9AqmvePVro6Jhh9Z47ghkHsL0uLLJz5GGMePE%2F4QQuszE2SvxC4GKak6p8jNJWxVOqbGpYK4wjRCVMTGn%2F%2Bva1wWYBVjPPjwU8%2B6WdpcGeU%2Bqof2PGRvQzEaH4MEVMsXrnfDJlLBsJg8hZtAFOCViU7vHU%2BKU%2FRlP4tm1ff%2BBr%2BWouw%2FoggVdl9UQM6KALys4juRPrFh3FMpnpgNZtGqY0wkiuOo37CZ6RaOhF6wnz18E9wrdpuPrccMmdZEBwdahiLFM0Zyz1cTAS68OQmenKotKkcuyMp6NyvUKjF%2FeM1Y2W4WmUilz%2F6otFHtCyeCnfkk2b746YACMSRZ%2BliVzleVvBkKYLO0jeEIFFOY%2FQptVJgJVpL5HgGtKncFPvDsy3YOyKF70zzdUQM2q2zFeplYDmi2RsMfpH3UuxJ9YrDgrzvCQ9CXWjLvVkIVr8Bh4ps82s1Y2j9tFwn5s7NLxqSCgDRIuVPA3Dpn1SGI%2BSgxeOt326G4ZpTWEmB%2FZdlChszjMOO8UwRVYWjl%2Fd5HimEZTZTG%2F%2BLxJ6AvtVocomRpbIwzRqvGGWdykGg4Z%2FW620HwGd5FCM22t3A4XLvQ0XFHbX5k49VjNwIICmx6illGZJwFkyQYyEmM6XL1inHm4FaBjK33CCidLjjz2UodkcinacxLV%2Bhps%2FIEUL6YbCmHKdJPftlYnOAPjNfc6QLfKof9ndqVv7l1UknhYfZJkk1wTqPYa1%2B0MSsh1fjeDHblHobvXuaz0JzyCu%2BdAhfZ2Y7ZLxxkb0MxGh%2BDAC2%2BJ%2BhY2BYA9pm2aHbuXplFcWFmq%2Bz2Niicsgp7J6klYbGUzBZ5aw8%2FKTLxcbLPFiCx8IEFoIwR1%2FheJYIMJReUtAz21%2FZ1KGEx0vChiCzgPHyi067Zord9V%2FviLAtM9gng%2BsafyKkSzXE1xlQaSsxWFUZgEV8H%2F9Nx2iXuC4xzl01i1QrNJGw7XWZo1pakTFTQpSGiKkJqcVsWIvTELXc4CN1zcQtuWWWxk6z82iZrOHKRiqmDuh8kV5%2FmPSDXBnn1AGdZf7YUcy58YkX%2BOT7gEbWUgAnSHxibjshFUMYqks%2Blu6%2BAxSk9V2nbtJd%2Fq%2B31UyemEG%2F9wgwawQz4IQ5k1D%2Fkk2H%2Fu2zFeplYDmi2RsMfpH3UuxBX9OA1owojDgYln33ss0DBxWel7%2BOVj9xICZAJ52YP9JtLyJEnM2o3At%2BQuMpdrBSXjAENzuRlY%3D
229,双星八特男鞋透气防臭运动鞋子男士休闲鞋2023春秋季新款旅游板鞋,https://click.simba.taobao.com/cc_im?priceTId=2150427117145568943728859e5383&p=%D4%CB%B6%AF%D0%AC&s=1201848783&k=1497&e=eTtl47b9Qi7eTlJOnKRHq8l4OMZr%2B65euTVgSBuS3Ji1Me1aGUJxtjx6nnCfXYyW0qodu5cyn1IKDBklut8xtjc4A93jOGkYn8q%2BI0Hrr7qqEW490h4X8%2BL%2BKDNyozDwAy%2BSaqFpLU%2FDVI2BDNFip9YV0xbB0KC5qZ67Y%2BorBLs2kcwYFe1UmhCmFVmQHZFftRk77yA1QLtZDHiz1Jh17Qnv2JxntQNG%2Fs2%2BVHCOeQZG%2Ban%2BIruNFh7ECh9AqmvePVro6Jhh9Z47ghkHsL0uLIzV1zULxk4o6YuEgV4gDot%2F7Nn1R16BqfdlZATRBXcb6271094lMH8ejwyABia9qg7rgCZvcvO6MlflCO6vX0mHGmlxLra%2FSpdECW3SPqtfa%2Fud6InQF3Ny2%2Bj9M2yLyVSnj6f24ROcMlflCO6vX0nC5qa8M%2F61LjTHEgwPPZW5wXILo9mN72PyNFCn%2BHSuQAwJgNZk8mNgQt9E6kB62xZlXP5gIsQ98d%2BwmaWvO1EUosji9JAKTwtrwf8AtOJuPHEkyBXVnzyeZAT1cmSBl4SED9mZgrq9DjOSEBVLeULkvc%2BcPfr2XhwTXGJfp5uPSesrUZm2t0B9rM%2Bl2h6WkscHVIzILvCb3vDUUd380WItpnKKYJRAqPLQd93K5fZHXOo8ofK1VD%2B7ONM%2Bpkryk9gWerask8sd2zADnUKiEizML4%2FTExNBmqQCoR9h6IN7mWv%2BHq4jCnPozDFCS6s53A4OCI2%2Fbqp%2FhbhgAabDT0PWJ1QwAZ4kV95fR%2B%2FlYFfgeQu1TByqVjqzeWXcviTu8SniZ%2FSeGB%2BIQw6EB5Xk0lKTHqPpHIaTmv3CQKBNCY7OiEXgWnZU6QRAXPRP8urT8mDe%2Fadqs2hJbdpDLR%2BdiKlVA8HTE0L0cjAdLmmAOpp52bTxSr4bgmRn7QUX1PLueM1ijSxvQlXYVkvAqgwn236qFMNPWSfptr14RKe0SrLFlZjXKOUeeGazEYRDQUCwwlU%2B6%2FnP61y1l67Fd028Fu7qfRxuMtdss2FnNon1BQBwqq1jsxniKojvSXlhIEITEcINw4opdCh6u64owFjRgfacNvtYCyb52nSYiEKI3E9AYjkW14yQVksBa%2Fud6InQF3Pgokg%2FU%2FiIrNejlA5JF04ZPTzYIldaDF%2F%2Fo70Yo4CEoYZQuT8D1EcD79PQVP7S2py6%2Bt%2FECiIyFmSQqxwTb9aBnVglzjFkOCnym0HZMrMpGfFv0ApZ0cfdNdqtYAgnR3ERJyVIze8v8%2FZTJyDlnipt1cKkQlPFkcZcZT2F0ObDP1%2BAHGeVnbLu6xAZ91HVQQAzAC5z%2FX5O%2Fy4%2BfhgTE3Roqjb6fMKxTsfiZAi9hAMpZmkvkeAa0qdwZe2rxzXeBX0dHofMiFUhl%2Btu9dPeJTB%2FIUfK96od1L8gODrlXorcwGGuIV4hWqQhwXILo9mN72ODnm32vKG9qc0%2FN%2BhH3O93b7bIB3RZFzJDNazr3t667g%3D%3D#detail
24,2024春季新款网面,//detail.tmall.com/item.htm?priceTId=2150427117145568943728859e5383&id=766032734973&ns=1&abbucket=1
75,回力男,//detail.tmall.com/item.htm?priceTId=2150427117145568943728859e5383&id=780191100969&ns=1&abbucket=1
119,特步男,//detail.tmall.com/item.htm?priceTId=2150427117145568943728859e5383&id=698208399445&ns=1&abbucket=1
139,中国乔丹休闲,//detail.tmall.com/item.htm?priceTId=2150427117145568943728859e5383&id=763577439039&ns=1&abbucket=1
99,回力男,//detail.tmall.com/item.htm?priceTId=2150427117145568943728859e5383&id=729534536125&ns=1&abbucket=1
149,中国乔丹板,//detail.tmall.com/item.htm?priceTId=2150427117145568943728859e5383&id=649417711497&ns=1&abbucket=1
89,回力男,//detail.tmall.com/item.htm?priceTId=2150427117145568943728859e5383&id=784339310137&ns=1&abbucket=1
89,贵人鸟男,//detail.tmall.com/item.htm?priceTId=2150427117145568943728859e5383&id=773383964932&ns=1&abbucket=1
29,莆田男,//detail.tmall.com/item.htm?priceTId=2150427117145568943728859e5383&id=784395549938&ns=1&abbucket=1
69,人本男,//detail.tmall.com/item.htm?priceTId=2150427117145568943728859e5383&id=771642760796&ns=1&abbucket=1
30,网红爆款男,//detail.tmall.com/item.htm?priceTId=2150427117145568943728859e5383&id=781793439706&ns=1&abbucket=1
590,SUN68意大利时尚小众复古休闲鞋舒适百搭低帮厚底跑步运动老爹鞋,https://click.simba.taobao.com/cc_im?priceTId=2150427117145569006301244e5383&p=%D4%CB%B6%AF%D0%AC&s=1048532949&k=1497&e=W8gSZNp7Z9SnHlZedaKqnHC6Mum%2BXpnJRam731kT7uggkGUgf3cf2whcRuEqHHLLgRgEXHFgTz%2Bb30BwhGrKOR8FeHZeTuDLbmGJv1uqcTs4NZj9v9doYkc5A4I1Dotd%2FsOc4ORKeEeccwqV1nky12lyG%2FwuFVS%2BXgKyKTfXEfHFLOqYvtyEtgenNOTUfBc%2FMFzPTdqS5VXq%2FVU%2Bexw3DYoTshLdofkGDh7iYX74IPYfXvETBJlaA5%2FbE%2BHmDvWdolod7xJuOwXGsSriPAhSg%2Bi9zbNcPD89R0ilJAY%2F61ExUOIXyGW3oGlBCVbop65pgHX%2FW48JvhDngHAGsBLyarYxAYyGrOkcK06zIXBs1EPz10gE5bySz2D5z9GRJQHvVdUSkMy2snaDLoC8GejUCrpFqdEnP5T2QdA%2FeUEYxH7UtQvmWNvzAQ7z0nfLomzHp1EQ43xDg%2FfBpjYIUajBZxbc9GA7d%2F1EjNzE1%2FGDQmkneYokJYmXMI7cXz7AQVV7QtMelv5AycXqwgaKgQS%2FKcmGK0FgsNT%2F95Q9hJKbZYYWD6zJenHjV1V4DRTbch5vAtgATnGNAszfADrN3yjcGN18vSXGDAW1SgjdV%2BWcjPp%2BzGwZ9LlRF7mRkfz%2FoBtkkd1ZZfJYZCFlqdDyklO79%2BrCBoqBBL8pQXan9Izm%2Fv2SZP4c8a4YGzMFJqkBezw4ukVaH%2BPqaeGvuAc56Gj0%2BakqGJbc%2BvpCS0is%2FZ%2BHSZy%2BY9u3kF1Lcx30%2FCOPARZODfSUqvP2ElG%2Bobc3JL3Cvkn1AKowqki1iw7LctJ0A5mBne0py%2Fzln%2BvEk2m2yA8m5HzjzfEYwMMse4V1phqxfxGLkrlYqAetcd%2Fb82%2B%2Fm5RQH85gCd%2Bv3BAixuPP%2FZDSisQD1voynjV%2FWPSjuoMDBExQ6IJfluAIgL28jVVnZphZa9BBY74nmt4m4UjTAQlbeJUyLLc9vWG3BEpd3cBPydspfoRTs%2BBGRhGjAnDf4ftlNLa9WCwtaNaniGZ5sMCAlFZm2%2BRMIwmh3nNAdT8cWEISk1hPLQt%2BOdEX55h%2BPfnLby3AZGqfBdeLabWY%2BkxxTnZhsXzixNbSsN5fJG3W6Un%2FcQpq7vC%2BUtBSClmISVvT81CORcPI%2FzztG91r2p6Rll69QrE2SFRaLdqcBue5qS5%2BWiKNbmTr69%2F%2Bvd4w3BkoK2WynPtFpYWMV9a4goKp6sIGioEEvylVNiG%2BMhRCuEzdIv%2FQAKP9N%2FpvsIWQJCsBsfZdloZa4I9Rde2%2FqNZRiDpKHZzMiH9cxr%2BSYW9NP7WpQ2Nekmlw3wA6zd8o3BjdfL0lxgwFtUoI3VflnIz6fsxsGfS5URe5kZH8%2F6AbZJHdWWXyWGQh78%2FloSawgn9AH3JCuD7UvYB1%2F1uPCb4QcnApnS5DeOIjD1gHkyR3HFrOiCElI0oTod5zQHU%2FHFhXMsvGARHK65eCNMRoICCHro2ND3UAj1CNEmTvyGg94w%3D%3D
229,双星八特男鞋透气防臭运动鞋子男士休闲鞋2023春秋季新款旅游板鞋,https://click.simba.taobao.com/cc_im?priceTId=2150427117145569006301244e5383&p=%D4%CB%B6%AF%D0%AC&s=1048532949&k=1497&e=fODo4fLN4CanHlZedaKqnHC6Mum%2BXpnJRam731kT7uggkGUgf3cf2whcRuEqHHLLgRgEXHFgTz9COstCSXQHmP0Zf0igyVF3J788OOw1Mzs4NZj9v9doYkc5A4I1Dotd%2FsOc4ORKeEeccwqV1nky12lyG%2FwuFVS%2BXgKyKTfXEfHFLOqYvtyEtgenNOTUfBc%2FMFzPTdqS5VXq%2FVU%2Bexw3DYoTshLdofkGDh7iYX74IPYfXvETBJlaA5%2FbE%2BHmDvWdolod7xJuOwXGsSriPAhSg%2Bi9zbNcPD89R0ilJAY%2F61ExUOIXyGW3oBDtqa%2Ft%2FcNrHWNsRirscTbM2LtrUkrRyjkfwvIadOSkLJ7gex5livY5YBgRqx%2B7EepxI%2BJ5HfEzfW4Vzj3Cid3xJxKxnjATMjqVnAo97EhPLJ7gex5livaC%2FCAPGwnG%2Fyc2RdXVBCXlYc89vdWKSQMpUn4151Gd71sTTjHRYxBDIn8GPRQ0AMKmMLYhsiKxX6LTvQzFGTbFpzIfLBY3CK5cajKTN920O%2FeaZ50SvCeD0emy8r%2FkWV4h5WhjxwO45UqjaWMr%2Fmbwd388dTMia97e5RfVRAn9M9d6oGz4yHHeGmdIYbN9Q41gtQP7AUBmSwKsjLEUYE5ND8SnC8GDm%2FcwRUZ%2B7NDkeeERIOKwg4oOQtgpJKzlF7LKJhPzhuPAAzkAfS1ZyUgRyIw7%2Fwred2QkZRnl16VkcVr8FjUn0Xa5zMTOKk8kHLpKeYdU6JUlmrfZ%2Bum8kC3QOXpEkQbr6txfaS9k7%2FsjVM7cIdHaQS55tBLmLgF%2Fe7wzpuBTZdjGn6L6m%2FyIOL4TQe9KL9EM8kkswUphu%2B6KFBvbadViLxWqmV3tr3ExT41%2FEPsBoEGLbqlG8xSHQSXn9613yHiKTO6QVwzRmWL06GNxkVOAcXAFdhAUouXpNRN7KNWoGYpqQ2XgcpDU%2F8sKj0kblIjRFqN8Ne%2BN6hHa%2FAqd3%2F4Kh0fgdpyIfDyqgyZ3QVM%2FiwAWizkClj%2F6NWyxGjsoNDEWNqXA1vuCZq0wsZ57U9FY8IZB8E%2BL2R6ahpxNKe0SkRf7HNEtzSMp0E4FdnthZ3997Xk8bj4lC4HW8JNcpNZm7yS4fW4Vzj3Cid0NYgqLwCkSd0K%2B6Q0eQqkG%2FXnOhGbLWr7CIT4X07b9kblV3EbPUqa75HE2MIST6ZKrEhvNYu172JY3xnAITshlVJyqIaIkWDS1Iz4CiHpdawi3ZjH%2BoCM55RNPkYxMMZDK52EyV2qHHD9dtEgL%2BIDuOf%2BSA3BXljqxpR2VGRPR01f2DFUD2Zj5eHyAaIr%2F3cX1O9IO%2BVda242AaN0zwrfjVVdkH9yi9l6xa0EZf8w24vqMw7sd1rvIIDe%2BFNP%2BoJWIu6S49A71DR1jbEYq7HE2Et7aZHX08Nu0uagfMMv02RAmGySvsDjrYc89vdWKSQMtRiU8RLpDrJeCNMRoICCHro2ND3UAj1CNEmTvyGg94w%3D%3D#detail
25,2024新款夏季透气飞织网面软底休闲,//detail.tmall.com/item.htm?priceTId=2150427117145569006301244e5383&id=779617376139&ns=1&abbucket=1
69,人本,//detail.tmall.com/item.htm?priceTId=2150427117145569006301244e5383&id=771645312585&ns=1&abbucket=1
139,361男,//detail.tmall.com/item.htm?priceTId=2150427117145569006301244e5383&id=735346201164&ns=1&abbucket=1
119,回力官方旗舰店男,//detail.tmall.com/item.htm?priceTId=2150427117145569006301244e5383&id=761553104164&ns=1&abbucket=1
79,回力男,//detail.tmall.com/item.htm?priceTId=2150427117145569006301244e5383&id=767862913250&ns=1&abbucket=1
85,回力男,//detail.tmall.com/item.htm?priceTId=2150427117145569006301244e5383&id=776487720133&ns=1&abbucket=1
89,贵人鸟女,//detail.tmall.com/item.htm?priceTId=2150427117145569006301244e5383&id=773683311534&ns=1&abbucket=1
69,人本椰子,//detail.tmall.com/item.htm?priceTId=2150427117145569006301244e5383&id=770666340934&ns=1&abbucket=1
24,男,//detail.tmall.com/item.htm?priceTId=2150427117145569006301244e5383&id=765902656922&ns=1&abbucket=1
79,回力男,//item.taobao.com/item.htm?priceTId=2150427117145569006301244e5383&id=726282533748&ns=1&abbucket=1#detail
132,贵人鸟男,//detail.tmall.com/item.htm?priceTId=2150427117145569006301244e5383&id=778108300950&ns=1&abbucket=1
179,安踏男,//detail.tmall.com/item.htm?priceTId=2150427117145569006301244e5383&id=702000663428&ns=1&abbucket=1
139,361小白,//detail.tmall.com/item.htm?priceTId=2150427117145568943728859e5383&id=766144134920&ns=1&abbucket=1
42,莆田椰子男,//detail.tmall.com/item.htm?priceTId=2150427117145568943728859e5383&id=704165839206&ns=1&abbucket=1
89,环球厚底老爹,//detail.tmall.com/item.htm?priceTId=2150427117145568943728859e5383&id=772649834180&ns=1&abbucket=1
129,361男,//detail.tmall.com/item.htm?priceTId=2150427117145568943728859e5383&id=760360700796&ns=1&abbucket=1
132,特步跑步,//detail.tmall.com/item.htm?priceTId=2150427117145568943728859e5383&id=731645966081&ns=1&abbucket=1
69,人本,//detail.tmall.com/item.htm?priceTId=2150427117145568943728859e5383&id=771691287421&ns=1&abbucket=1
79,回力男,//detail.tmall.com/item.htm?priceTId=2150427117145568943728859e5383&id=782473233434&ns=1&abbucket=1
89,回力男,//detail.tmall.com/item.htm?priceTId=2150427117145568943728859e5383&id=785050332956&ns=1&abbucket=1
149,特步男,//detail.tmall.com/item.htm?priceTId=2150427117145568943728859e5383&id=703492127538&ns=1&abbucket=1
79,回力男,//detail.tmall.com/item.htm?priceTId=2150427117145568943728859e5383&id=772634382348&ns=1&abbucket=1
23,男,//detail.tmall.com/item.htm?priceTId=2150427117145568943728859e5383&id=766042019961&ns=1&abbucket=1
25,莆田椰子350男,//detail.tmall.com/item.htm?priceTId=2150427117145568943728859e5383&id=696918427507&ns=1&abbucket=1
194,年轮2 龚俊361男,//detail.tmall.com/item.htm?priceTId=2150427117145568943728859e5383&id=749540103760&ns=1&abbucket=1
179,361度男,//detail.tmall.com/item.htm?priceTId=2150427117145568943728859e5383&id=769662428085&ns=1&abbucket=1
189,安踏厚底减震复古跑,//detail.tmall.com/item.htm?priceTId=2150427117145568943728859e5383&id=736634651484&ns=1&abbucket=1
139,匹克跑步,//detail.tmall.com/item.htm?priceTId=2150427117145568943728859e5383&id=712620847613&ns=1&abbucket=1
199,匹克休闲,//detail.tmall.com/item.htm?priceTId=2150427117145569006301244e5383&id=731762530196&ns=1&abbucket=1
109,361度男,//detail.tmall.com/item.htm?priceTId=2150427117145569006301244e5383&id=773615646797&ns=1&abbucket=1
109,回力官方旗舰店男,//detail.tmall.com/item.htm?priceTId=2150427117145569006301244e5383&id=778875436984&ns=1&abbucket=1
22,2024夏季新款透气网面篮球,//detail.tmall.com/item.htm?priceTId=2150427117145569006301244e5383&id=774256115401&ns=1&abbucket=1
129,新百伦男,//item.taobao.com/item.htm?priceTId=2150427117145569006301244e5383&id=747912806128&ns=1&abbucket=1#detail
21,男,//detail.tmall.com/item.htm?priceTId=2150427117145569006301244e5383&id=663766831431&ns=1&abbucket=1
75,回力男,//detail.tmall.com/item.htm?priceTId=2150427117145569006301244e5383&id=781999809609&ns=1&abbucket=1
119,回力官方旗舰店网面,//detail.tmall.com/item.htm?priceTId=2150427117145569006301244e5383&id=782708913211&ns=1&abbucket=1
27,新款,//detail.tmall.com/item.htm?priceTId=2150427117145569006301244e5383&id=779885849014&ns=1&abbucket=1
178,乔丹篮球,//detail.tmall.com/item.htm?priceTId=2150427117145569006301244e5383&id=768649867442&ns=1&abbucket=1
15,黑色,//detail.tmall.com/item.htm?priceTId=2150427117145569006301244e5383&id=775297192083&ns=1&abbucket=1
119,回力官方旗舰店男,//detail.tmall.com/item.htm?priceTId=2150427117145569006301244e5383&id=782026646705&ns=1&abbucket=1
21,男,//detail.tmall.com/item.htm?priceTId=2150427117145569006301244e5383&id=737804888924&ns=1&abbucket=1
89,环球官方旗舰店2024春夏季新款爆款网面老爹,//detail.tmall.com/item.htm?priceTId=2150427117145569006301244e5383&id=665063313761&ns=1&abbucket=1
129,中国乔丹,//detail.tmall.com/item.htm?priceTId=2150427117145569006301244e5383&id=624465645805&ns=1&abbucket=1
89,回力正品男,//item.taobao.com/item.htm?priceTId=2150427117145568943728859e5383&id=765744677064&ns=1&abbucket=1#detail
119,回力官方旗舰店男,//detail.tmall.com/item.htm?priceTId=2150427117145568943728859e5383&id=775872955544&ns=1&abbucket=1
129,回力官方旗舰店男,//detail.tmall.com/item.htm?priceTId=2150427117145568943728859e5383&id=782410246492&ns=1&abbucket=1
149,中国乔丹,//detail.tmall.com/item.htm?priceTId=2150427117145568943728859e5383&id=706722397416&ns=1&abbucket=1
129,特步光年丨男,//detail.tmall.com/item.htm?priceTId=2150427117145568943728859e5383&id=677903339194&ns=1&abbucket=1
147,特步逆袭1V2 | 外场篮球,//detail.tmall.com/item.htm?priceTId=2150427117145568943728859e5383&id=717635593899&ns=1&abbucket=1
29,断码男,//detail.tmall.com/item.htm?priceTId=2150427117145568943728859e5383&id=770429816445&ns=1&abbucket=1
79,回力男,//detail.tmall.com/item.htm?priceTId=2150427117145568943728859e5383&id=785788104490&ns=1&abbucket=1
18,夏季新款网面透气男,//detail.tmall.com/item.htm?priceTId=2150427117145568943728859e5383&id=779617072747&ns=1&abbucket=1
129,新百伦男,//item.taobao.com/item.htm?priceTId=2150427117145568943728859e5383&id=775455460090&ns=1&abbucket=1#detail
109,回力官方旗舰店,//detail.tmall.com/item.htm?priceTId=2150427117145568943728859e5383&id=758262114748&ns=1&abbucket=1
179,匹克沧澜休闲,//detail.tmall.com/item.htm?priceTId=2150427117145568943728859e5383&id=717973797301&ns=1&abbucket=1
79,回力男,//detail.tmall.com/item.htm?priceTId=2150427117145568943728859e5383&id=784787840163&ns=1&abbucket=1
58,双星阿甘休闲,//detail.tmall.com/item.htm?priceTId=2150427117145568943728859e5383&id=772540128785&ns=1&abbucket=1
129,新百伦男,//item.taobao.com/item.htm?priceTId=2150427117145568943728859e5383&id=760205572273&ns=1&abbucket=1#detail
99,回力男,//detail.tmall.com/item.htm?priceTId=2150427117145568943728859e5383&id=719608616126&ns=1&abbucket=1
49,清仓回力男,//detail.tmall.com/item.htm?priceTId=2150427117145568943728859e5383&id=710435960518&ns=1&abbucket=1
39,男,//detail.tmall.com/item.htm?priceTId=2150427117145569006301244e5383&id=688134071749&ns=1&abbucket=1
109,回力男,//detail.tmall.com/item.htm?priceTId=2150427117145569006301244e5383&id=783431794853&ns=1&abbucket=1
30,男,//detail.tmall.com/item.htm?priceTId=2150427117145569006301244e5383&id=704984131480&ns=1&abbucket=1
99,贵人鸟男,//detail.tmall.com/item.htm?priceTId=2150427117145569006301244e5383&id=773449187165&ns=1&abbucket=1
109,回力官方旗舰店,//detail.tmall.com/item.htm?priceTId=2150427117145569006301244e5383&id=769577645135&ns=1&abbucket=1
58,双星男,//detail.tmall.com/item.htm?priceTId=2150427117145569006301244e5383&id=773175303521&ns=1&abbucket=1
139,361度男,//detail.tmall.com/item.htm?priceTId=2150427117145569006301244e5383&id=770007757536&ns=1&abbucket=1
109,361气垫,//detail.tmall.com/item.htm?priceTId=2150427117145569006301244e5383&id=653512626712&ns=1&abbucket=1
79,人本,//detail.tmall.com/item.htm?priceTId=2150427117145569006301244e5383&id=770985614554&ns=1&abbucket=1
20,男,//detail.tmall.com/item.htm?priceTId=2150427117145569006301244e5383&id=775420166970&ns=1&abbucket=1
95,回力男,//detail.tmall.com/item.htm?priceTId=2150427117145569006301244e5383&id=785072218146&ns=1&abbucket=1
139,新百伦男,//item.taobao.com/item.htm?priceTId=2150427117145569006301244e5383&id=771188990763&ns=1&abbucket=1#detail
48,回力男,//detail.tmall.com/item.htm?priceTId=2150427117145569006301244e5383&id=784666231438&ns=1&abbucket=1
26,男,//detail.tmall.com/item.htm?priceTId=2150427117145569006301244e5383&id=654762438954&ns=1&abbucket=1
65,环球黑色跑步,//detail.tmall.com/item.htm?priceTId=2150427117145569006301244e5383&id=775090114349&ns=1&abbucket=1
99,361,//detail.tmall.com/item.htm?priceTId=2150427117145569006301244e5383&id=707604919101&ns=1&abbucket=1
69,环球跑步,//detail.tmall.com/item.htm?priceTId=2150427117145568943728859e5383&id=782688752298&ns=1&abbucket=1
79,回力男,//detail.tmall.com/item.htm?priceTId=2150427117145569006301244e5383&id=784747789313&ns=1&abbucket=1
79,回力男,//detail.tmall.com/item.htm?priceTId=2150427117145569006301244e5383&id=785782154046&ns=1&abbucket=1
590,SUN68意大利时尚小众复古休闲鞋舒适百搭低帮厚底跑步运动老爹鞋,https://click.simba.taobao.com/cc_im?priceTId=2150427117145569149912092e5383&p=%D4%CB%B6%AF%D0%AC&s=1313897183&k=1497&e=D83Qv1N5KMxe7SLv9mMPS82SBkm%2FbKi0dJdb%2BoYwPHCRum0pWMp2H3nzuZXSv8b04j%2FM36oRcHxGsW8k7mJZnktCXJBzOWLZ7ONjVygA1%2FbSdUvVLWXhBToGmIMravrG%2BllOTMclDGM%2BoT672GNK%2FFfGhHGvHPwVuaMsB%2FkGsxSxtTbW17kIoOlmmxWLhEk8JC8r8p9IRx7Z9KpbY%2FDc%2FRUSFgL8xQtaM8t1I60YxaQdBWTkrXXDx2UmE3Ag5EPH%2FEnt5S9lZQ1jZ8unYAVytT28d8%2BxUKoN06FjvS6ez6o5xjqG%2FUudk2fHKo9ONdfXZOVI07dEbAHnBoEfqmwGtzCM1yNVAbAqyVZX1DTnzQj7Bw%2BwHz8dRWI%2Fodxt9UCxhEMKrr3xTWlSpCBXldnJAulKBP%2F9N2dMvLpZXXgldA22jmlPUqBj8zgFl6Bcb9WlppwnIY%2FACBS6iMnjnYBWR7uFcOn0KR9VB5sTdu9%2BDmuIfZ0R0x%2Bwblvv%2BUUQixyD9C4VtcL7UQCn%2Fm21VuK5Ff1jt%2FXT8%2B2j%2FmNUzOU06yd%2Fnc3Mf%2FUsZH6n25G5hfKxDPDf9F8Q3A8g8KpTfwCXKMj92UTUtd9spYDpRBpR8luuas%2F%2Bh64kKrQBmE%2FiFzH4vZi2TaHzV9cF%2FMofArAI9Kf%2BbbVW4rkVfX6v2H5A6PBfjG%2B2vgrCuR9IfLF6QlCcjONanYZvrS6Guza3aPd9JBMfNsbtC3Nh5AWaubEVrEWOumtuwRpEDh28jOk86ifCGUqOGi9LML5JIHltZFiSGbiGzlbfahKykGkd2A3tIdDDJIogoXdYtHiyR1vprwwWmD0DeVcW6Z8Z5wSTa7y4Ys3mVyX0f1TezhsSNHm2cgzD7SFkR1zhXrQ7aZt9U%2BFpEJs4wDXMu5msBd6I%2Fjez2nLNvXI9hUZBUSF%2FVnICrVNlqpUEIyZaolnQhK6D6T%2F9nObZ9aGunGOP65YK35F6HBLDOzK5HFV8kdsaxmPmJfhspX4A3KE5GZhJ%2BQDuNDPmRan97eh5GCoTlOuvD2xdbCUan9%2FIFrr2aS2%2BXF%2FVWCLWMHY%2Fcy6vR9Q6KFnyfD%2FfG9A5mIgRNz2qNdeOd0WfSTvpSjjnsBk6yy05J4xfkvUCZr%2Bt8HMoiefsnGFxCwL3LNyVVs7lCHolNbdvOsODe7boX%2BLzQ0OIPhpTW4gL%2F0mP2YXkeAokSSh0qfqgJB%2BXp%2F5ttVbiuRVOa1zLuJpujjnnfMSZM5L9psbuxtqaJyV4XEkS%2FzGysDSy49UQ5aDdrnvHk6DN1OuFglse%2BZ4AR0rAZiNuIVYCIPCqU38AlyjI%2FdlE1LXfbKWA6UQaUfJbrmrP%2FoeuJCq0AZhP4hcx%2BL2Ytk2h81fX9rmJhxn017C0PG81S3Sj4GTlSNO3RGwBXqmEJ1D6fpmZekh4DOqwWmYi%2FvSyZRasE5Trrw9sXWyMSGbbZ6DMyLnVmLUZpAWOv2jHs27nzrJUk36rqmypog%3D%3D
199,鸿星尔克正品运动鞋男2021冬季新品潮休闲皮面轻便气垫网面跑步鞋,https://click.simba.taobao.com/cc_im?priceTId=2150427117145569149912092e5383&p=%D4%CB%B6%AF%D0%AC&s=1313897183&k=1485&e=yTLRyaMDihJe7SLv9mMPS82SBkm%2FbKi0dJdb%2BoYwPHCRum0pWMp2H3nzuZXSv8b04j%2FM36oRcHyCiSt2zso14199k1Fcuol%2BcugUfVnIDNDSdUvVLWXhBToGmIMravrG%2BllOTMclDGM%2BoT672GNK%2FFfGhHGvHPwVuaMsB%2FkGsxSxtTbW17kIoOlmmxWLhEk8JC8r8p9IRx7Z9KpbY%2FDc%2FRUSFgL8xQtaM8t1I60YxaQdBWTkrXXDx2UmE3Ag5EPH%2FEnt5S9lZQ1jZ8unYAVytYVx21FlEz28VltmOxTbGZ5Pufd%2FWoADBNJNLwGNqfPHe%2FhQJrgFqTZ9mCQnT6Sj5tZ88D7QJemXsfWGCdSGtPNay8MonrcmDZHRcrsM2qM9QLDd7WWZd5Sn7MQ9ZnM2eGaF3xYj98aX%2F6vqqZkezHiViRvrhS60YR6%2Fu6XWlQKr%2FHAl9T6TDr0nxjAVfZGrj%2FVxIOm9XjHclefZd8TP1LAYJ6mRB5sxyfBQCN6zNs14MvJ8ltMbQGT8SycIM9AntZ2ZZUCJT47vtd6ZKbUAlHYYhcTNyIpV2kHlX0Vcl10L%2FrQWiBW54wrq1uA45R72uNqka7WHrJzaXM1nen44wMyWQu7Ytabjxgt7s2Mcp3Pc3wykcfKuxxNteFGCxHsWASWyzDfaQS4S27mGxHpEpVKYa97jgEyJucTC24XFGQeHwfxnr2PU23rzIpJi82BTwHhNDNMha1DPAlj%2FFpq4vyAdvIzpPOonwhlKjhovSzC%2BSSB5bWRYkhm4hs5W32oSspBpHdgN7SHQwySKIKF3WLR4skdb6a8MFpg9A3lXFumfGecEk2u8uGLN5lcl9H9U3s4bEjR5tnIMw%2B0hZEdc4V47GOf3CqyDwBCbOMA1zLuZrAXeiP43s9pyzb1yPYVGQVEhf1ZyAq1TZaqVBCMmWqJZ0ISug%2Bk%2F%2FWCzpvliWlUSj%2BuWCt%2BRehxNLkEhICzfuiaqhxFPfXKJfZgkJ0%2Bko%2BaJwPffDZ7R7B3XfgxhSWBcsZcYvHhuCVFIMi9ugDnfYx9eke%2F71jL6gMeVge29R4B4XEkS%2FzGysGsHAGMfJTdnPVyh9MG0cA6WPSUBZBCceZI%2FOzXx8Zfq0QDgthl%2F69JzOrD%2BHsT%2Fp79ox7Nu586y5uKzx4lP0%2B7B8NC8yizePOsIr7IBUvE3l1o9Fea7htPwy%2FlDmK1vCd2RdoEo0BO%2BhNk20d8efuqJHVlMKhjkWXa%2Ftq6YumvDfvO4PF0sfOMTXICMgqGW6tY15e9%2Bm94T0O4Eo8YRB24LcQVJbxXCafMikmLzYFPAXYVslTgs276lgOlEGlHyW61nTi5P%2F7hfexNM9MlFbZl%2BdHdPT2E4hsKrpMw5re1N3AUO5sROMrZGHnDa3zzQLazTTvXQSsO9%2FdUPU%2Bv7oVddYM9PHuhbxARzez%2FpLcpVzxjWDOvVKloceoVfeCqTiXymdPGbscek6s1EPWbP5qo%3D
229,双星八特男鞋透气防臭运动鞋子男士休闲鞋2023春秋季新款旅游板鞋,https://click.simba.taobao.com/cc_im?priceTId=2150427117145569149912092e5383&p=%D4%CB%B6%AF%D0%AC&s=1313897183&k=1497&e=AVlLS2Gr35Fe7SLv9mMPS82SBkm%2FbKi0dJdb%2BoYwPHCRum0pWMp2H3nzuZXSv8b04j%2FM36oRcHw6ixrGbDTuD34WxpMOB9i4QFbH5AN%2FH3jSdUvVLWXhBToGmIMravrG%2BllOTMclDGM%2BoT672GNK%2FFfGhHGvHPwVuaMsB%2FkGsxSxtTbW17kIoOlmmxWLhEk8JC8r8p9IRx7Z9KpbY%2FDc%2FRUSFgL8xQtaM8t1I60YxaQdBWTkrXXDx2UmE3Ag5EPH%2FEnt5S9lZQ1jZ8unYAVytT28d8%2BxUKoN06FjvS6ez6o5xjqG%2FUudkxqGz4p5rPT3jkZU8SCzNIITOqUkXr8gx3AAtjLeIDJvTkDC1PFxjStbdpR5oPIBOSmvWtGFiBmzXzKYziR445kHnVK7z%2B5iLjtZfKXSCtgyTkDC1PFxjStekxa4kJRKxQqIWolVFoEvACB9R%2BpEO864wN69HNjcza4NJCtaGxutopPEr5dyprBnmX2EOWCBI14438VITkrkyV9NdfnFE18zN3UB0dkf7YuRqMoTcTDkGlnsn3Umm09DVsD24T%2BAXcveZ05PzzmD3D1hZ1KGuLRl9hPWEZ0G5FfwM9oBVfAYVMAbuiwxTxV6D9NZqRFtCXl1ZFLe4lveGr67mBusYPaupYodPXdjyyW6ZiEOCqNK0D893QJBCjlHCBKZqK%2FP5uP6s7zpEcrKnCQex8l9rJGg%2B31JbkZrrLFgWE3g6%2BgzJUr%2BzvqnynxFYPS3VAIeHUDuzAw0qbtUXZgRI9PmwmTo6xbsSZBIN4x%2FI5zPJUw4MsEBkQ4CiRy3hj5yfh9QpPRhNePDTz9S34zQeXiK5V0ECbOuLPulJHFyOOi1vhAYKOM7usk1QIkVQIUNkbKEFd2Si%2BAzkM81rVdJ%2B48%2BLC4JZEL4iTf72%2BjNJMyJciU1rARgy%2BTrGEkRPoFQf31ucUGRDOSnRNdVg0AlZGCHk2EHyYlH8YYpjcv%2FrmLH5aLv5ImA22KGVNI7qITEsggw9QilLRmXTBHpp9ZKOszBvjT7Q3ftK%2BTHoUy65Gd2XLmCAJGpJNmE8qUOgdz2ZbrcS2lhtwjWf6GcSwb16VohVwvCgqIAXgUVK6vApOyfZh09XzKYziR445klMP9vCFghfiZvo%2FvHdc5nKQSgSmMHo2s4L2vcd243x56cXUGNplNCodahh7DUuzHHZxY7UhvIYVRHqZ4GC%2BdoAvKappctS8%2B9n82yNX7t5IfZcpo4D62TW5a3sLFpnOZNU1CYN%2BCEPqas4D4NX0l6hvrOJ99n86F1WMJfpar6L3uPzBPML32wOwJIlWKABlm9zMPERc1EgoeDvHlk9u9LenNxwTQEo5oSJm%2FSzXeO0pZC7ti1puPG5arF5cTYB6zUzYjcG9MQ5I5GVPEgszSCXM1nen44wMzoXuU6AH0z2lrjNV%2F2PRifACB9R%2BpEO849QtlCd5IYP7nVmLUZpAWOv2jHs27nzrJUk36rqmypog%3D%3D#detail
149,中国乔丹板,//detail.tmall.com/item.htm?priceTId=2150427117145569149912092e5383&id=765690653116&ns=1&abbucket=1
58,双星男,//detail.tmall.com/item.htm?priceTId=2150427117145569149912092e5383&id=771416340424&ns=1&abbucket=1
109,361男,//detail.tmall.com/item.htm?priceTId=2150427117145569149912092e5383&id=731773292157&ns=1&abbucket=1
29,男,//detail.tmall.com/item.htm?priceTId=2150427117145569149912092e5383&id=699954532861&ns=1&abbucket=1
138,特步板,//detail.tmall.com/item.htm?priceTId=2150427117145569149912092e5383&id=734024626734&ns=1&abbucket=1
79,双星男,//item.taobao.com/item.htm?priceTId=2150427117145569149912092e5383&id=718734806775&ns=1&abbucket=1#detail
65,男,//detail.tmall.com/item.htm?priceTId=2150427117145569149912092e5383&id=614131442051&ns=1&abbucket=1
79,回力男,//detail.tmall.com/item.htm?priceTId=2150427117145569149912092e5383&id=779168069243&ns=1&abbucket=1
79,回力男,//detail.tmall.com/item.htm?priceTId=2150427117145569149912092e5383&id=782437861693&ns=1&abbucket=1
0,椰子,//item.taobao.com/item.htm?priceTId=2150427117145569149912092e5383&id=786007540815&ns=1&abbucket=1#detail
99,回力男,//detail.tmall.com/item.htm?priceTId=2150427117145569149912092e5383&id=782442994487&ns=1&abbucket=1
149,特步如逸,//detail.tmall.com/item.htm?priceTId=2150427117145569149912092e5383&id=697026211195&ns=1&abbucket=1
129,中国乔丹板,//detail.tmall.com/item.htm?priceTId=2150427117145569149912092e5383&id=740705396037&ns=1&abbucket=1
169,腾云361男,//detail.tmall.com/item.htm?priceTId=2150427117145569149912092e5383&id=743952721281&ns=1&abbucket=1
89,环球厚底老爹,//detail.tmall.com/item.htm?priceTId=2150427117145569149912092e5383&id=784464086111&ns=1&abbucket=1
79,环球透气男,//detail.tmall.com/item.htm?priceTId=2150427117145569149912092e5383&id=783461901740&ns=1&abbucket=1
69,环球黑色,//detail.tmall.com/item.htm?priceTId=2150427117145569149912092e5383&id=773583968249&ns=1&abbucket=1
68,贵人鸟,//item.taobao.com/item.htm?priceTId=2150427117145569149912092e5383&id=769748721721&ns=1&abbucket=1#detail
79,回力男,//detail.tmall.com/item.htm?priceTId=2150427117145569149912092e5383&id=761990092477&ns=1&abbucket=1
79,回力,//detail.tmall.com/item.htm?priceTId=2150427117145569149912092e5383&id=783883879417&ns=1&abbucket=1
29,华强回力,//item.taobao.com/item.htm?priceTId=2150427117145569149912092e5383&id=692321304794&ns=1&abbucket=1#detail
69,人本椰子,//detail.tmall.com/item.htm?priceTId=2150427117145569149912092e5383&id=770732169279&ns=1&abbucket=1
129,新百伦男,//item.taobao.com/item.htm?priceTId=2150427117145569149912092e5383&id=753399264129&ns=1&abbucket=1#detail
36,男,//detail.tmall.com/item.htm?priceTId=2150427117145569149912092e5383&id=723793704267&ns=1&abbucket=1
27,男,//detail.tmall.com/item.htm?priceTId=2150427117145569149912092e5383&id=774445446070&ns=1&abbucket=1
12,2024春季新款男款网,//detail.tmall.com/item.htm?priceTId=2150427117145569149912092e5383&id=774426699779&ns=1&abbucket=1
32,男,//detail.tmall.com/item.htm?priceTId=2150427117145569149912092e5383&id=774444810804&ns=1&abbucket=1
18,夏季冰丝男,//detail.tmall.com/item.htm?priceTId=2150427117145569149912092e5383&id=779572867431&ns=1&abbucket=1
79,环球,//detail.tmall.com/item.htm?priceTId=2150427117145569149912092e5383&id=779277550752&ns=1&abbucket=1
79,回力男,//detail.tmall.com/item.htm?priceTId=2150427117145569149912092e5383&id=782312762367&ns=1&abbucket=1
23,2024夏季,//detail.tmall.com/item.htm?priceTId=2150427117145569149912092e5383&id=775444457723&ns=1&abbucket=1
189,特步跳跳,//detail.tmall.com/item.htm?priceTId=2150427117145569149912092e5383&id=769091041679&ns=1&abbucket=1
169,特步驭桀板,//detail.tmall.com/item.htm?priceTId=2150427117145569149912092e5383&id=762073645065&ns=1&abbucket=1
119,361男,//detail.tmall.com/item.htm?priceTId=2150427117145569149912092e5383&id=728901387839&ns=1&abbucket=1
13,男,//detail.tmall.com/item.htm?priceTId=2150427117145569149912092e5383&id=784329526602&ns=1&abbucket=1
149,乔丹休闲,//detail.tmall.com/item.htm?priceTId=2150427117145569149912092e5383&id=769730358750&ns=1&abbucket=1
65,环球男,//detail.tmall.com/item.htm?priceTId=2150427117145569149912092e5383&id=706789051774&ns=1&abbucket=1
85,回力男,//detail.tmall.com/item.htm?priceTId=2150427117145569149912092e5383&id=776570332562&ns=1&abbucket=1
99,回力男,//detail.tmall.com/item.htm?priceTId=2150427117145569149912092e5383&id=724593790187&ns=1&abbucket=1
99,准者男,//detail.tmall.com/item.htm?priceTId=2150427117145569149912092e5383&id=753628604477&ns=1&abbucket=1
104,回力男,//detail.tmall.com/item.htm?priceTId=2150427117145569149912092e5383&id=769938136307&ns=1&abbucket=1
119,361,//detail.tmall.com/item.htm?priceTId=2150427117145569149912092e5383&id=781522282178&ns=1&abbucket=1
35,华强回力夏季网面男,//item.taobao.com/item.htm?priceTId=2150427117145569149912092e5383&id=675773348651&ns=1&abbucket=1#detail
49,男,//detail.tmall.com/item.htm?priceTId=2150427117145569149912092e5383&id=760184045239&ns=1&abbucket=1
79,回力男,//detail.tmall.com/item.htm?priceTId=2150427117145569149912092e5383&id=778899125951&ns=1&abbucket=1
