1,南极人（Nanjiren）运动套装春秋新款情侣开衫运动服休闲跑步健身卫衣 深蓝灰(男薄款)-82453 3XL,108.00,https://item.jd.com/33198110678.html
2,艾伦伯顿（Alen Botun）运动服套装男冰丝t恤跑步速干衣短袖夏季短裤健身训练篮球服装备 灰色两件套【冰丝 速干 透气】 XL,45.00,https://item.jd.com/10077203801975.html
3,纽凯森 NEWKKASEN健身衣服男女冰丝速干运动服套装夏季短袖T恤跑步装备篮球训练裤 黑灰 XL（体重65-75kg),39.00,https://item.jd.com/10077681179036.html
4,特步运动套装男装短裤男夏透气速干冰丝感跑步宽松男士T恤健身休闲服 黑色（两件套) L/175,78.00,https://item.jd.com/62565283366.html
5,安踏（ANTA）冰丝运动套装男2024夏季速干透气短袖t恤男休闲健身跑步运动服饰 -2雾灰绿【】 L/175,158.00,https://item.jd.com/11284750163.html
6,安踏运动套装男夏季速干透气男士短袖短裤五分裤跑步t恤两件套 纯净白/基础黑 XL,148.00,https://item.jd.com/10096644363781.html
7,艾伦伯顿（Alen Botun）健身服男跑步运动套装篮球春季速干衣高弹训练晨跑服紧身足球衣服 五件套（速干透气 四季可穿） M(115-130)斤,139.00,https://item.jd.com/17858507404.html
8,乔丹运动套装男夏季新款透气跑步健身篮球训练服短袖短裤速干两件套 丛影绿/黑色 XL,109.00,https://item.jd.com/10071587597938.html
9,361°运动套装女春夏季冰丝速干t恤短裤女士休闲跑步健身篮球训练衣服 本白/基础黑【速干】 M,79.00,https://item.jd.com/10071137158142.html
10,李宁（LI-NING）运动套装男夏季薄款冰丝透气速干短袖短裤休闲跑步篮球训练健身服 【速干】白色短袖+短裤 XL,106.00,https://item.jd.com/10097827294525.html
11,鸿星尔健身衣服男冰丝速干运动服套装夏季短袖T恤跑步篮球训练短裤夏天 黑绿套装【新款速干透气】 2XL,67.00,https://item.jd.com/10079455240603.html
12,匹克运动套装男夏季跑步运动休闲上衣裤子透气两件短袖短裤男DF142001,109.00,https://item.jd.com/100077801213.html
13,回力运动套装男春秋季立领夹克外套跑步健身服休闲卫直筒裤子男,169.00,https://item.jd.com/100061609796.html
14,安踏（ANTA）速干套装丨男运动短袖短裤夏跑步套装足球套装训练服两件套晨练服 【胸口小logo】基础黑7201-6 L/175,169.00,https://item.jd.com/10045561202906.html
15,线下同款安踏（ANTA）运动套装男春夏季透气吸湿速干薄款T恤短袖短裤休闲户外跑步健身 白色T恤7102-1+黑色裤子 L/男175,138.00,https://item.jd.com/10072911221242.html
16,【2件套】九灿运动套装男2022新款夏季速干透气大码肥佬男士短袖健身衣短裤五分裤跑步t恤两件套 白色 M（建议身高155-160）,59.00,https://item.jd.com/10045548779015.html
17,安踏（ANTA）运动套装男短袖t恤短裤两件套夏季款休闲运动服速干裤跑步健身服 -6绿豆色【】 L/175,148.00,https://item.jd.com/10077286736272.html
18,艾伦伯顿（Alen Botun）跑步运动套装夏季冰丝t恤男速干衣短袖短裤宽松篮球训练健身衣服 两件套灰【跑步 健身 排汗】 L【130-145斤】,59.00,https://item.jd.com/10080963139416.html
19,木林森运动套装男秋冬季连帽套头卫衣棉质加绒加厚保暖休闲两件套男士 开衫黑色-【常规款】 XL,156.02,https://item.jd.com/72213029092.html
20,李宁（LI-NING）运动套装男短袖短裤夏季健身跑步篮球训练衣服饰速干透气吸汗,115.00,https://item.jd.com/100046526718.html
21,皮尔卡丹（pierre cardin）夏季运动休闲套装男士高端冰丝速干短袖T恤长裤潮流帅气搭配一套 黑色375() XL 115(130斤,108.00,https://item.jd.com/10074415588002.html
22,线下同款李宁（LI-NING）运动套装男短袖裤子男夏季冰丝速干休闲男装户外跑步健身训练衣服 简约黑【速干】 XL(180),119.00,https://item.jd.com/49220922821.html
23,艾伦伯顿运动套装男速干健身衣跑步训练服羽毛球服春季乒乓球服网球马拉松 健身四件套【速干 透气 】渐变绿 L【130-145斤】,99.00,https://item.jd.com/10093492851356.html
24,艾伦伯顿健身服跑步运动套装男春季长袖速干衣体育篮球训练服高弹紧身骑行 三件套-科幻 XL 【145-160斤】,69.00,https://item.jd.com/10097391406984.html
25,皮尔卡丹男士卫衣套装春秋新款运动休闲时尚立领开衫外套长裤子百搭两件套 浅灰 5XL 180至195斤,68.00,https://item.jd.com/10085792149400.html
26,李宁速干套装运动套装男女同款新款跑步速干夏季冰丝透气衣短裤短袖 黑色短袖+短裤拉链 M/170(建议110斤-130斤),98.00,https://item.jd.com/10070147404866.html
27,李宁跑步运动套装男夏季冰丝速干t恤男士短裤休闲薄款短袖健身篮球服 白色套装（透气速干） XL,139.00,https://item.jd.com/10071495708698.html
28,艾伦伯顿（Alen Botun）冰丝运动套装男羽毛球服健身速干夏季乒乓球服T恤网球服球衣跑步 黑灰【冰丝 速干 透气】 2XL【体重145-160斤宽松】,45.00,https://item.jd.com/10077215694160.html
29,艾伦伯顿运动套装女夏季冰丝t恤马拉松跑步服大码速干衣短袖训练健身服 两件套-灰色 L【120-140斤】,59.00,https://item.jd.com/10096923854733.html
30,艾伦伯顿（Alen Botun）健身衣服男运动背心套装冰丝速干衣夏季跑步篮球训练无袖T恤装备 两件套-轻薄冰丝 2XL,49.00,https://item.jd.com/10076552760291.html
31,南极人（Nanjiren）运动套装春秋新款情侣开衫运动服休闲跑步健身卫衣 深蓝灰(男薄款)-82453 3XL,108.00,https://item.jd.com/33198110678.html
32,艾伦伯顿（Alen Botun）运动服套装男冰丝t恤跑步速干衣短袖夏季短裤健身训练篮球服装备 灰色两件套【冰丝 速干 透气】 XL,45.00,https://item.jd.com/10077203801975.html
33,李宁（LI-NING）运动套装男短袖短裤夏季健身跑步篮球训练衣服饰速干透气吸汗,115.00,https://item.jd.com/100046526718.html
34,特步运动套装男装短裤男夏透气速干冰丝感跑步宽松男士T恤健身休闲服 黑色（两件套) L/175,78.00,https://item.jd.com/62565283366.html
35,【2件套】九灿运动套装男2022新款夏季速干透气大码肥佬男士短袖健身衣短裤五分裤跑步t恤两件套 白色 M（建议身高155-160）,59.00,https://item.jd.com/10045548779015.html
36,361°运动套装女春夏季冰丝速干t恤短裤女士休闲跑步健身篮球训练衣服 本白/基础黑【速干】 M,79.00,https://item.jd.com/10071137158142.html
37,艾伦伯顿（Alen Botun）健身服男跑步运动套装篮球春季速干衣高弹训练晨跑服紧身足球衣服 五件套（速干透气 四季可穿） M(115-130)斤,139.00,https://item.jd.com/17858507404.html
38,艾伦伯顿（Alen Botun）健身衣服男运动背心套装冰丝速干衣夏季跑步篮球训练无袖T恤装备 两件套-轻薄冰丝 2XL,49.00,https://item.jd.com/10076552760291.html
39,鸿星尔健身衣服男冰丝速干运动服套装夏季短袖T恤跑步篮球训练短裤夏天 黑绿套装【新款速干透气】 2XL,67.00,https://item.jd.com/10079455240603.html
40,安踏运动套装男夏季速干透气男士短袖短裤五分裤跑步t恤两件套 纯净白/基础黑 XL,148.00,https://item.jd.com/10096644363781.html
41,李宁（LI-NING）运动套装男夏季薄款冰丝透气速干短袖短裤休闲跑步篮球训练健身服 【速干】白色短袖+短裤 XL,106.00,https://item.jd.com/10097827294525.html
42,安踏（ANTA）运动套装男短袖t恤短裤两件套夏季款休闲运动服速干裤跑步健身服 -6绿豆色【】 L/175,148.00,https://item.jd.com/10077286736272.html
43,木林森运动套装男秋冬季连帽套头卫衣棉质加绒加厚保暖休闲两件套男士 开衫黑色-【常规款】 XL,156.02,https://item.jd.com/72213029092.html
44,艾伦伯顿运动套装男速干健身衣跑步训练服羽毛球服春季乒乓球服网球马拉松 健身四件套【速干 透气 】渐变绿 L【130-145斤】,99.00,https://item.jd.com/10093492851356.html
45,李宁跑步运动套装男夏季冰丝速干t恤男士短裤休闲薄款短袖健身篮球服 白色套装（透气速干） XL,139.00,https://item.jd.com/10071495708698.html
46,皮尔卡丹（pierre cardin）夏季运动休闲套装男士高端冰丝速干短袖T恤长裤潮流帅气搭配一套 黑色375() XL 115(130斤,108.00,https://item.jd.com/10074415588002.html
47,线下同款李宁（LI-NING）运动套装男短袖裤子男夏季冰丝速干休闲男装户外跑步健身训练衣服 简约黑【速干】 XL(180),119.00,https://item.jd.com/49220922821.html
48,艾伦伯顿（Alen Botun）冰丝运动套装男羽毛球服健身速干夏季乒乓球服T恤网球服球衣跑步 黑灰【冰丝 速干 透气】 2XL【体重145-160斤宽松】,45.00,https://item.jd.com/10077215694160.html
49,Caiumblo瑜伽服女运动套装女五件套健身服跑步运动户外训练带胸垫速干衣裤 浅灰五件套 2XL（建议体重128-145斤）,179.00,https://item.jd.com/10081961254794.html
50,安踏（ANTA）冰丝运动套装男2024夏季速干透气短袖t恤男休闲健身跑步运动服饰 -2雾灰绿【】 L/175,158.00,https://item.jd.com/68907807268.html
51,专例速干训练服体育生训练套装短袖田径男女跑步套装健身篮球运动服 白色套装(冰丝短袖+速干短裤) 2XL 130-145斤,48.00,https://item.jd.com/10096620860685.html
52,匹克运动套装男夏季跑步运动休闲上衣裤子透气两件短袖短裤男DF142001,109.00,https://item.jd.com/100077801213.html
53,爱心东东啄木鸟冰丝速干套装男夏季宽松大码男士休闲运动套装潮牌短袖两件套 灰色 2XL140斤-155斤,80.00,https://item.jd.com/10054815274832.html
54,艾伦伯顿运动套装女夏季冰丝t恤马拉松跑步服大码速干衣短袖训练健身服 两件套-灰色 L【120-140斤】,59.00,https://item.jd.com/10096923854733.html
55,皮尔卡丹男士卫衣套装春秋新款运动休闲时尚立领开衫外套长裤子百搭两件套 浅灰 5XL 180至195斤,68.00,https://item.jd.com/10085792149400.html
56,线下同款安踏（ANTA）运动套装男春夏季透气吸湿速干薄款T恤短袖短裤休闲户外跑步健身 白色T恤7102-1+黑色裤子 L/男175,138.00,https://item.jd.com/10072911221242.html
57,艾伦伯顿（Alen Botun）跑步运动套装夏季冰丝t恤男速干衣短袖短裤宽松篮球训练健身衣服 两件套灰【跑步 健身 排汗】 L【130-145斤】,59.00,https://item.jd.com/10080963139416.html
58,李宁凉茶套装丨速干T恤短裤跑步运动套装男春夏新款健身排湿速干户外 黑色两件套【冰丝速干透气】-1 L,153.00,https://item.jd.com/10099584638504.html
59,艾伦伯顿健身服跑步运动套装男春季长袖速干衣体育篮球训练服高弹紧身骑行 三件套-科幻 XL 【145-160斤】,69.00,https://item.jd.com/10097391406984.html
60,李宁速干套装运动套装男女同款新款跑步速干夏季冰丝透气衣短裤短袖 黑色短袖+短裤拉链 M/170(建议110斤-130斤),98.00,https://item.jd.com/10070147404866.html
