id,name,bianju,language,times,data,url
1,肖申克的救赎,弗兰克·德拉邦特;斯蒂芬·金,英语,142,一场谋杀案使银行家安迪（蒂姆•罗宾斯 Tim Robbins 饰）蒙冤入狱，谋杀妻子及其情人的指控将囚禁他终生。在肖申克监狱的首次现身就让监狱“大哥”瑞德（摩根•弗里曼 Morgan Freeman 饰）对他另眼相看。瑞德帮助他搞到一把石锤和一幅女明星海报，两人渐成患难 之交。很快，安迪在监狱里大显其才，担当监狱图书管理员，并利用自己的金融知识帮助监狱官避税，引起了典狱长的注意，被招致麾下帮助典狱长洗黑钱。偶然一次，他得知一名新入狱的小偷能够作证帮他洗脱谋杀罪。燃起一丝希望的安迪找到了典狱长，希望他能帮自己翻案。阴险伪善的狱长假装答应安迪，背后却派人杀死小偷，让他唯一能合法出狱的希望泯灭。沮丧的安迪并没有绝望，在一个电闪雷鸣的风雨夜，一场暗藏几十年的越狱计划让他自我救赎，重获自由！老朋友瑞德在他的鼓舞和帮助下，也勇敢地奔向自由。本片获得1995年奥斯卡10项提名，以及金球奖、土星奖等多项提名。,https://movie.douban.com/subject/1292052/
2,霸王别姬,芦苇;李碧华,汉语普通话,171,段小楼（张丰毅）与程蝶衣（张国荣）是一对打小一起长大的师兄弟，两人一个演生，一个饰旦，一向配合天衣无缝，尤其一出《霸王别姬》，更是誉满京城，为此，两人约定合演一辈子《霸王别姬》。但两人对戏剧与人生关系的理解有本质不同，段小楼深知戏非人生，程蝶衣则是人戏不分。段小楼在认为该成家立业之时迎娶了名妓菊仙（巩俐），致使程蝶衣认定菊仙是可耻的第三者，使段小楼做了叛徒，自此，三人围绕一出《霸王别姬》生出的爱恨情仇战开始随着时代风云的变迁不断升级，终酿成悲剧。,https://movie.douban.com/subject/1291546/
3,阿甘正传,埃里克·罗思;温斯顿·格鲁姆,英语,142,阿甘（汤姆·汉克斯 饰）于二战结束后不久出生在美国南方阿拉巴马州一个闭塞的小镇，他先天弱智，智商只有75，然而他的妈妈是一个性格坚强的女性，她常常鼓励阿甘“傻人有傻福”，要他自强不息。阿甘像普通孩子一样上学，并且认识了一生的朋友和至爱珍妮（罗宾·莱特·潘 饰），在珍妮 和妈妈的爱护下，阿甘凭着上帝赐予的“飞毛腿”开始了一生不停的奔跑。阿甘成为橄榄球巨星、越战英雄、乒乓球外交使者、亿万富翁，但是，他始终忘不了珍妮，几次匆匆的相聚和离别，更是加深了阿甘的思念。有一天，阿甘收到珍妮的信，他们终于又要见面……,https://movie.douban.com/subject/1292720/
4,泰坦尼克号,詹姆斯·卡梅隆,英语 / 意大利语 / 德语 / 俄语,194,1912年4月10日，号称 “世界工业史上的奇迹”的豪华客轮泰坦尼克号开始了自己的处女航，从英国的南安普顿出发驶往美国纽约。富家少女罗丝（凯特•温丝莱特）与母亲及未婚夫卡尔坐上了头等舱；另一边，放荡不羁的少年画家杰克（莱昂纳多·迪卡普里奥）也在码头的一场赌博中赢得了下等舱的船票。罗丝厌倦了上流社会虚伪的生活，不愿嫁给卡尔，打算投海自尽，被杰克救起。很快，美丽活泼的罗丝与英俊开朗的杰克相爱，杰克带罗丝参加下等舱的舞会、为她画像，二人的感情逐渐升温。1912年4月14日，星期天晚上，一个风平浪静的夜晚。泰坦尼克号撞上了冰山，“永不沉没的”泰坦尼克号面临沉船的命运，罗丝和杰克刚萌芽的爱情也将经历生死的考验。,https://movie.douban.com/subject/1292722/
5,千与千寻,宫崎骏,日语,125,千寻和爸爸妈妈一同驱车前往新家，在郊外的小路上不慎进入了神秘的隧道——他们去到了另外一个诡异世界—一个中世纪的小镇。远处飘来食物的香味，爸爸妈妈大快朵颐，孰料之后变成了猪！这时小镇上渐渐来了许多样子古怪、半透明的人。千寻仓皇逃出，一个叫小白的人救了他，喂了她阻止身体消 失的药，并且告诉她怎样去找锅炉爷爷以及汤婆婆，而且必须获得一份工作才能不被魔法变成别的东西。千寻在小白的帮助下幸运地获得了一份在浴池打杂的工作。渐渐她不再被那些怪模怪样的人吓倒，并从小玲那儿知道了小白是凶恶的汤婆婆的弟子。一次，千寻发现小白被一群白色飞舞的纸人打伤，为了救受伤的小白，她用河神送给她的药丸驱出了小白身体内的封印以及守封印的小妖精，但小白还是没有醒过来。为了救小白，千寻又踏上了她的冒险之旅。,https://movie.douban.com/subject/1291561/
6,这个杀手不太冷,吕克·贝松,英语 / 意大利语 / 法语,110,里昂（让·雷诺饰）是名孤独的职业杀手，受人雇佣。一天，邻居家小姑娘马蒂尔达（纳塔丽·波特曼饰)敲开他的房门，要求在他那里暂避杀身之祸。原来邻居家的主人是警方缉毒组的眼线，只因贪污了一小包毒品而遭恶警（加里·奥德曼饰）杀害全家的惩罚。马蒂尔达得到里昂的留救，幸免于难，并留在里昂那里。里昂教小女孩使枪，她教里昂法文，两人关系日趋亲密，相处融洽。女孩想着去报仇，反倒被抓，里昂及时赶到，将女孩救回。混杂着哀怨情仇的正邪之战渐次升级，更大的冲突在所难免……,https://movie.douban.com/subject/1295644/
7,美丽人生,温琴佐·切拉米;罗伯托·贝尼尼,意大利语 / 德语 / 英语,116,犹太青年圭多（罗伯托·贝尼尼）邂逅美丽的女教师多拉（尼可莱塔·布拉斯基），他彬彬有礼的向多拉鞠躬：“早安！公主！”。历经诸多令人啼笑皆非的周折后，天遂人愿，两人幸福美满的生活在一起。然而好景不长，法西斯政权下，圭多和儿子被强行送往犹太人集中营。多拉虽没有犹太血统，毅然同行，与丈夫儿子分开关押在一个集中营里。聪明乐天的圭多哄骗儿子这只是一场游戏，奖品就是一辆大坦克，儿子快乐、天真的生活在纳粹的阴霾之中。尽管集中营的生活艰苦寂寞，圭多仍然带给他人很多快乐，他还趁机在纳粹的广播里问候妻子：“早安！公主！”法西斯政权即将倾覆，纳粹的集中营很快就要接受最后的清理，圭多编给儿子的游戏该怎么结束？他们一家能否平安的度过这黑暗的年代呢？,https://movie.douban.com/subject/1292063/
8,星际穿越,乔纳森·诺兰;克里斯托弗·诺兰,英语,169,近未来的地球黄沙遍野，小麦、秋葵等基础农作物相继因枯萎病灭绝，人类不再像从前那样仰望星空，放纵想象力和灵感的迸发，而是每日在沙尘暴的肆虐下倒数着所剩不多的光景。在家务农的前NASA宇航员库珀（马修·麦康纳 Matthew McConaughey 饰）接连在女儿墨菲（麦肯吉·弗依 Mackenzie Foy 饰）的书房发现奇怪的重力场现象，随即得知在某个未知区域内前NASA成员仍秘密进行一个拯救人类的计划。多年以前土星附近出现神秘虫洞，NASA借机将数名宇航员派遣到遥远的星系寻找适合居住的星球。在布兰德教授（迈克尔·凯恩 Michael Caine 饰）的劝说下，库珀忍痛告别了女儿，和其他三名专家教授女儿艾米莉亚·布兰德（安妮·海瑟薇 Anne Hathaway 饰）、罗米利（大卫·吉雅西 David Gyasi 饰）、多伊尔（韦斯·本特利 Wes Bentley 饰）搭乘宇宙飞船前往目前已知的最有希望的三颗星球考察。他们穿越遥远的星系银河，感受了一小时七年光阴的沧海桑田，窥见了未知星球和黑洞的壮伟与神秘。在浩瀚宇宙的绝望而孤独角落，总有一份超越了时空的笃定情怀将他们紧紧相连……,https://movie.douban.com/subject/1889243/
9,盗梦空间,克里斯托弗·诺兰,英语 / 日语 / 法语,148,道姆·柯布（莱昂纳多·迪卡普里奥 Leonardo DiCaprio 饰）与同事阿瑟（约瑟夫·戈登-莱维特 Joseph Gordon-Levitt 饰）和纳什（卢卡斯·哈斯 Lukas Haas 饰）在一次针对日本能源大亨齐藤（渡边谦 饰）的盗梦行动中失败，反被齐藤利用。齐藤威逼利诱因遭通缉而流亡海外的柯布帮他拆分他竞争对手的公司，采取极端措施在其唯一继承人罗伯特·费希尔（希里安·墨菲 Cillian Murphy 饰）的深层潜意识中种下放弃家族公司、自立门户的想法。为了重返美国，柯布偷偷求助于岳父迈尔斯（迈克尔·凯恩 Michael Caine 饰），吸收了年轻的梦境设计师艾里阿德妮（艾伦·佩吉 Ellen Page 饰）、梦境演员艾姆斯（汤姆·哈迪 Tom Hardy 饰）和药剂师约瑟夫（迪利普·劳 Dileep Rao 饰）加入行动。在一层层递进的梦境中，柯布不仅要对付费希尔潜意识的本能反抗，还必须直面已逝妻子梅尔（玛丽昂·歌迪亚 Marion Cotillard 饰）的处处破坏，实际情况远比预想危险得多……,https://movie.douban.com/subject/3541415/
10,辛德勒的名单,托马斯·肯尼利;斯蒂文·泽里安,英语 / 希伯来语 / 德语 / 波兰语,195,1939年，波兰在纳粹德国的统治下，党卫军对犹太人进行了隔离统治。德国商人奥斯卡·辛德勒（连姆·尼森 Liam Neeson 饰）来到德军统治下的克拉科夫，开设了一间搪瓷厂，生产军需用品。凭着出众的社交能力和大量的金钱，辛德勒和德军建立了良好的关系，他的工厂雇用犹太人工作，大发战争财。1943年，克拉科夫的犹太人遭到了惨绝人寰的大屠杀，辛德勒目睹这一切，受到了极大的震撼，他贿赂军官，让自己的工厂成为集中营的附属劳役营，在那些疯狂屠杀的日子里，他的工厂也成为了犹太人的避难所。1944年，德国战败前夕，屠杀犹太人的行动越发疯狂，辛德勒向德军军官开出了1200人的名单，倾家荡产买下了这些犹太人的生命。在那些暗无天日的岁月里，拯救一个人，就是拯救全世界。,https://movie.douban.com/subject/1295124/
11,楚门的世界,安德鲁·尼科尔,英语,103,楚门（金•凯瑞 Jim Carrey 饰）是一个平凡得不能再平凡的人，除了一些有些稀奇的经历之外——初恋女友突然失踪、溺水身亡的父亲忽然似乎又出现在眼前，他和绝大多数30多岁的美国男人绝无异样。这令他倍感失落。他也曾试过离开自己生活了多年的地方，但总因种种理由而不能成行。直到有一天，他忽然发觉自己似乎一直在被人跟踪，无论他走到哪里，干什么事情。这种感觉愈来愈强烈。楚门决定不惜一切代价逃离这个他生活了30多年的地方，去寻找他的初恋女友。但他却发现自己怎样也逃不出去。真相其实很残忍。,https://movie.douban.com/subject/1292064/
12,忠犬八公的故事,斯蒂芬·P·林赛;新藤兼人,英语 / 日语,93,八公（Forest 饰）是一条谜一样的犬，因为没有人知道它从哪里来。教授帕克（理查·基尔 Richard Gere 饰）在小镇的火车站拣到一只走失的小狗，冥冥中似乎注定小狗和帕克教授有着某种缘分，帕克一抱起这只小狗就再也放不下来，最终，帕克对小狗八公的疼爱感化了起初极力反对养狗的妻子卡特（琼·艾伦 Joan Allen 饰）。八公在帕克的呵护下慢慢长大，帕克上班时八公会一直把他送到车站，下班时八公也会早早便爬在车站等候，八公的忠诚让小镇的人家对它更加疼爱。有一天，八公在帕克要上班时表现异常，居然玩起了以往从来不会的捡球游戏，八公的表现让帕克非常满意，可是就是在那天，帕克因病去世。帕克的妻子、女儿安迪（萨拉·罗默尔 Sarah Roemer 饰）及女婿迈克尔（罗比·萨布莱特 Robbie Sublett 饰）怀着无比沉痛的心情埋葬了帕克，可是不明就里的八公却依然每天傍晚五点准时守候在小站的门前，等待着主人归来……本片根据上个世纪30年代发生在日本的真实故事改编，1987年在日本拍成电影后创造了40亿日元的票房。,https://movie.douban.com/subject/3011091/
13,海上钢琴师,亚历山德罗·巴里科;朱塞佩·托纳多雷,英语 / 法语 / 意大利语,165,本片讲述了一个钢琴天才传奇的一生。1900年，Virginian号豪华邮轮上，一个孤儿被遗弃在头等舱，由船上的水手抚养长大，取名1900（蒂姆•罗斯 饰）。1900慢慢长大，显示出了无师自通的非凡钢琴天赋，在船上的乐队表演钢琴，每个听过他演奏的人，都被深深打动。爵士乐鼻祖杰尼听说了1900的高超技艺，专门上船和他比赛，最后自叹弗如，黯然离去。可惜，这一切的事情都发生在海上，1900从来不愿踏上陆地，直到有一天，他爱上了一个女孩，情愫在琴键上流淌。他会不会为了爱情，踏上陆地开始新的生活，用他的琴声惊艳世界？他将怎样谱写自己非凡的人生。,https://movie.douban.com/subject/1292001/
14,三傻大闹宝莱坞,维德胡·维诺德·乔普拉;拉吉库马尔·希拉尼;阿希贾特·乔希,印地语 / 乌尔都语 / 英语,171,本片根据印度畅销书作家奇坦·巴哈特（Chetan Bhagat）的处女作小说《五点人》（Five Point Someone）改编而成。法兰（马德哈万 R Madhavan 饰）、拉杜（沙曼·乔希 Sharman Joshi 饰）与兰乔（阿米尔·汗 Aamir Khan 饰）是皇家工程学院的学生，三人共居一室，结为好友。在以严格著称的学院里，兰乔是个非常与众不同的学生，他不死记硬背，甚至还公然顶撞校长“病毒”（波曼·伊拉尼 Boman Irani 饰），质疑他的教学方法。他不仅鼓动法兰与拉杜去勇敢追寻理想，还劝说校长的二女儿碧雅（卡琳娜·卡普 Kareena Kapoor 饰）离开满眼铜臭的未婚夫。兰乔的特立独行引起了模范学生“消音器”（奥米·维嘉 Omi Vaidya 饰）的不满，他约定十年后再与兰乔一决高下，看哪种生活方式更能取得成功。本片获孟买电影博览奖最佳影片、最佳导演、最佳配角（波曼·伊拉尼）、最佳剧本等六项大奖，并获国际印度电影协会最佳影片、最佳导演、最佳剧情、最佳摄影等十六项大奖。,https://movie.douban.com/subject/3793023/
15,放牛班的春天,乔治·沙普罗;勒·惠勒;诺埃-诺尔;克里斯托夫·巴哈蒂;菲利普·洛佩斯-屈瓦尔,法语,97,1949年的法国乡村，音乐家克莱门特（热拉尔·朱尼奥 饰）到了一间外号叫“塘低”的男子寄宿学校当助理教师。学校里的学生大部分都是难缠的问题儿童，体罚在这里司空见惯，学校的校长（弗朗索瓦·贝莱昂 饰）只顾自己的前途，残暴高压。性格沉静的克莱门特尝试用自己的方法改善这种状况，他重新创作音乐作品，组织合唱团，决定用音乐的方法来打开学生们封闭的心灵。然而，事情并不顺利，克莱门特发现学生皮埃尔·莫安琦（让-巴蒂斯特·莫尼耶 饰）拥有非同一般的音乐天赋，但是单亲家庭长大的他，性格异常敏感孤僻，怎样释放皮埃尔的音乐才能，让克莱门特头痛不已；同时，他与皮埃尔母亲的感情也渐渐微妙起来。,https://movie.douban.com/subject/1291549/
16,机器人总动员,安德鲁·斯坦顿;吉姆·里尔顿;彼特·道格特,英语,98,公元2805年，人类文明高度发展，却因污染和生活垃圾大量增加使得地球不再适于人类居住。地球人被迫乘坐飞船离开故乡，进行一次漫长无边的宇宙之旅。临行前他们委托Buynlarge的公司对地球垃圾进行清理，该公司开发了名为WALL·E（Waste Allocation Load Lifters – Earth 地球废品分装员）的机器人担当此重任。这些机器人按照程序日复一日、年复一年辛勤工作，但随着时间的流逝和恶劣环境的侵蚀，WALL·E们接连损坏、停止运动。最后只有一个仍在进行这项似乎永无止境的工作。经历了漫长的岁月，它开始拥有了自己的意识。它喜欢将收集来的宝贝小心翼翼藏起，喜欢收工后看看几百年前的歌舞片，此外还有一只蟑螂朋友作伴。直到有一天，一艘来自宇宙的飞船打破了它一成不变的生活……本片荣获2009年第81届奥斯卡最佳动画长片奖。,https://movie.douban.com/subject/2131459/
17,疯狂动物城,拜伦·霍华德;瑞奇·摩尔;杰拉德·布什;吉姆·里尔顿;乔西·特立尼达;菲尔·约翰斯顿;珍妮弗·李,英语 / 挪威语,109,故事发生在一个所有哺乳类动物和谐共存的美好世界中，兔子朱迪（金妮弗·古德温 Ginnifer Goodwin 配音）从小就梦想着能够成为一名惩恶扬善的刑警，凭借着智慧和努力，朱迪成功的从警校中毕业进入了疯狂动物城警察局，殊不知这里是大型肉食类动物的领地，作为第一只，也是唯一的小型食草类动物，朱迪会遇到怎样的故事呢？近日里，城中接连发生动物失踪案件，就在全部警员都致力于调查案件真相之时，朱迪却被局长（伊德瑞斯·艾尔巴 Idris Elba 配音）发配成为了一名无足轻重的交警。某日，正在执勤的兔子遇见了名为尼克（杰森·贝特曼 Jason Bateman 配音）的狐狸，两人不打不相识，之后又误打误撞的接受了寻找失踪的水獭先生的任务，如果不能在两天之内找到水獭先生，朱迪就必须自愿离开警局。朱迪找到了尼克，两人联手揭露了一个隐藏在疯狂动物城之中的惊天秘密。,https://movie.douban.com/subject/25662329/
18,无间道,麦兆辉;庄文强,粤语,101,1991年，香港黑帮三合会会员刘健明（刘德华）听从老大韩琛（曾志伟）的吩咐，加入警察部队成为黑帮卧底，韩琛许诺刘健明会帮其在七年后晋升为见习督察。1992年，警察训练学校优秀学员陈永仁（梁朝伟）被上级要求深入到三合会做卧底，终极目标是成为韩琛身边的红人。2002年，两人都不负重望，也都身背重压，刘健明渐想成为一个真正的好人，陈永仁则盼着尽快回归警察身份。重案组从陈永仁手中获悉一批毒品交易情报，锁紧目标人物韩琛，没料情报被刘健明泄出，双方行动均告失败。但此事将双方均有卧底的事实暴露，引发双方高层清除内鬼的决心。命运迥异又相似的刘健明和陈永仁开始在无间道的旅程中接受严峻考验。,https://movie.douban.com/subject/1307914/
19,控方证人,阿加莎·克里斯蒂;比利·怀尔德;哈里·库尼兹,英语 / 德语,116,伦敦著名刑案辩护律师韦菲爵士（查尔斯•劳顿 Charles Laughton 饰）接受了心脏病治疗，但是身体依旧虚弱，第一天回家休养，护士一直严厉监督他服药，并杜绝烟酒。管家为了便于上楼，还专门为他修了电梯。但是，种种关心照顾，对于这位桀骜不驯、牙尖嘴利的大律师根本不起作用，反倒是一纸诉状令他倍感兴奋。律师梅休和当事人沃尔（泰隆•鲍华 Tyrone Power饰）登门拜访，请他出山打官司。原来，沃尔结识了富婆，两人相见甚欢，虽然仆人对他发明的打蛋器充满鄙夷，但是富婆却对他充满爱意，甚至为他修改了遗嘱，把8万英镑留给了他。然而，富婆却惨遭毒手。于是，沃尔成为警方的头号嫌疑犯。他的唯一证人是妻子克里斯汀（玛琳•黛德丽 Marlene Dietrich饰），然而后者登门时的冷漠与淡定，令韦菲爵士怀疑这其中另有隐情。在扑朔迷离的案件背后，隐藏着一个个环环相扣、不可告人的秘密……本片改编自阿加莎•克里斯蒂同名小说。,https://movie.douban.com/subject/1296141/
20,大话西游之大圣娶亲,刘镇伟;吴承恩,粤语 / 汉语普通话,95,至尊宝（周星驰 饰）被月光宝盒带回到五百年前，遇见紫霞仙子（朱茵 饰），被对方打上烙印成为对方的人，并发觉自己已变成孙悟空。紫霞与青霞（朱茵 饰）本是如来佛祖座前日月神灯的灯芯（白天是紫霞，晚上是青霞），二人虽然同一肉身却仇恨颇深，因此紫霞立下誓言，谁能拔出她手中的紫青宝剑，谁就是她的意中人。紫青宝剑被至尊宝于不经意间拔出，紫霞决定以身相许，却遭一心记挂白晶晶（莫文蔚 饰）的至尊宝拒绝。后牛魔王救下迷失在沙漠中的紫霞，并逼紫霞与他成婚，关键时刻，至尊宝现身。,https://movie.douban.com/subject/1292213/
21,熔炉,黄东赫;孔枝泳,韩语,125,来自首尔的哑语美术老师仁浩（孔宥 饰）来到雾津，应聘慈爱聋哑人学校。天降大雾，他意外撞车，维修时邂逅了人权组织成员柔珍（郑有美 饰）。仁浩妻子早亡，8岁女儿天生哮喘由祖母照看，所以他不辞辛苦谋职养家。然而，双胞胎的校长与教导主任竟逼仁浩索贿5千万韩元。同时，仁浩逐渐发现学校笼罩着一种紧张压抑的气氛，令人窒息。有三个孩子引人关注：聪颖的金妍斗（金贤秀 饰）、贪吃的陈宥利（郑仁絮 饰）和弟弟自杀身亡的全民秀（白承焕 饰），民秀总是满脸淤青。下课后，仁浩还听到女厕所中有呼喊与哭泣，在门卫的阻拦下他未深究。之后。他意外目睹了校长行贿警察，教导员毒打民秀，宿导溺罚妍斗的行径。一个惊天的隐秘被慢慢揭开，真相令韩国震惊……本片取材于2005年光州一所聋哑障碍人学校的真实事件，改编自韩国作家孔枝泳的同名小说。,https://movie.douban.com/subject/5912992/
22,教父,马里奥·普佐;弗朗西斯·福特·科波拉,英语 / 意大利语 / 拉丁语,175,40年代的美国，“教父”维托·柯里昂（马龙·白兰度 饰）是黑手党柯里昂家族的首领，带领家族从事非法的勾当，但同时他也是许多弱小平民的保护神，深得人们爱戴。因为拒绝了毒枭索洛索的毒品交易要求，柯里昂家族和纽约其他几个黑手党家族的矛盾激化。圣诞前夕，索洛索劫持了“教父”的参谋汤姆，并派人暗杀“教父”；因为内奸的出卖，“教父”的大儿子逊尼被仇家杀害；小儿子麦克（阿尔·帕西诺 饰）也被卷了进来，失去爱妻。黑手党家族之间的矛盾越来越白热化。年老的“教父”面对丧子之痛怎样统领全局？黑手党之间的仇杀如何落幕？谁是家族的内奸？谁又能够成为新一代的“教父”？血雨腥风和温情脉脉，在这部里程碑式的黑帮史诗巨片里真实上演。,https://movie.douban.com/subject/1291841/
23,触不可及,奥利维埃·纳卡什;埃里克·托莱达诺,法语,112,因为一次跳伞事故，白人富翁菲利普Philippe（弗朗索瓦·克鲁塞 François Cluzet 饰）瘫痪在床，欲招聘一名全职陪护。由于薪酬高，应聘者云集，个个舌灿莲花，却无法打动他的心。直到黑人德希斯Driss（奥玛·赛 Omar Sy 饰）的出现才让他作出决定。德希斯刚从监狱出来，背负家庭重担，一心只想寻张辞退信以申领救济金，而且他明显对女助理的兴趣要远大于这份工作。但是菲利普还是一眼相中了这个小伙子。于是，德希斯开始了一个月的试用期。虽然舒适的豪宅环境让他倍感虚荣，但是他仍面临很多挑战：不仅要为菲利普作身体复健，还得给他洗浴、灌肠、拆信、穿丝袜等。起初，两人的思维方式与价值观大相径庭，但是，随着了解的不断深入，他们成为了朋友……本片取材于真实事件，获2011年东京电影节最佳影片金麒麟奖，弗朗索瓦·克鲁塞与奥玛·赛分享影帝桂冠。,https://movie.douban.com/subject/6786002/
24,当幸福来敲门,斯蒂夫·康拉德,英语 / 粤语,117,克里斯•加纳（威尔·史密斯 Will Smith 饰）用尽全部积蓄买下了高科技治疗仪，到处向医院推销，可是价格高昂，接受的人不多。就算他多努力都无法提供一个良好的生活环境给妻儿，妻子（桑迪·牛顿 Thandie Newton 饰）最终选择离开家。从此他带着儿子克里斯托夫（贾登·史密斯 Jaden Smith 饰）相依为命。克里斯好不容易争取回来一个股票投资公司实习的机会，就算没有报酬，成功机会只有百分之五，他仍努力奋斗，儿子是他的力量。他看尽白眼，与儿子躲在地铁站里的公共厕所里，住在教堂的收容所里…… 他坚信，幸福明天就会来临。,https://movie.douban.com/subject/1849031/
25,寻梦环游记,阿德里安·莫利纳;马修·奥尔德里奇;李·昂克里奇;詹森·卡茨,英语 / 西班牙语,105,热爱音乐的米格尔（安东尼·冈萨雷兹 Anthony Gonzalez 配音）不幸地出生在一个视音乐为洪水猛兽的大家庭之中，一家人只盼着米格尔快快长大，好继承家里传承了数代的制鞋产业。一年一度的亡灵节即将来临，每逢这一天，去世的亲人们的魂魄便可凭借着摆在祭坛上的照片返回现世和生者团圆。在一场意外中，米格尔竟然穿越到了亡灵国度之中，在太阳升起之前，他必须得到一位亲人的祝福，否则就将会永远地留在这个世界里。米格尔决定去寻找已故的歌神德拉库斯（本杰明·布拉特 Benjamin Bratt 配音），因为他很有可能就是自己的祖父。途中，米格尔邂逅了落魄乐手埃克托（盖尔·加西亚·贝纳尔 Gael García Bernal 配音），也渐渐发现了德拉库斯隐藏已久的秘密。,https://movie.douban.com/subject/20495023/
26,末代皇帝,贝纳尔多·贝托鲁奇;马克·派普罗,英语 / 汉语普通话 / 日语,163,溥仪（尊龙 饰）的一生在电影中娓娓道来。他从三岁起登基，年幼的眼光中只有大臣身上的一只蝈蝈，江山在他心中只是一个不明所以的名词。长大了，他以为可以变革，却被太监一把火烧了朝廷账本。他以为自己是大清江山的主人，却做了日本人的傀儡。解放后，他坐上了从苏联回来的火车，身边是押送监视他的解放军。他猜测自己难逃一死，便躲在狭小的卫生间里，割脉自杀。然而他没有死在火车上，命运的嘲笑还在等着他。文革的风风雨雨，在他身上留下了斑斑伤痕。,https://movie.douban.com/subject/1293172/
27,龙猫,宫崎骏,日语,86,小月的母亲生病住院了，父亲带着她与四岁的妹妹小梅到乡间的居住。她们对那里的环境都感到十分新奇，也发现了很多有趣的事情。她们遇到了很多小精灵，她们来到属于她们的环境中，看到了她们世界中很多的奇怪事物，更与一只大大胖胖的龙猫成为了朋友。龙猫与小精灵们利用他们的神奇力量，为小月与妹妹带来了很多神奇的景观，令她们大开眼界。妹妹小梅常常挂念生病中的母亲，嚷着要姐姐带着她去看母亲，但小月拒绝了。小梅竟然自己前往，不料途中迷路了，小月只好寻找她的龙猫及小精灵朋友们帮助。,https://movie.douban.com/subject/1291560/
28,怦然心动,罗伯·莱纳;安德鲁·沙因曼;文德琳·范·德拉安南,英语,90,布莱斯（卡兰•麦克奥利菲 Callan McAuliffe 饰）全家搬到小镇，邻家女孩朱丽（玛德琳•卡罗尔 Madeline Carroll 饰）前来帮忙。她对他一见钟情，心愿是获得他的吻。两人是同班同学，她一直想方设法接近他，但是他避之不及。她喜欢爬在高高的梧桐树上看风景。但因为施工，树被要被砍掉，她誓死捍卫，希望他并肩作战，但是他退缩了。她的事迹上了报纸，外公对她颇有好感，令他十分困惑。她凭借鸡下蛋的项目获得了科技展第一名，成了全场焦点，令他黯然失色。她把自家鸡蛋送给他，他听家人怀疑她家鸡蛋不卫生，便偷偷把鸡蛋丢掉。她得知真相，很伤心，两人关系跌入冰点。她跟家人诉说，引发争吵。原来父亲一直攒钱照顾傻弟弟，所以生活拮据。她理解了父母，自己动手，还得到了他外公的鼎力相助。他向她道歉，但是并未解决问题。他开始关注她。鸡蛋风波未平，家庭晚宴与午餐男孩评选又把两人扯在了一起……,https://movie.douban.com/subject/3319755/
29,活着,芦苇;余华,汉语普通话,132,根据余华同名小说改编。富少福贵（葛优）嗜赌成性，妻子家珍（巩俐）屡劝无果后带着女儿凤霞离开了他，当夜，福贵输光所有家产气死父亲，被迫靠变卖母亲首饰租间破屋过活。一年后，家珍手拉凤霞怀抱刚出世的儿子有庆回到家中，福贵痛改前非，开始靠演皮影戏过起安份守己的日子。但好景不常，内战时期，福贵被国民党抓去当劳工，一番辗转终回到家乡与一家人团圆后，凤霞因病变成哑巴，而在后来的大跃进运动和文化大革命中，他虽获某些小福，逆境却也一直与他如影相随。,https://movie.douban.com/subject/1292365/
30,哈利·波特与魔法石,史蒂夫·克洛夫斯;J. K. 罗琳,英语,152,哈利波特是一个孤儿，从小寄养在姨妈家，受尽欺凌。但就在哈利11岁生日的时候，他意外收到了霍格沃茨学院的入学通知书。哈利从该学院派来接他的巨人海格口中得知，这是一间魔法学院，并得知了自己的身世，原来哈利的父母都是伟大的魔法师，在对付伏地魔的战斗中双双献身，唯有哈利幸免于难。哈利进入霍格沃茨后，表现出了超乎想象的飞行天赋，得到麦格教授的推荐进入了格兰芬多的魁地奇球队。另一方面，哈利发现霍格沃茨学院内有一股黑暗势力似乎在暗暗滋长，揭开谜团的关键就在有凶恶的三头犬守护的房间内。哈利、罗恩和赫敏三个好朋友决定探个究竟。,https://movie.douban.com/subject/1295038/
31,蝙蝠侠：黑暗骑士,乔纳森·诺兰;克里斯托弗·诺兰;大卫·S·高耶,英语 / 汉语普通话,152,从亲眼目睹父母被人杀死的阴影中走出来的“蝙蝠侠”，经历了成长之后，已经不再是那个桀骜不的孤单英雄了。在警官吉姆·戈登和检查官哈维·登特的通力帮助下，“蝙蝠侠”无后顾之忧地继续满世界的奔波，与日益增长起来的犯罪威胁做着永无休止的争斗，而他所在的高谭市，也是进展最为明显的地方，犯罪率以一种惊人的速度持续下降着，毕竟对方是能够上天入地的“蝙蝠侠”，不借两个胆子谁还敢造次呢？不过像高谭这种科技与污秽并存的城市，平静是不可能维持太久的，果不其然，新一轮的混乱很快就席卷了整个城市，人们再一被被恐慌所笼罩着，而声称愿意为这一切负责的，自然就是所有混乱的源头以及支配者--“小丑”了。先不管“小丑”掀起一个又一个犯罪的狂潮的最终目的为何，他的企图都是邪恶的，所作所为更是早就危害到了高谭市民的正常生活……其中自然包括了“蝙蝠侠”身边几个非常重要的人，而他需要做的，就是将这股新的危机全部亲自用手捏得粉碎。然而在面对着这个有史以来最具针对性、最恶毒的对手时，“蝙蝠侠”却不得不从他的地下军械库里搬出每一件能够用得上的高科技武器，还得时刻纠结着为他曾经信仰的一切寻找答案。,https://movie.douban.com/subject/1851857/
32,指环王3：王者无敌,弗兰·威尔士;菲利帕·鲍恩斯;彼得·杰克逊;J.R.R.托尔金,英语 / 昆雅语 / 古英语 / 辛达林语,201,魔幻战争逐渐进入高潮阶段。霍比特人佛罗多（伊利亚·伍德 Elijah Wood 饰）携带着魔戒，与伙伴山姆（西恩·奥斯汀 Sean Astin 饰）以及狡猾阴暗的咕噜等前往末日山，一路上艰难险阻不断，魔君索伦为阻止魔戒被销毁用尽全力阻挠。另一方面，白袍巫师甘道夫（伊恩·麦克莱恩 Ian McKellen 饰）率中土勇士们镇守刚铎首都——白城米那斯提里斯。魔兽大军压境，黑暗与光明的决战即将来临……本片是“指环王三部曲”的终结篇，根据英国作家J.R.R.托尔金（J.R.R. Tolkien）同名魔幻巨著《指环王》（The Lord of the Rings）改编，并荣获2004年第76届奥斯卡最佳影片、最佳导演、最佳改编剧本、最佳剪辑、最佳艺术指导、最佳服装设计、最佳化妆、最佳视觉效果、最佳音效、最佳配乐和最佳歌曲等11项大奖。,https://movie.douban.com/subject/1291552/
33,我不是药神,韩家女;钟伟;文牧野,汉语普通话 / 英语 / 上海话 / 印地语,117,普通中年男子程勇（徐峥 饰）经营着一家保健品店，失意又失婚。不速之客吕受益（王传君 饰）的到来，让他开辟了一条去印度买药做“代购”的新事业，虽然困难重重，但他在这条“买药之路”上发现了商机，一发不可收拾地做起了治疗慢粒白血病的印度仿制药独家代理商。赚钱的同时，他也认识了几个病患及家属，为救女儿被迫做舞女的思慧（谭卓 饰）、说一口流利“神父腔”英语的刘牧师（杨新鸣 饰），以及脾气暴烈的“黄毛”（章宇 饰），几个人合伙做起了生意，利润倍增的同时也危机四伏。程勇昔日的小舅子曹警官（周一围 饰）奉命调查仿制药的源头，假药贩子张长林（王砚辉 饰）和瑞士正牌医药代表（李乃文 饰）也对其虎视眈眈，生意逐渐变成了一场关于救赎的拉锯战。本片改编自慢粒白血病患者陆勇代购抗癌药的真实事迹。,https://movie.douban.com/subject/26752088/
34,乱世佳人,玛格丽特·米切尔;西德尼·霍华德;奥利弗·H·P·加勒特;本·赫克特;乔·斯沃林;约翰·范·德鲁登,英语,233,美国南北战争前夕，南方农场塔拉庄园的千金斯嘉丽（费雯·丽 Vivien Leigh 饰）爱上了另一个农场主的儿子艾希礼（莱斯利·霍华德 Leslie Howard 饰），遭到了拒绝，为了报复，她嫁给了自己不爱的男人，艾希礼妻子梅兰妮（奥利维娅·德哈维兰 Olivia de Havilland 饰）的弟弟查尔斯。战争期间，斯嘉丽成为寡妇，失去母亲，挑起生活的重担， 不再是当初的千金小姐；战争结束后，她又两度为人妻，嫁给了爱她多年的投机商人瑞德（克拉克·盖博 Clark Gable 饰）。然而，纵使经历了生活的艰苦，斯嘉丽对艾希礼的感情仍然没有改变。艾希礼妻子梅兰妮的去世，给了斯嘉丽一个机会，一边是深爱自己的丈夫瑞德，一边是心心念念多年的艾希礼？斯嘉丽会给自己怎样一个不一样的明天？,https://movie.douban.com/subject/1300267/
35,飞屋环游记,彼特·道格特;鲍勃·彼德森;汤姆·麦卡锡,英语,96,小男孩卡尔（Carl Fredricksen）怀揣着对于冒险的热爱偶遇假小子艾丽（Ellie），而艾丽把整个屋子当成一艘大飞船游戏居然使他对这个女孩子有些着迷，相同的爱好最终使两个人成为了一生的爱侣。他们有一个梦想，那就是有朝一日要去南美洲的“仙境瀑布”探险，但直到艾丽去世，这个梦想也未能实现。终于有一天，曾经专卖气球的老人卡尔居然用五颜六色的气球拽着他的房子飞上了天空，他决定要去实现他们未曾实现的梦想。令卡尔始料不及的是，门廊居然搭上了一个自称是“荒野开拓者”的小男孩小罗（Russell），小罗的喋喋不休让卡尔对这个小胖墩格外讨厌。一老一少在飞行中经过了千难万险终于看到了传说中的“仙境瀑布”，在相处过程中卡尔发现小罗其实是个惹人怜爱的孩子。在步行穿越一座森林时，他们遇到了不会飞的大鸟凯文（Kevin）和一只会说话的狗狗逗逗（Dug），让老人惊讶的是他们还遇到了他少年的崇拜偶像——探险家查尔斯·蒙兹（Charles Muntz），而且他发现蒙兹居然是一个为达目的不择手段的坏人。这时，老人离自己的梦想之地只有一步之遥……本片荣获第82届奥斯卡最佳动画长片、最佳配乐2项大奖。,https://movie.douban.com/subject/2129039/
36,素媛,金智慧;曹重勋;金成旭,韩语,122,她（李来 饰）是一个美丽平凡的小女孩，和爸爸妈妈生活在位于街角的家中。家里经营着以她的名字素媛命名的杂货店，母亲（严智媛 饰）作为老板娘日夜忙碌不得闲暇，父亲则在工厂干着繁重的工作。在那个飘雨的早上，素媛打着雨伞独自上学。在离学校近在咫尺的地方，她遭遇一个相貌猥琐、酒气冲天的大叔，由此开启了她的悲剧之旅。柔嫩的小花遭到暴风雨无情摧残，受伤的岂止枝枝叶叶，更是那迎着阳光无忧成长的心。无良媒体铺天盖地大肆渲染，作为受害者的素媛一家仿佛成了周身污秽的耻辱之人，被四周诧异好奇的目光所包围。妈妈悲痛欲绝，几近崩溃。爸爸全力保护女儿，但受伤的小天使却拒绝爸爸的靠近。问凶之路伴随着天使的治愈旅程，美丽的女孩可会再露灿烂笑容？,https://movie.douban.com/subject/21937452/
37,十二怒汉,雷金纳德·罗斯,英语,96,一个在贫民窟长大的18岁少年因为涉嫌杀害自己的父亲被告上法庭，证人言之凿凿，各方面的证据都对他极为不利。十二个不同职业的人组成了这个案件的陪审团，他们要在休息室达成一致的意见，裁定少年是否有罪，如果罪名成立，少年将会被判处死刑。十二个陪审团成员各有不同，除了8号陪审员（H enry Fonda 饰）之外，其他人对这个犯罪事实如此清晰的案子不屑一顾，还没有开始讨论就认定了少年有罪。8号陪审员提出了自己的“合理疑点”，耐心地说服其他的陪审员，在这个过程中，他们每个人不同的人生观也在冲突和较量……,https://movie.douban.com/subject/1293182/
38,哈尔的移动城堡,宫崎骏,日语,119,继母因无力负担生活，将苏菲和她的两个妹妹都送到了制帽店去当学徒。两个妹妹很快先后就离开了制帽店去追寻各自的梦想，只有苏菲坚持了下来。一天，小镇旁边来了一座移动堡垒，传说堡垒的主人哈尔专吸取年青姑娘的灵魂，所以小镇的姑娘都不敢靠近。一个恶毒的巫婆为了报复苏菲与哈尔见面，用巫术把她变成了一个80岁的老太婆，而且苏菲还不能对别人说出自己身中的巫术。无奈，苏菲决定独自一人逃离小镇。天黑了，虚弱的苏菲没走多远，来到了移动城堡。心想自己已经是老太婆了，苏菲壮着胆子走进了城堡。不想，遇到了和她遭遇相同的火焰魔。两人约定彼此帮助对方打破各自的咒语……,https://movie.douban.com/subject/1308807/
39,让子弹飞,朱苏进;述平;姜文;郭俊立;危笑;李不空;马识途,汉语普通话 / 四川话 / 山西话,132,民国年间，花钱捐得县长的马邦德（葛优 饰）携妻（刘嘉玲 饰）及随从走马上任。途经南国某地，遭劫匪张麻子（姜文 饰）一伙伏击，随从尽死，只夫妻二人侥幸活命。马为保命，谎称自己是县长的汤 师爷。为汤师爷许下的财富所动，张麻子摇身一变化身县长，带着手下赶赴鹅城上任。有道是天高皇帝远，鹅城地处偏僻，一方霸主黄四郎（周润发 饰）只手遮天，全然不将这个新来的县长放在眼里。张麻子痛打了黄的武教头（姜武 饰），黄则设计害死张的义子小六（张默 饰）。原本只想赚钱的马邦德，怎么也想不到竟会被卷入这场土匪和恶霸的角力之中。鹅城上空愁云密布，血雨腥风在所难免……本片根据马识途的小说《夜谭十记》中的《盗官记》一章改编。,https://movie.douban.com/subject/3742360/
40,何以为家,娜丁·拉巴基;吉哈德·霍加里;米歇尔·凯塞尔瓦尼;乔治斯·哈巴兹;哈立德·穆扎纳,阿拉伯语 / 阿姆哈拉语,126,法庭上，十二岁的男孩赞恩向法官状告他的亲生父母，原因是，他们给了他生命。是什么样的经历让一个孩子做出如此不可思议的举动？故事中，赞恩的父母在无力抚养和教育的状况下依然不停生育，作为家中的长子赞恩，弱小的肩膀承担了无数生活的重压。当妹妹被强行卖给商贩为妻时，赞恩愤怒离家，之后遇到一对没有合法身份的母子，相互扶持勉强生活。然而生活并没有眷顾赞恩，重重磨难迫使他做出了令人震惊的举动……,https://movie.douban.com/subject/30170448/
41,摔跤吧！爸爸,比于什·古普塔;施热亚·简;尼基尔·麦罗特拉;涅提·蒂瓦里,印地语 / 英语,161,马哈维亚（阿米尔·汗 Aamir Khan 饰）曾经是一名前途无量的摔跤运动员，在放弃了职业生涯后，他最大的遗憾就是没有能够替国家赢得金牌。马哈维亚将这份希望寄托在了尚未出生的儿子身上，哪知道妻子接连给他生了两个女儿，取名吉塔（法缇玛·萨那·纱卡 Fatima Sana Shaikh 饰）和巴比塔（桑亚·玛荷塔 Sanya Malhotra 饰）。让马哈维亚没有想到的是，两个姑娘展现出了杰出的摔跤天赋，让他幡然醒悟，就算是女孩，也能够昂首挺胸的站在比赛场上，为了国家和她们自己赢得荣誉。就这样，在马哈维亚的指导下，吉塔和巴比塔开始了艰苦的训练，两人进步神速，很快就因为在比赛中连连获胜而成为了当地的名人。为了获得更多的机会，吉塔进入了国家体育学院学习，在那里，她将面对更大的诱惑和更多的选择。,https://movie.douban.com/subject/26387939/
42,猫鼠游戏,杰夫·内桑森,英语 / 法语,141,弗兰克（莱昂纳多·迪卡普里奥 Leonardo DiCaprio饰）是FBI有史以来年龄最小的通缉犯。他的犯罪手段神通广大，伪装身份的能力超乎常人，全美各地几乎都留下他的犯罪足迹。乔装医生、律师、飞行员，统统都是他曾经的身份。当然，弗兰克凭着这个“本领”，骗取了高达几百万的金额。活得逍遥快乐的弗兰克这次又成功伪造了一份学历证明，去医院做起了大夫。弗兰克不但在这里认识了护士布雷达（艾米·亚当斯 Amy Adams饰），二人擦出爱火花，还通过布雷达的父亲得到了一份检察官助理的优差。然而，这只是暴风雨前夕——一双眼睛已经盯住了弗兰克，誓要把他绳之于法不可。这就是FBI探员卡尔（汤姆·汉克斯 Tom Hanks饰）。在研究追捕弗兰克的过程中，卡尔领教到这个犯罪天才的过人智商。他屡次被弗兰克这个黄毛小子捉弄，心里又恨又不得不佩服。每当弗兰克有惊无险地从他的精心布局中逃脱时，这个猫鼠游戏显得有趣起来……,https://movie.douban.com/subject/1305487/
43,天空之城,宫崎骏,日语,125,古老帝国拉普达是一座漂浮在空中的巨大的机器岛，传说那里已经无人居住，蕴藏着巨大的财富。因此，无论军方还是海盗，都在找寻着这座传说中的飞行岛。矿工巴鲁这天偶遇拉普达继承人希达，两人一见如故。因为希达身上有找寻拉普达帝国的重要物件飞行石，军方和海盗两帮人马都在追杀希达。巴鲁带着希达一起逃亡，最终都没有逃出军方的手中，希达被军队掳走了。为救朋友，只能选择与海盗合作。巴鲁与海盗成功救出了希达，同时，他们也发现了军方的邪恶计划。为了阻止军方邪恶计划的实施，他们和海盗一起踏上了寻找拉普达之旅。,https://movie.douban.com/subject/1291583/
44,鬼子来了,姜文;史建全;述平;尤凤伟,汉语普通话 / 日语 / 唐山话,139,第二次世界大战期间，中国河北挂甲台村的农民马大三（姜文饰）在日本人的统治下过着平静的生活。一个晚上，游击队绑架了日军陆军士兵花屋小三郎（香川照之饰）和翻译董汉臣，把他们捆绑塞入麻袋放在马大三家里，并吩咐马好好看管，几天后的大年三十来带人。马大三和村民战战兢兢地看守两人，花屋小三郎和董汉臣数次发出求救信号，皆被村民化解。半年过去了，村民们担心事情暴露，却又不敢把花屋等放了。马大三最终被董汉臣说动，把花屋和董送到了日军宪兵队驻地，以换取粮食。日军宪兵军官酒冢猪吉是花屋的同乡。他表面上对马等人客气，但背后指责花屋让皇军蒙耻并殴打了他。宪兵队整队去马的村子里和村民联欢送粮，酒到酣时却乍露杀机。,https://movie.douban.com/subject/1291858/
45,海蒂和爷爷,约翰娜·斯比丽;佩特拉·比翁迪娜·沃尔普,南非语 / 德语 / 瑞士德语,111,孤儿海蒂（阿努克·斯特芬 饰）被姨母迪蒂（安娜·希恩斯 饰）送上了阿尔卑斯山，与远离小镇独居于高山的祖父（布鲁诺·甘茨 饰）一同生活。活泼的海蒂在这里如鱼得水，不仅收获了羊倌彼得（奎林·阿格里皮 饰）的友情和孤僻祖父的亲情，还与山下彼得的家人打成一片。一天，海蒂同彼得在山上放羊，姨母突然出现，连哄带骗将海蒂卖到法兰克福的泽塞曼家。从此，目不识丁的海蒂成为了小姐克拉拉（伊莎贝尔·奥特曼 饰）的伴读。克拉拉幼年丧母，大病一场再不能站立，只能被困在豪宅中与轮椅相伴。父亲（马克西姆·梅米特 饰）常年在外很少回家，寂寞的克拉拉把海蒂当成了救命稻草。海蒂能适应泽塞曼家的新生活吗？远在天边的祖父和彼得还能再见吗？克拉拉的腿还有好起来的希望吗？,https://movie.douban.com/subject/25958717/
46,少年派的奇幻漂流,扬·马特尔;大卫·麦基,英语 / 泰米尔语 / 法语 / 日语 / 印地语 / 汉语普通话,127,故事开始于蒙特娄，也结束于蒙特娄。一名在找寻灵感的作家（拉菲·斯波 Rafe Spall 饰）无意间得知派·帕帖尔（伊尔凡·可汗 Irrfan Khan 饰）的传奇故事。派的父亲（阿迪勒·侯赛因 Adil Hussain 饰）开了一家动物园。因这样特殊的生活环境，少年派（苏拉·沙玛 Suraj Sharma 饰 ）对信仰与人的本性自有一套看法。在派17岁那一年，他的父母决定举家移民加拿大以追求更好的生活，而他也必须离开他的初恋情人。在前往加拿大的船上，他们遇见一位残忍成性的法国厨师（杰拉尔·德帕迪约 Gérard Depardieu 饰）。当天深夜在茫茫大海中，原本令派感到刺激无比的暴风雨一瞬间就成了吞噬货船的大灾难。派却奇迹般地活了下来，搭着救生船在太平洋上漂流，而且有一名最令人意想不到的同伴——理查德·帕克，一只孟加拉老虎。神奇的冒险旅程就这样意外开始了……,https://movie.douban.com/subject/1929463/
47,钢琴家,罗纳德·哈伍德,英语 / 德语 / 俄语,149,史标曼（艾德里安•布洛迪 Adrien Brody 饰）是波兰一家电台的钢琴师。二战即将爆发之时，他们全家被迫被赶进华沙的犹太区。在战争的颠沛流离中，家人和亲戚最终被纳粹杀害，而史标曼本人也受尽种种羞辱和折磨，他侥幸得到一位朋友的帮助，暂时有了藏身之处。战争愈加猛烈，朋友不得不抛下他回老家寻得安全的住所养育儿女。此时史标曼恶病缠身，却还要在搜捕中逃亡。在废墟的阁楼上他遇见了一名德国军官，在军官的要求下他弹奏了钢琴曲。美妙的琴声令德国军官萌发了恻隐之心，他暗暗帮助史标曼直到苏军对波兰的解放到来…… 影片根据波兰钢琴家瓦拉迪斯罗•斯皮曼(Wladyslaw Szpilman)的自传体小说《死亡城市》改编。,https://movie.douban.com/subject/1296736/
48,大话西游之月光宝盒,刘镇伟;吴承恩,粤语 / 汉语普通话,88,孙悟空（周星驰）护送唐三藏（罗家英）去西天取经路上，与牛魔王合谋欲杀害唐三藏，并偷走了月光宝盒，此举使观音萌生将其铲除心思，经唐三藏请求，孙悟空被判五百年后重新投胎做人赎其罪孽。五百年后孙悟空化身强盗头头至尊宝。当遇见预谋吃唐僧肉的妖怪姐妹蜘蛛精春三十娘（蓝洁瑛）和白骨精白晶晶（莫文蔚）时，因为五百年前孙悟空曾与白晶晶有过一段恋情，至尊宝与她一见钟情，但因菩提老祖将二人妖怪身份相告，至尊宝仍带领众强盗开始与二妖展开周旋，过程中，白晶晶为救至尊宝打伤春三十娘，自己也中毒受伤，为了救白晶晶，至尊宝去找春三十娘，遭白晶晶误会，绝望自杀，至尊宝开始用月光宝盒以期使时光倒流。,https://movie.douban.com/subject/1299398/
49,指环王2：双塔奇兵,弗兰·威尔士;菲利帕·鲍恩斯;斯蒂芬·辛克莱;彼得·杰克逊;J.R.R.托尔金,英语 / 辛达林语 / 古代英语,180,第二部在延续第一部风格的同时，故事呈现出多线发展的格局，情节有了更高的观赏性。第一部结尾，博罗米尔被强兽人杀死之后，两个霍比特人皮平和梅利也被强兽人绑架，阿拉贡、精灵莱戈拉斯（奥兰多·布鲁姆 饰）、侏儒金利一路追踪强兽人，营救皮平和梅利，遇到了“复活”的白袍巫师甘道夫 （伊恩·麦克莱恩 饰）。此时，投降索伦的白袍巫师萨鲁曼控制了人类洛汉王国的国王，并派出大量的强兽人军队，准备消灭人类。阿拉贡、莱戈拉斯和金利在甘道夫的带领下，帮助洛汉王国对抗邪恶力量的入侵。幸运的皮平和梅利被会说话的树精救了出来，并且遇到“复活”的甘道夫，在甘道夫的授意下，树精保护了两人的安全，并且带他们参加树精大会，大会上，树精们讨论对待中土大战的态度：是继续当中立者，逆来顺受，还是奋起反抗？身负重任的佛罗多（伊利亚·伍德 饰）和山姆继续向末日山脉前进，一路上被咕噜跟踪，弗罗多依靠至尊魔戒的力量，成为了咕噜的主人，在咕噜的带领下，他们到了末日山脉的入口，黑门。就在他们准备进入之时，博罗米尔的弟弟法莫尔出现，将他们带回了刚铎。弗罗多又遇上了新的危机：法莫尔想利用至尊魔戒的力量对抗萨鲁曼的攻击……,https://movie.douban.com/subject/1291572/
50,闻香识女人,博·古德曼;乔瓦尼·阿尔皮诺,英语,157,查理（克里斯•奥唐纳 Chris O'Donnell  饰）是一个普通的中学生，他因为见证着一件恶作剧但又不想出卖朋友，于是面临着一道艰难的选择题——要么坦白，要么被学校勒退。而史法兰（阿尔•帕西诺 Al Pacino  饰）是一个退伍军官，因为意外失明，人生从顶点的辉煌滑落谷底。自从两人的人生有了交集，命运的转折慢慢清晰。史法兰打算结束失去了意义的生活，于是在查理的陪伴下，尽情享受着人生最后一趟出行。他吃最美味的佳肴，买光鲜的汽车，在狭窄的街道上飚车，住在豪华的套房里，跟随陌生女子的袅袅香水味，跳一段优雅性感的探戈……极乐的疯狂后，他拿枪对准了自己的头颅。然而，查理声嘶力竭的劝阻改变了一切，曙光亦渐渐在这个老人心中重新升起，二人情深如父子。史法兰在学校礼堂激昂演说，挽救了查理的前途，讽刺了学校的伪善。二人在互相鼓舞中得到重生。,https://movie.douban.com/subject/1298624/
51,死亡诗社,汤姆·舒尔曼,英语 / 拉丁语,128,威尔顿预备学院以其沉稳凝重的教学风格和较高的升学率闻名，作为其毕业班的学生，理想就是升入名校。新学期文学老师约翰·基汀（罗宾·威廉姆斯 饰）的到来如同一阵春风，一反传统名校的严肃刻板。基汀带学生们在校史楼内聆听死亡的声音，反思生的意义 ；让男生们在绿茵场上宣读自己的理想；鼓励学生站在课桌上，用新的视角俯瞰世界。老师自由发散式的哲学思维让学生内心产生强烈的共鸣，他们渐渐学会自己思考与求索，勇敢的追问人生的路途，甚至违反门禁，成立死亡诗社，在山洞里击节而歌！基汀教授、基汀老师、基汀队长，他的教育宛若春风化雨，润物无声的留在每个人心里…,https://movie.douban.com/subject/1291548/
52,绿皮书,尼克·瓦莱隆加;布莱恩·库瑞;彼得·法雷里,英语 / 意大利语 / 俄语 / 德语,130,托尼（维果·莫腾森 Viggo Mortensen 饰）是一个吊儿郎当游手好闲的混混，在一家夜总会做侍者。这间夜总会因故要停业几个月，可托尼所要支付的房租和生活费不会因此取消，所以他的当务之急是去寻找另一份工作来填补这几个月的空缺。在这个节骨眼上，一位名叫唐雪莉（马赫沙拉·阿里 Mahershala Ali 饰）的黑人钢琴家提出雇佣托尼。唐雪莉即将开始为期八个星期的南下巡回演出，可是，那个时候南方对黑人的歧视非常的严重，于是托尼便成为了唐雪莉的司机兼保镖。一路上，两人迥异的性格使得他们之间产生了很多的矛盾，与此同时，唐雪莉在南方所遭受的种种不公平的对待也让托尼对种族歧视感到深恶痛绝。,https://movie.douban.com/subject/27060077/
53,罗马假日,达尔顿·特朗勃;伊安·麦克莱伦·亨特;约翰·戴顿,英语 / 意大利语 / 德语,118,欧洲某国的安妮公主（奥黛丽·赫本 Audrey Hepburn 饰）到访罗马，国务烦身，但她又厌倦繁文缛节。一天晚上，身心俱疲的她偷偷来到民间欣赏夜景，巧遇报社记者乔（格里高利·派克 Gregory Peck 饰）。二人把手同游，相当快乐。公主更是到乔的家中作客并在那过夜。不料乔无意中发现了公主的真实身份，他决定炮制一个独家新闻，于是乔和朋友、摄影师欧文（埃迪·艾伯特 Eddie Albert 饰）一起带公主同游罗马，并且偷拍了公主的很多生活照。然而，在接下来与公主的相处中，乔不知不觉恋上了公主。为了保护公主的形象，乔只能忍痛抛弃功成名就的良机，将照片送予了公主。安妮公主在经历了罗马一日假期后，反而体验了自己对国家的责任，毅然返回了大使馆，为了本身的责任而果断抛弃了爱情。,https://movie.douban.com/subject/1293839/
54,大闹天宫,李克弱;万籁鸣,汉语普通话,113,话说在东土傲来国有一座花果山，山上有一尊石猴吸收日精月华化身为一只神猴（邱岳峰 音），统领着山中的猴子猴孙。为求得一件称心的宝贝，神猴孙大圣潜入龙宫，强硬求来大禹治水时的定海神针如意金箍棒。东海龙王（毕克 音）心有不甘，于是上天将此事诉诸玉帝（富润生 音）。玉皇大帝命令太白金星（尚华 音）下界招安，许以爵位。不知有诈的孙大圣欣然前往，却发现只是负责养马的弼马温。得知受骗的猴王反下天庭，与天兵天将在花果山展开大战……本片根据古典名著《西游记》中的故事改编，前后历时4年创作，并荣获1962年捷克斯洛伐克卡罗维发利国际电影节短片特别奖、1978年英国伦敦国际电影节年度杰出电影奖、1982年厄瓜多尔第四届国际儿童电影节三等奖、第二届中国电影“百花奖”最佳美术片奖。,https://movie.douban.com/subject/1418019/
55,天堂电影院,朱塞佩·托纳多雷;瓦娜·波利,意大利语,155,意大利南部小镇，古灵精怪的小男孩托托（萨瓦特利·卡西欧 饰）喜欢看电影，更喜欢看放映师阿尔弗雷多（菲利浦·诺瓦雷 饰）放电影，他和阿尔弗雷多成为了忘年之交，在胶片中找到了童年生活的乐趣。好心的阿尔弗雷多为了让更多的观众看到电影，搞了一次露天电影，结果胶片着火了，托托把阿尔弗雷多从火海中救了出来，但阿尔弗雷多双目失明。托托成了小镇唯一会放电影的人，他接替阿尔弗雷多成了小镇的电影放映师。托托（马克·莱昂纳蒂 饰）渐渐长大，他爱上了银行家的女儿艾莲娜（阿格妮丝·那诺  饰）。初恋的纯洁情愫美如天堂，但是一对小情侣的海誓山盟被艾莲娜父亲的阻挠给隔断了，托托去服兵役，而艾莲娜去念大学。伤心的托托在阿尔弗雷多的鼓励下，离开小镇，追寻自己生命中的梦想……30年后，阿尔弗雷多去世，此时的托托已经是功成名就的导演，他回到了家乡，看到残破的天堂电影院，追忆往昔，唏嘘不已。,https://movie.douban.com/subject/1291828/
56,黑客帝国,莉莉·沃卓斯基;拉娜·沃卓斯基,英语,136,不久的将来，网络黑客尼奥（基奴李维斯 饰）对这个看似正常的现实世界产生了怀疑。他结识了黑客崔妮蒂（凯莉·安·摩丝 饰），并见到了黑客组织的首领墨菲斯（劳伦斯·菲什伯恩 饰）。墨菲斯告诉他，现实世界其实是由一个名叫“母体”的计算机人工智能系统控制，人们就像他们饲养的动物，没有自由和思想，而尼奥就是能够拯救人类的救世主。可是，救赎之路从来都不会一帆风顺，到底哪里才是真实的世界？如何才能打败那些超人一样的特勤？尼奥是不是人类的希望？这是黑客的帝国，程序和代码欢迎大家的到来。.,https://movie.douban.com/subject/1291843/
57,指环王1：护戒使者,弗兰·威尔士;菲利帕·鲍恩斯;彼得·杰克逊;J.R.R.托尔金,英语 / 辛达林语,179,比尔博·巴金斯是100多岁的霍比特人，住在故乡夏尔，生性喜欢冒险，在年轻时的一次探险经历中，他从怪物咕噜手中得到了至尊魔戒，这枚戒指是黑暗魔君索伦打造的至尊魔戒，拥有奴役世界的邪恶力量，能够统领其他几枚力量之戒，在3000年前的人类联盟和半兽人大军的战役中，联盟取得了胜利 ，并得到了至尊魔戒，数千年的辗转后，魔戒落到咕噜手中，被比尔博碰巧得到。因为和魔戒的朝夕相处，比尔博的心性也受到了影响，在他111岁的生日宴会上，他决定把一切都留给侄子佛罗多（伊利亚‧伍德 饰)，继续冒险。比尔博的好朋友灰袍巫师甘道夫（伊恩·麦克莱恩 饰）知道至尊魔戒的秘密，同时，黑暗魔君索伦已经知道他的魔戒落在哈比族的手中。索伦正在重新建造要塞巴拉多，集结无数的半兽人，准备以大军 夺取魔戒，并且征服全世界。甘道夫说服佛罗多将魔戒护送到精灵王国瑞文希尔，佛罗多在好朋友山姆、皮平和梅利的陪同下，在跃马旅店得到了刚铎王子阿拉贡的帮助，历经艰难，终于到达了精灵王国。然而，精灵族并不愿意保管这个邪恶的至尊魔戒，中土各国代表开会讨论，达成意见，准备将至尊魔戒送到末日山脉的烈焰中彻底销毁，佛罗多挺身而出接受了这个任务，这次，陪伴他的除了三个好朋友，还有甘道夫、阿拉贡、精灵莱戈拉斯（奥兰多‧布鲁姆 饰）、人类博罗米尔、侏儒金利。一路上，魔戒远征军除了要逃避索伦爪牙黑骑士和半兽人的追杀之外，更要抵抗至尊魔戒本身的邪恶诱惑，前途困难重重。,https://movie.douban.com/subject/1291571/
58,教父2,弗朗西斯·福特·科波拉;马里奥·普佐,英语 / 意大利语 / 西班牙语 / 拉丁语 / 西西里语,202,迈克尔（阿尔·帕西诺 饰）是美利坚黑手党科利昂家族的头目。 迈克尔的父亲维托·安多里尼（罗伯特·德尼罗 饰）出生于意大利科利昂镇。1901年，维托的父亲安东尼奥、兄长保罗、母亲（玛丽亚·卡塔 饰）都死于黑手党西乔家族之手。9岁的维托只得漂洋过海逃亡美利坚谋生。入境时，海关官员（理查德·沃森 饰）将其名姓登记为维托·科利昂。 1958年，迈克尔为儿子安东尼（詹姆斯·古纳瑞斯 饰）举办了初领圣体的聚会，不想当晚便遭遇暗杀。迈克尔侥幸躲过一劫，两名杀手却被人灭口。 维托在异国他乡如何生存？他身负的血海深仇能否得报？想要迈克尔性命的是谁？将杀手灭口的又是谁？,https://movie.douban.com/subject/1299131/
59,狮子王,艾琳·梅琪;乔纳森·罗伯特 ;琳达·伍尔芙顿,英语 / 斯瓦希里语 / 科萨语 / 祖鲁语,89,辛巴是狮子王国的小王子，他的父亲穆法沙是一个威严的国王。然而叔叔刀疤却对穆法沙的王位觊觎已久。要想坐上王位宝座，刀疤必须除去小王子。于是，刀疤利用种种借口让辛巴外出，然后伺机大开杀戒，无奈被穆法沙即时来救。在反复的算计下，穆法沙惨死在刀疤手下，刀疤别有用心的劝辛巴离开，一方面派人将他赶尽杀绝。辛巴逃亡中遇到了机智的丁满和善良的彭彭，他们抚养辛巴长成雄壮的大狮子，鼓励他回去森林复国。在接下来一场复国救民的斗争中，辛巴真正长成一个坚强的男子汉，领会了责任的真谛。,https://movie.douban.com/subject/1301753/
60,辩护人,杨宇硕;尹贤浩,韩语,127,1978年，只有高中学历的宋佑硕（宋康昊 饰）通过多年的艰苦努力，终于通过司法考试，并在成为法官后很快转行成为一名律师。他敏锐地从最新政策中嗅到商机，以不动产代书业务起家。虽然被同行讥讽为随时随地派发名片的夜店小弟，但佑硕不以为忤，一步一步朝着心中的目标迈进。他依靠赚来的钱让妻儿过上富足的生活，也还了七年前在饭店大婶那里欠下的良心债。进入20世纪80年代，韩国民主化斗争愈演愈烈。佑硕全然不管窗外事，关起门来继续赚钱。然而社会的巨变已经不容他置身事外，饭店大婶的儿子朴镇宇因从属的釜山读书联合会被控为左翼社团而遭到逮捕，更受到残酷的虐待和不公的指控。虽然爱钱却更重感情的佑硕，就这样走上了为民主辩护的道路……,https://movie.douban.com/subject/21937445/
61,饮食男女,李安;王蕙玲;詹姆斯·夏慕斯,汉语普通话 / 闽南语 / 湖南话,124,台湾中国菜硕果仅存的大师老朱（郎雄）退休后，渐尝老年生活的诸多尴尬：每周日费心做出的一桌丰盛菜肴，并无将三个女儿（杨贵媚、吴倩莲、王渝文）齐齐拉到饭桌的吸引力，已经长大成人的她们，心里藏了许多比陪父亲吃饭更重要的事；多年老友的突然离世，令他在友情这块也有了缺口；而对厨师来讲最重要的味觉的丧失，则将其彻底推到人生的低谷。三个女儿虽各忙各事，却也操心着老朱的晚年生活，计划着为其找个老伴，但她们没料到老朱早已悄无声息地谈起了“黄昏恋”。吃惊过后，老朱最看重的继承了他做菜天赋的二女儿家倩因为自身的生活经历，对父亲、她与父亲的关系有了新的认识，而对老朱来讲更大的惊喜，还在后面。,https://movie.douban.com/subject/1291818/
62,搏击俱乐部,恰克·帕拉尼克;吉姆·乌尔斯,英语,139,杰克（爱德华•诺顿 饰）是一个大汽车公司的职员，患有严重的失眠症，对周围的一切充满危机和憎恨。一个偶然的机会，杰克遇上了卖肥皂的商人泰勒（布拉德•皮特），一个浑身充满叛逆、残酷和暴烈的痞子英雄，并因为自己公寓失火而住进了泰勒破旧不堪的家中。两人因缘际会地成为了好朋友，并创立了“搏击俱乐部”：一个让人们不戴护具而徒手搏击，宗旨在于发泄情绪的地下组织。俱乐部吸引了越来越多的人，逐渐发展成为一个全国性的地下组织，而泰勒也以自己个人的魅力，吸引着那些盲目的信徒。俱乐部的成员们到处滋事打架、大肆破坏，泰勒本人的行为也越来越疯狂。杰克对于“搏击俱乐部”的现况及泰勒的行为越来越无法忍受，和泰勒发生争执，泰勒离开了他。然而，杰克发现，他走到何处都无法摆脱泰勒的影子，他开始思考：我到底是谁？,https://movie.douban.com/subject/1292000/
63,本杰明·巴顿奇事,埃里克·罗思;罗宾·史威考德;F. 斯科特·菲茨杰拉德,英语 / 俄语 / 法语,166,飓风正在侵袭美国新奥尔良，一位病危的老妇睁开了她的睡眼。老妇名叫戴茜（凯特·布兰切特饰），她叫女儿凯若琳（朱莉娅•奥蒙德饰）为她阅读一本日记。这本日记的作者叫本杰明•巴顿（布拉德•皮特饰）。本杰明出生在第一次世界大战停战之时，但生来便像个老人的他被父亲当作怪物，被遗弃在了养老院。本杰明在养老院与老人们一起生活。但谁都没有想到，本杰明逆向发育——越活越年轻！也许“越活越年轻”是某些人的梦想，但真正这样成长的本杰明却有了别人无法理解的烦恼与快乐。穿越半世纪的世界变革，本杰明身处其中，感受别人感受不到的感受。为何母亲会让自己念这本日记？本杰明•巴顿此人与母亲有什么关系？凯若琳陷入了深深的疑惑与好奇之中。,https://movie.douban.com/subject/1485260/
64,美丽心灵,阿齐瓦·高斯曼;西尔维娅·纳萨尔,英语,135,本片是关于20世纪伟大数学家小约翰•福布斯-纳什的人物传记片。小约翰•福布斯-纳什（拉塞尔•克劳）在念研究生时，便发表了著名的博弈理论，该理论虽只有短短26页，却在经济、军事等领域产生了深远的影响。但就在小约翰•福布斯-纳什蜚声国际时，他的出众直觉因为精神分裂症受到困扰，然而这并没阻止他向学术上的最高层进军的步伐，在深爱他的妻子艾丽西亚（珍妮弗•康纳利）的鼓励和帮助下，他走得虽然艰缓，却始终没有停步，而最终，凭借十几年的不懈努力和顽强意志，他如愿以偿。,https://movie.douban.com/subject/1306029/
65,穿条纹睡衣的男孩,约翰·伯恩;马克·赫尔曼,英语 / 西班牙语,94,八岁男孩布鲁诺（Asa Butterfield 饰）一家随着纳粹军官父亲的一纸调令，由柏林搬迁到了乡下。失去了朋友们的布鲁诺很快对新家附近的“农庄”产生了兴趣，那里有一群身穿“条纹睡衣”的人终日忙碌，并且其中一个为布鲁诺一家服务，他形容肮脏，态度慎微。周遭环境和布鲁诺的举止让母亲暗暗担忧，但纳粹父亲制止家中任何怀疑既定政策的行为。布鲁诺偷偷结识了铁丝网另一边的同龄男孩施穆尔，并时常带给他食物吃。在紧张的家庭氛围和姐姐向成人世界的变化中，施穆尔是布鲁诺惟一的朋友。某日布鲁诺决定，去铁丝网的另一边，以便见到施穆尔的父亲……本片根据约翰·伯恩的同名小说改编，获2008年芝加哥国际电影节观众票选奖。,https://movie.douban.com/subject/3008247/
66,窃听风暴,弗洛里安·亨克尔·冯·多纳斯马尔克,德语,137,1984年的东德，整个社会笼罩在国家安全局的高压统治之下，特工魏斯曼（乌尔里希·穆埃 Ulrich Mühe 饰）奉命监听剧作家德莱曼（塞巴斯蒂安·科赫 Sebastian Koch 饰）及其女友演员克里斯蒂娜（马蒂娜·格德克 Martina Gedeck 饰）的生活，监听过程中，魏斯曼渐渐对这家人的生活产生了兴趣，开始暗中帮助他们。一篇刊登在西德《明镜》报上的文章引起了特工头目的注意，他们认为这篇文章是德莱曼写的，并逮捕了克里斯蒂娜，希望能够从她口中得出她丈夫的秘密？而审问克里斯蒂娜的正是魏斯曼……,https://movie.douban.com/subject/1900841/
67,情书,岩井俊二,日语,117,日本神户某个飘雪的冬日，渡边博子（中山美穗）在前未婚夫藤井树的两周年祭日上又一次悲痛到不能自已。正因为无法抑制住对已逝恋人的思念，渡边博子在其中学同学录里发现“藤井树” 在小樽市读书时的地址时，依循着寄发了一封本以为是发往天国的情书。不想不久渡边博子竟然收到署名为“藤井树（酒井美纪）”的回信，经过进一步了解，她知晓此藤井树是一个同她年纪相仿的女孩，且还是男友藤井树（柏原崇）少年时代的同班同学。为了多了解一些昔日恋人在中学时代的情况，渡边博子开始与女性藤井树书信往来。而藤井树在不断的回忆中，渐渐发现少年时代与她同名同姓的那个藤井树曾对自己藏了一腔柔情。,https://movie.douban.com/subject/1292220/
68,两杆大烟枪,盖·里奇,英语,107,艾迪（尼克·莫伦）思维敏捷，是个玩牌高手。在三个好友的支持下，艾迪携巨资参加了黑社会的高额赌局，不想落入圈套，欠下50万的赌债。为了还清赌债，艾迪和朋友们绞尽脑汁，最终算计到一群毒贩身上，并为打劫购买了两杆老式烟枪。不想这群不安分的毒贩，正惦念着他们毒品供应商的钱，并在同一天实施了打劫。在毒贩们费尽周折，把毒品供应商熨的整整齐齐的钱款拿到手后，艾迪他们幸运的坐享其成。可是他们不知道，这看似简单的抢劫案背后，更有厉害的角色参与其中。他们手里的两杆破烟枪也隐藏着不少故事。在无知与莽撞中置身漩涡的他们能侥幸脱身么？笑料迭出的偶发事件里，穿插着小人物与大人物的辛酸幽默。,https://movie.douban.com/subject/1293350/
69,西西里的美丽传说,朱塞佩·托纳多雷;卢恰诺·温琴佐尼,意大利语 / 英语 / 拉丁语 / 古希腊语,108,当我还只是十三岁时，1941年春末的那一天，我初次见到了她那一天，墨索里尼向英法宣战，而我，得到了生命里的第一辆脚踏车。她，撩著波浪状黑亮的秀发，穿著最时髦的短裙和丝袜，踏著充满情欲诱惑的高跟鞋，来到了西西里岛上宁静的阳光小镇。她的一举一动都引人瞩目、勾人遐想，她的一颦一笑都教男人心醉、女人羡妒。玛莲娜，像个女神一般，征服了这个海滨的天堂乐园。年仅十三岁的雷纳多也不由自主地掉进了玛莲娜所掀起的漩涡之中，他不仅跟著其他年纪较大的青少年们一起骑著单车，穿梭在小镇的各个角落，搜寻著玛莲娜的诱人丰姿与万种风情，还悄悄地成为她不知情的小跟班，如影随形地跟监、窥视她的生活。她摇曳的倩影、她聆听的音乐、她贴身的衣物都成为这个被荷尔蒙淹没的少年，最真实、最美好的情欲幻想。然而，透过雷纳多的眼，我们也看到了玛莲娜掉进了越来越黑暗的处境之中，她变成了寡妇，而在镇民们的眼中，她也成了不折不扣的祸水，带来了淫欲、嫉妒与忿怒，而一股夹杂著情欲与激愤的风暴，开始袭卷这个连战争都未曾侵扰的小镇。玛莲娜一步步地沉沦，与父亲断绝了关系、被送上法院，更失去了所有的财产，这使得向来天真、不经世事的雷纳多，被迫面对这纯朴小镇中，人心的残暴无情，看著已经一无所有的玛莲娜，雷纳多竟鼓起了他所不曾有过的勇气，决定靠著他自己的力量，以一种教人难以料想的方式，来帮助玛莲娜走出生命的泥沼……,https://movie.douban.com/subject/1292402/
70,音乐之声,乔治·胡达勒克;霍华德·林赛;拉塞尔·克劳斯;恩斯特·莱赫曼;玛丽亚·冯·特拉普,英语 / 德语,174,玛利亚（朱丽·安德鲁斯  饰）是一个年轻活泼的修女，喜欢在大自然下高声歌唱，所以她常常忘记了修道院里的规矩。院长认为玛利亚并不属于规矩严格的修道院。院长与众嬷嬷商量后，决定安排玛利亚到一位名叫特拉普（克里斯托弗·普卢默 饰）上校家当家庭教师。上校的妻子去世多年，留下7个孩子，他要求对孩子严格管教。他告诉玛利亚在他家的家庭教师都做不长久，都是因为孩子的恶作剧。玛利亚果然也遭到了恶作剧，可是这位善良的老师并没有告诉他们的父亲，而是像个母亲一样照顾孩子，很快跟孩子打成一片。上校也渐渐在玛利亚的引导下改变了对孩子们的态度。上校与玛利亚之间发生了感情，他们完婚后回到了已被纳粹占领的奥地利，上校并不想为纳粹办事，一家人准备逃跑……,https://movie.douban.com/subject/1294408/
71,看不见的客人,奥里奥尔·保罗,西班牙语,106,艾德里安（马里奥·卡萨斯 Mario Casas 饰）经营着一间科技公司，事业蒸蒸日上，家中有美丽贤惠的妻子和活泼可爱的女儿，事业家庭双丰收的他是旁人羡慕的对象。然而，野心勃勃的艾德里安并未珍惜眼前来之不易的生活，一直以来，他和一位名叫劳拉（芭芭拉·蓝妮 Bárbara Lennie 饰）的女摄影师保持着肉体关系。某日幽会过后，两人驱车离开别墅，却在路上发生了车祸，为了掩盖事件的真相，两人决定将在车祸中死去的青年丹尼尔联同他的车一起沉入湖底。之后，劳拉遇见了一位善良的老人，老人将劳拉坏掉的车拉回家中修理，然而，令劳拉没有想到的是，这位老人，竟然就是丹尼尔的父亲。,https://movie.douban.com/subject/26580232/
72,哈利·波特与死亡圣器(下),史蒂夫·克洛夫斯;J. K. 罗琳,英语,130,当又一次和伏地魔（拉尔夫·费因斯 Ralph Fiennes 饰）的意识连通，哈利·波特（丹尼尔·雷德克里夫 Daniel Radcliffe 饰）断定最后一件魂器藏在霍格沃茨，于是和罗恩（鲁伯特·格林特 Rupert Grint 饰）、赫敏（艾玛·沃森 Emma Watson 饰）一同返回阴云密布的学校。在好友们的帮助下，他们成功驱逐了斯内普（艾伦·瑞克曼 Alan Rickman 饰），然而觉察到哈利目的的伏地魔则率领徒众向霍格沃茨逼近。食死徒、摄魂怪、巨人疯狂涌入这所有着悠久历史的魔法学校，正邪决战旋即爆发，一时间血雨腥风，死伤无数。从斯内普的眼泪中，哈利不仅了解到父辈的故事，也证实了藏缅于他体内最后的秘密。在此之后，他也和伏地魔迎来了最后的对决……本片根据英国作家J.K.罗琳的同名原著改编，也是“哈利·波特”系列影片的完结篇。,https://movie.douban.com/subject/3011235/
73,阿凡达,詹姆斯·卡梅隆,英语 / 西班牙语,,战斗中负伤而下身瘫痪的前海军战士杰克·萨利（萨姆·沃辛顿 Sam Worthington 饰）决定替死去的同胞哥哥来到潘多拉星操纵格蕾丝博士（西格妮·韦弗 Sigourney Weaver 饰）用人类基因与当地纳美部族基因结合创造出的 “阿凡达” 混血生物。杰克的目的是打入纳美部落，外交说服他们自愿离开世代居住的家园，从而SecFor公司可砍伐殆尽该地区的原始森林，开采地下昂贵的“不可得”矿。在探索潘多拉星的过程中，杰克遇到了纳美部落的公主娜蒂瑞（佐伊·索尔达娜 Zoe Saldana 饰），向她学习了纳美人的生存技能与对待自然的态度。与此同时，SecFor公司的经理和军方代表上校迈尔斯（史蒂芬·朗 Stephen Lang 饰）逐渐丧失耐心，决定诉诸武力驱赶纳美人……本片采用3D技术拍摄，共耗资5亿美元制作发行，是电影史上最为昂贵的作品。本片荣获第82届奥斯卡最佳摄影、最佳视觉效果、最佳艺术指导等3项大奖。,https://movie.douban.com/subject/1652587/
74,拯救大兵瑞恩,罗伯特·罗达特,英语 / 法语 / 德语 / 捷克语,169,瑞恩（马特•达蒙 Matt Damon饰 ）是二战期间的美国伞兵，被困在了敌人后方。更不幸的是，他的三个兄弟全部在战争中死亡，如果他也遇难，家中的老母亲将无依无靠。美国作战总指挥部知道了这个情况，毅然决定组织一个小分队前往救援，其中包括米勒上尉（汤姆•汉克斯 Tom Hanks 饰 ）和翻译厄本（杰里米.戴维斯 Jererry Davies饰）。然而，敌方危险重重，他们一路上随时与死亡打交道。他们非常怀疑，到底值不值得冒着八个人的生命危险，去搭救一个人。大家一路辗转寻找瑞恩，对于这次搭救行动，有人不满，有人热忱，有人好奇。大家一次次闻到死神的气息，瑞恩的获救付出了沉重的代价。,https://movie.douban.com/subject/1292849/
75,飞越疯人院,劳伦斯·奥邦;博·古德曼;肯·凯西;达尔·瓦瑟曼,英语,133,麦克墨菲（杰克·尼科尔森 Jack Nicholson 饰）为了逃避监狱里的强制劳动，装作精神异常，被送进了精神病院，他的到来，给死气沉沉的精神病院带来了剧烈的冲击。 麦克要求看棒球比赛的电视转播，挑战了医院严格的管理制度，受到护士长拉契特（路易丝·弗莱彻 Louise Fletcher 饰）的百般阻挠；麦克带领病人出海捕鱼，振奋了他们的精神，却让院方头痛不已。院方为了惩处麦克胆大妄为、屡犯院规，决定将他永远留在疯人院。生性自由的麦克再也无法忍受疯人院的生活，他联合病友，高大的印第安人“酋长”，开始自己的计划：飞越疯人院。 本片获1975年第48届奥斯卡最佳影片，最佳男、女主角，最佳导演和最佳改编剧本五项大奖。主人公“不自由，毋宁死”的精神在当今社会仍有很大的现实意义。,https://movie.douban.com/subject/1292224/
