id,datas,url
1,二维科普手绘MG动漫AE逐帧产品flash动画制作设计,服务内容全部包含:五星服务商 超五星服务【宣传片】 【动画片】 【广告片】 宣传片：企业宣传片、产品宣传片、品牌宣传片、城市类宣传片等，一站式优质服务。动画片：动画创意、动画艺术风格，色彩搭配等影像支持，专业设备人员。广告片：互联网营销视频、病毒视频、网红短片，新颖玩法，裂变传播。服务优势:【品牌优势】全国多地直营公司，粤企文化产业领域代表企业，企业视频服务领域的著名影视制作品牌。【制作优势】团队自有，拒绝“搭班子”；设备自有，无需外借；多地拥有自营二维、三维制作团队及超1000m²影视制作基地。【服务优势】零距离服务，互联网+影视制作模式；价格：本土价格，超五星服务；优质：品质保证，自有团队；“一站式”全流程五星服务，为客户提供量身定制的影视解决方案。服务前需客户提供的信息:【简单5步 轻松搞定】 1.项目的文稿资料或图片资料2.对影片的初步构思想法或框架文案3.如有解说词脚本更好4.对标参考竞品信息及视频质量要求 5.预算控制范围
2,【动画制作】MG动画flash科普二维动画AE频设计定制,服务内容全部包含:倍数传媒是专注影视动画制作的一家公司，现以重庆为总部，在北京、广东、杭州、上海、江苏、成都先后成立六大动画品牌全案中心。为影视文化市场提供精湛的动画专业制作服务。业务板块涵盖:特效制作，影视CG，二维动画，三维动画、影视拍摄等服务内容灵活满足全球不同品牌、影视运营商、导演，制片人等差异化需求及快速创新的追求理念。在众多制作方面都获得了客户一致好评，客户复购率高，并且业务范围涉及全国及海外。服务优势:1.专业的团队：团队成员均来自名校，有着丰富的制作经验和优秀的代表作品和服务背书，央视/世界500强/上市公司优质供应商。 2.良好的口碑：5000+客户合作经验，97%的顾客满意率，累计制作20000分钟，任务交付零超期%。3.项目沟通零距离：专业AE1V1全程跟进，节省沟通成本，保证项目准时交付，每日分享项目实时进度，把控质量，让客户省心省力省时。4.完善的售后：初稿不满意随时退款。服务前需客户提供的信息:1 提供产品或企业资料信息，后期用途。2 需要您明确视频需要做多长时间，几分钟；3 如果需要旁白/解说词，如果无法提供，可以简单提供解说文稿或我们根据您提供的资料进行撰写，也可以根据您提供的解说词进行润泽拔高；4 尺寸一般情况下高清尺寸，如果您有特殊要求，可以说明；5 初步沟通后，我们会专门为您列举该合作所需要的前期资料表发您。其他:制作流程为：脚本创作.——配音制作——模型建模——动态分镜——预演动画.——单帧确认——渲染合成动画。服务客户:华为、腾讯、万达、米哈游、小米、国家电网、中国移动、中国电信、中国航空、中国平安、太平洋、东风日产、新东方英语、现代汽车、大众汽车、荔枝FM、CCTV、京东宠物、百度、海尔集团、可口可乐、周六福珠宝等知名企业和政府单位，目前已成为上百家知名企业指定供应商，达成年度合作关系。
3,企业产品二维MG动画设计AE三维广告宣传片手绘视频定制作,服务内容全部包含:【二维动画】|【影视制作】 | 【三维动画】1、品牌推广 | 1、企业宣传 | 1、产品推广2、产品宣传 | 2、产品广告 | 2、品牌形象3、活动开场 | 3、政府汇报 | 3、工业流程4、流程讲解 | 4、专题记录 | 4、医疗设备5、政策科普 | 5、活动暖场 | 5、游戏动作6、电商营销 | 6、品牌形象 | 6、片头演绎7、教育课件 | 7、剪辑合成 | 7、展厅折幕服务优势:【九大优势】1看效果：单作品播放1.2亿，累积粉丝超500万2看经验：上百种风格可选，各行均有企业案例3看团队：成员均科班毕业，实战超百余项目4看标准：电影级制作标准，一条龙服务流程5看服务：项目组实时沟通，有疑问高效回复6看速度：多团队并驾齐驱，把控进度更高效7选创意：三种方案供选择，头脑风暴更简单8选声誉：十五年服务经验，猪八戒网可追溯9选实力：抖音年度五十强，快手优质MCN服务前需客户提供的信息:★前期沟通所需资料★【1提供项目的相关文档】【2有解说词提供解说词】 （没有解说词艺尚提供策划方案）【3使用场景及针对人群】【4对标参考样片及预期】【5领导要求及期望效果】★备注★因广告宣传属于定制化方案，各行业之间所需资料大不相同，具体可联系本店客服进一步咨询艺尚传媒专业顾问会为您提供更完整的制作方案其他:★合作伙伴★互 联 网 ：腾讯、360、滴滴、联想、5微软 等家电行业：华为、小米、老板、海尔、怡口 等金投行业：招商、中银、万家、平安、华安 等汽车行业：福特、丰田、驰加、理想、蔚蓝 等餐饮行业：麦当劳、王老吉、三只松鼠、甄选 等软件应用：腾讯云、企加云、汉得中台、甄零 等★友情提示★1、政府、公益、地产、医疗行业等各行各业皆有对应案例；2、所有提到的品牌均有真实案例；
4,三维3d动画漫建筑地产品施工业设备演示流程视频设计定制作,服务内容全部包含:倍数传媒是专注影视动画制作的一家公司，现以重庆为总部，在北京、广东、杭州、上海、江苏、成都先后成立六大动画品牌全案中心。为影视文化市场提供精湛的动画专业制作服务。业务板块涵盖:特效制作，影视CG，二维动画，三维动画、影视拍摄等服务内容灵活满足全球不同品牌、影视运营商、导演，制片人等差异化需求及快速创新的追求理念。在众多制作方面都获得了客户一致好评，客户复购率高，并且业务范围涉及全国及海外。服务优势:1.专业的团队：团队成员均来自名校，有着丰富的制作经验和优秀的代表作品和服务背书，央视/世界500强/上市公司优质供应商。 2.良好的口碑：5000+客户合作经验，97%的顾客满意率，累计制作20000分钟，任务交付零超期。3.项目沟通零距离：专业AE1V1全程跟进，节省沟通成本，保证项目准时交付，每日分享项目实时进度，把控质量，让客户省心省力省时。4.完善的售后：初稿不满意随时退款。服务前需客户提供的信息:1 提供产品或企业资料信息，后期用途。2 需要您明确视频需要做多长时间，几分钟；3 如果需要旁白/解说词，如果无法提供，可以简单提供解说文稿或我们根据您提供的资料进行撰写，也可以根据您提供的解说词进行润泽拔高；4 尺寸一般情况下高清尺寸，如果您有特殊要求，可以说明；5 初步沟通后，我们会专门为您列举该合作所需要的前期资料表发您。其他:制作流程为：脚本创作.——配音制作——模型建模——动态分镜——预演动画.——单帧确认——渲染合成动画。服务客户:华为、腾讯、万达、米哈游、小米、国家电网、中国移动、中国电信、中国航空、中国平安、太平洋、东风日产、新东方英语、现代汽车、大众汽车、荔枝FM、CCTV、京东宠物、百度、海尔集团、可口可乐、周六福珠宝等知名企业和政府单位，目前已成为上百家知名企业指定供应商，达成年度合作关系。
5,3D施工业医疗CG产品设备游戏流程角色三维动画设计定制作,服务内容全部包含:【二维动画】 【影视制作】 【三维动画】1、品牌推广 1、企业宣传 1、产品推广2、产品宣传 2、产品广告 2、品牌形象3、活动开场 3、政府汇报 3、工业流程4、流程讲解 4、专题记录 4、医疗设备5、政策科普 5、活动暖场 5、游戏动作6、电商营销 6、品牌形象 6、片头演绎7、教育课件 7、剪辑合成 7、展厅折幕服务优势:【九大优势】1选经验：知名各行业龙头企业服务经验2选人员：员工均毕业国内知名艺术高校3选标准：广告热店公司标准化服务流程4选服务：项目群技术人员实时沟通交流5选效果：金三角品质把控比您更高要求6选速度：工单智能化严格把握进度流程7选创意：策划小组头脑风暴创意点集合8选实力：国际互联网创业大赛金奖团队9选声誉：七年用心服务客户99%称心度服务前需客户提供的信息:【前期沟通所需资料】【1关于项目的文稿资料】【2关于项目的图片资料】【3关于项目的视频资料】【4如有解说词脚本更好】【5对标参考样片及预期】【6预算控制标准及描述】【7领导要求及期望效果】【备注】因广告宣传属于强定制属性行业每个项目的需求不同从而导致每个项目所需资料也不同具体情况可咨询本店客服进一步了解其他:【合作流程】创意策划：制片主任带队进行创意策划，形成精美格式汇报方案美术风格：遵循方案要求进行美术设计，搭配场景内容风格配色动画制作：理解画面内容深度价值意义，创造灵活自然感官动效品质把控：导演制片内部团队双重审核，严格要求项目出品质量初稿提交：约定工期之前发送初稿样片，守时保质完成甲方要求修改定稿：三次无偿修改杜绝无理收费，迅速反馈传达交付定稿
6,二三维产品动画动漫设计流程MG渲染影视频制作拍摄剪辑包装,服务内容全部包含:企业宣传、产品、形象、APP介绍、汇报、公益、流程、**、区块链、剧情动画、logo动画、路演动画等均可制作。
7,二维AE企业产品牌MG手绘逐帧活动流程教育动画设计定制作,服务内容全部包含:【二维动画】 【影视制作】 【三维动画】1、品牌推广 1、企业宣传 1、产品推广2、产品宣传 2、产品广告 2、品牌形象3、活动开场 3、政府汇报 3、工业流程4、流程讲解 4、专题记录 4、医疗设备5、政策科普 5、活动暖场 5、游戏动作6、电商营销 6、品牌形象 6、片头演绎7、教育课件 7、剪辑合成 7、展厅折幕服务优势:【九大优势】1选经验：知名各行业龙头企业服务经验2选人员：员工均毕业国内知名艺术高校3选标准：广告热店公司标准化服务流程4选服务：项目群技术人员实时沟通交流5选效果：金三角品质把控比您更高要求6选速度：工单智能化严格把握进度流程7选创意：策划小组头脑风暴创意点集合8选实力：国际互联网创业大赛金奖团队9选声誉：七年用心服务客户99%称心度服务前需客户提供的信息:【前期沟通所需资料】【1关于项目的文稿资料】【2关于项目的图片资料】【3关于项目的视频资料】【4如有解说词脚本更好】【5对标参考样片及预期】【6预算控制标准及描述】【7领导要求及期望效果】【备注】因广告宣传属于强定制属性行业每个项目的需求不同从而导致每个项目所需资料也不同具体情况可咨询本店客服进一步了解其他:【合作流程】创意策划：制片主任带队进行创意策划，形成精美格式汇报方案美术风格：遵循方案要求进行美术设计，搭配场景内容风格配色动画制作：理解画面内容深度价值意义，创造灵活自然感官动效品质把控：导演制片内部团队双重审核，严格要求项目出品质量初稿提交：约定工期之前发送初稿样片，守时保质完成甲方要求修改定稿：三次无偿修改杜绝无理收费，迅速反馈传达交付定稿
8,二维动画/三维动画/Vi设计LOG0/包装设计,服务内容全部包含:业务范围：二维动画/三维动画/Vi设计LOG0/包装设计/产品手册/印刷工艺/企业手册海报设计|宣传单淘宝店装修|彩页设计|吉祥物设计|书籍设计|展板设计|/视频修剪服务优势:MM创作工作室是一家从事品牌视觉、商业空间设计、商业摄影、创意产品研发设计的专业品牌设计机构，是由一群年轻的设计师、时尚插画师组成的团队。我们热衷于从生活的细节发现真实的品牌价值，注重品牌在不同应用环境中的整体视觉传达、沟通与体验，擅长以简洁、清晰、概念的设计手段，为客户提供实效、创新的品牌解决方案，并最终协助客户达成预期的文化诉求与商业目标。服务前需客户提供的信息:完整描述客户需求做好第一时间发您审核 ，修改无限次数其他:如有新的要求，请第一时间与我们联系！！！
9,企业动画产品MG三维AE二维广告宣传片手绘视频定制作,服务内容全部包含:商务服务流程是什么？简单说就是首付款——开始制作——制作完成——尾款。· 1、沟通需求，了解客户具体的诉求点· 2、给出报价，根据报价签约合同· 3、首付款到位，合同生效，制作开始· 4、开始制作服务流程（见↑）· 5、制作完成后，客户支付尾款，条件高清文件· 6、根据服务开具发票事宜服务优势:节点1:脚本确认;节点2:设计稿确认;节点3:配音确认;节点4:分镜确认;节点5 :动画确认。根据节点步步确认,阶段性进行●程序:把控五个重要节点,阶段性进行,把风险控制到最低的范围。●专注:如果-个公司什么都做,可能什么都做不好,我们只专注做动画这-件事。●态度:每一个客户都有很大概率成为长期客户,所以我们的态度培养每一个长期关系。●经验:我们会尽力去配合客户的需求，用我们多年的动画经服务前需客户提供的信息:定制类产品，具体价格需要与客服沟通协商定最终价格。视频制作属于虚拟产品，为了保证买家及客户的利益，视频制作完成后将添加水印发送给客户，我们将发送高清无水印版本完成交易。其他:看经验制作沟通零距离全程项目经理1V1看人员配置设计师毕业国内知名美术高校看制作服务项目群技术人员实时沟通交流看所达效果每层制作都把控比您更高要求看工期速度工单智能化严格把握进度流程看所出创意满足不同行业的需求精益求精看业内声誉给客户不同选择标准再次回购看我们实力拥有十多年以上动画制作水准人工智能化灵活运用AI智能出图效率更高
10,MG动画企业3D产品AE二维视频三维影视剪辑宣传片定制作,服务内容全部包含:【二维动画】|【影视制作】 | 【三维动画】1、品牌推广 | 1、企业宣传 | 1、产品推广2、产品宣传 | 2、产品广告 | 2、品牌形象3、活动开场 | 3、政府汇报 | 3、工业流程4、流程讲解 | 4、专题记录 | 4、医疗设备5、政策科普 | 5、活动暖场 | 5、游戏动作6、电商营销 | 6、品牌形象 | 6、片头演绎7、教育课件 | 7、剪辑合成 | 7、展厅折幕服务优势:【九大优势】1看效果：单作品播放1.2亿，累积粉丝超500万2看经验：上百种风格可选，各行均有企业案例3看团队：成员均科班毕业，实战超百余项目4看标准：电影级制作标准，一条龙服务流程5看服务：项目组实时沟通，有疑问高效回复6看速度：多团队并驾齐驱，把控进度更高效7选创意：三种方案供选择，头脑风暴更简单8选声誉：十五年服务经验，猪八戒网可追溯9选实力：抖音年度五十强，快手优质MCN服务前需客户提供的信息:★前期沟通所需资料★【1提供项目的相关文档】【2有解说词提供解说词】 （没有解说词艺尚提供策划方案）【3使用场景及针对人群】【4对标参考样片及预期】【5领导要求及期望效果】★备注★因广告宣传属于定制化方案，各行业之间所需资料大不相同，具体可联系本店客服进一步咨询，艺尚传媒将为您提供多样化服务。其他:★合作伙伴★互 联 网 ：腾讯、360、滴滴、联想、5微软 等家电行业：华为、小米、老板、海尔、怡口 等金投行业：招商、中银、万家、平安、华安 等汽车行业：福特、丰田、驰加、理想、蔚蓝 等餐饮行业：麦当劳、王老吉、三只松鼠、甄选 等软件应用：腾讯云、企加云、汉得中台、甄零 等★友情提示★1、政府、公益、地产、医疗行业等各行各业皆有对应案例；2、所有提到的品牌均有真实案例；
11,MG动画制作设计Flash二维手绘漫插画逐帧AE企业视频,服务内容全部包含:我们提供那些服务？简单说我们做的是二维动画（MG动画+手绘逐帧动画）二维动画不同于三维的立体，它只有两个维度是平面的。· 前期：剧本策划· 中期：角色设计、平面设计、场景设计· 中期：分镜制作、原画制作、动画制作、· 后期：配音、配乐、音效、合成· 售后：调整、维护、解答的服务· 其他：卡通形象设计、动画表情包、VI logo、平面画册服务优势:看经验制作沟通零距离全程项目经理1V1看人员配置设计师毕业国内知名美术高校看制作服务项目群技术人员实时沟通交流看所达效果每层制作都把控比您更高要求看工期速度工单智能化严格把握进度流程看所出创意满足不同行业的需求精益求精看业内声誉给客户不同选择标准再次回购看我们实力拥有十多年以上动画制作水准人工智能化灵活运用AI智能出图效率更高服务前需客户提供的信息:技术服务的流程其实就是我们包含服务的一个顺序流程。以下为动画的制作流程，特殊动画除外。· １、剧本确认（脚本）· ２、提供样音（提供３-5个左右，供客户选择）· ３、风格确认（一般包含一张场景图＋一张角色图）· ４、分镜确认（全篇的分镜头、为设计好的静帧图）· ５、动画初稿确认（最终呈现的动画）· ６、修改完善、完成项目· ７、一年的售后服务其他:节点1:脚本确认;节点2:设计稿确认;节点3:配音确认;节点4:分镜确认;节点5 :动画确认。根据节点步步确认,阶段性进行●程序:把控五个重要节点,阶段性进行,把风险控制到最低的范围。●专注:如果-个公司什么都做,可能什么都做不好,我们只专注做动画这-件事。●态度:每一个客户都有很大概率成为长期客户,所以我们的态度培养每一个长期关系。
12,广告动画，MG二维三维宣传片flash动画设计制作,服务内容全部包含:前期制作 双方进行沟通 提供相关资料 进行文案创作 进行配音选择中期制作 进行原画创造 进行角色设计 进行场景设计 提供甲方审核后期制作 进行动画制作 音乐音效添加 进行视频合成 内部品控审核最终交付 提供甲方审核 改至甲方满意 甲方收货付款 交付最终视频服务优势:世纪常青动漫设计有限公司以动漫业务为核心，主要从事广告动画、科教动画、三维动画、形象设计、MG动画;从前期策划、脚本撰写，到分镜创作、人物设计、场景绘制、动画制作、输出成片，提供整包服务。我们有多年的二维动画制作经验和无限的创造力，有敏锐的嗅觉强悍的吸收力，梦幻的转化力;在动画行业和动态图形领域具有极高的专业度，我们鼓励创作精神，将客户的产品、思想核心、品牌需求等以动画的形式呈现出来，在动画行业服务前需客户提供的信息:世纪常青动漫设计有限公司以动漫业务为核心，主要从事广告动画、科教动画、三维动画、形象设计、MG动画;从前期策划、脚本撰写，到分镜创作、人物设计、场景绘制、动画制作、输出成片，提供整包服务。我们有多年的二维动画制作经验和无限的创造力，有敏锐的嗅觉强悍的吸收力，梦幻的转化力;在动画行业和动态图形领域具有极高的专业度，我们鼓励创作精神，将客户的产品、思想核心、品牌需求等以动画的形式呈现出来，在动画行业
13,二维三维MG手绘动画设计制作动漫视频AE动画光荣动漫,服务内容全部包含:光荣文创2003年成立，具有二十年品牌策划和文创设计历史，拥有1200平的整层设计空间。20年来，我们形成了一整套严格的项目执行标准，拥有超80人的设计团队。只做有文化的设计，对粗制滥造不屑一顾实力发声，光荣20年，见过改革时代的沧海桑田，见真知著文化策划，策划20年，走过中国设计的开天辟地，大浪淘沙风雨兼程，奋斗20年，经过年少创业的切肤之痛，守业更艰服务优势:1、形意兼得，形神兼备，光荣设计师以文化设计为魂，去伪存真，通达至真。2、大巧若拙，拒绝炫技，光荣设计师以返璞归真为神，化繁为简，画山是山。3、专深精准，严苛实施，光荣设计团队身负设计使命，呕心沥血，必成佳作。4、历史悠久，廿载耕耘，光荣创立20年，深耕行业，不忘初心，时间沉淀厚重。5、潮头风劲，不惧挑战，能战胜我们的不是对手，而是我们自己这颗平庸的心，我们拒绝把自己脸谱化。服务前需客户提供的信息:1、品牌名称，名称是品牌的第一识别性，望名思义，胸中有名，笔下有神。2、品牌行业，三百六十行，行行出状元，每个行业都有自己的独特属性，正所谓，外行看热闹，内行看门道。3、风格偏好，横看成岭侧成峰，远近高低各不同，不同的高度有不同的风景，不同的阅历有不同的沉淀，文无第一，武无第二，你偏爱的，才是更好的。其他:《江湖》十年创业百年孤独酒肆里，千金买一醉红尘中，万里挑一人且与我跃马扬鞭快意恩仇约一场决斗生死各负雨来风急把酒谁言欢关山万重此去天涯路
14,MG动画，二维广告三维flash短视频剪辑动画设计制作,服务内容全部包含:前期制作 双方进行沟通 提供相关资料 进行文案创作 进行配音选择中期制作 进行原画创造 进行角色设计 进行场景设计 提供甲方审核后期制作 进行动画制作 音乐音效添加 进行视频合成 内部品控审核最终交付 提供甲方审核 改至甲方满意 甲方收货付款 交付最终视频服务优势:前期制作 双方进行沟通 提供相关资料 进行文案创作 进行配音选择中期制作 进行原画创造 进行角色设计 进行场景设计 提供甲方审核后期制作 进行动画制作 音乐音效添加 进行视频合成 内部品控审核最终交付 提供甲方审核 改至甲方满意 甲方收货付款 交付最终视频服务前需客户提供的信息:前期制作 双方进行沟通 提供相关资料 进行文案创作 进行配音选择中期制作 进行原画创造 进行角色设计 进行场景设计 提供甲方审核后期制作 进行动画制作 音乐音效添加 进行视频合成 内部品控审核最终交付 提供甲方审核 改至甲方满意 甲方收货付款 交付最终视频
15,MG动画Flash制作企业二维逐帧手绘动漫系列集长篇制作,服务内容全部包含:【天降动漫】简介【南京创心天降文化创意有限公司】成立自2015年，注册资金115万元，我们拥有多年全流程动漫设计经验，欢迎咨询【服务范畴】【品牌/策划咨询】 【VI/空间全案】 【IP吉祥物全案】 【插画/漫画/绘本】【表情/动画/视频】 【文创礼盒/产品开发】【点击右侧咨询】天降动漫，帮您重塑品牌竞争力！服务优势:服务优势:节点1：脚本确认；节点2：设计稿确认；节点3：配音确认；节点4：分镜确认；节点5：动画确认。根据节点步步确认，阶段性进行，按照我们的流程节点制作，避免中间产生其他费用滋生，也能确保您的动画品质。服务前需客户提供的信息:服务前需客户提供的信息:视频的用途，投放渠道我们团队将根据雇主需求，提供相应策略并尽我们所能给您带来不同凡响的试听体验
16,三维3D产品机械科普施工安全工业裸眼3D器械动画制作设计,服务内容全部包含:五星服务商 超五星服务【宣传片】 【动画片】 【广告片】 宣传片：企业宣传片、产品宣传片、品牌宣传片、城市类宣传片等，一站式优质服务。动画片：动画创意、动画艺术风格，色彩搭配等影像支持，专业设备人员。广告片：互联网营销视频、病毒视频、网红短片，新颖玩法，裂变传播。服务优势:【品牌优势】全国多地直营公司，粤企文化产业领域代表企业，企业视频服务领域的著名影视制作品牌。【制作优势】团队自有，拒绝“搭班子”；设备自有，无需外借；多地拥有自营二维、三维制作团队及超1000m²影视制作基地。【服务优势】零距离服务，互联网+影视制作模式；价格：本土价格，超五星服务；优质：品质保证，自有团队；“一站式”全流程五星服务，为客户提供量身定制的影视解决方案。服务前需客户提供的信息:【简单5步 轻松搞定】 1.项目的文稿资料或图片资料2.对影片的初步构思想法或框架文案3.如有解说词脚本更好4.对标参考竞品信息及视频质量要求 5.预算控制范围
17,三维建模三维二维动画视频制作动画制作地编模型效果图渲染,服务内容全部包含:1.三维动画：三维动画是一种在三维空间中创建和表现动画的技术。它允许创作者在三维空间中移动、旋转、缩放和扭曲动画对象，以制作出逼真的动态效果。2.三维建模：三维建模是创建三维对象或场景的过程。它涉及到使用数字工具和技术来创建、修改和优化三维模型的几何形状、纹理、光照和材质等3.三维效果图：三维效果图是使用三维建模软件创建的静态或动态图像。服务优势:本公司经营三维动画有十年之久。动画作品门类众多，包含有工程机械类，施工动画，安全生产动画，医疗类，物流，军工，以及原宇宙虚拟人动画。更是服务过国内知名企业如：中国交建，中国铁建，北京理工大学，中国海洋大学，北京水利研究院，科兴生物，数字冰雹等国内著名企业。人力优势，经验优势，服务优势 三大优势。服务前需客户提供的信息:1.您需要明确地说明需求和目标，例如希望在动画或模型中展示什么内容，想要达到什么效果等。2.图纸和照片：您需要提供物体的图纸和照片，以便您能够准确地创建模型。如果可能的话，他们还可以提供一些视频或图像素材，以便您更好地了解他们的需求和目标。3.设计要求和规范：您需要明确设计要求和规范，例如颜色、字体、布局等，以便您能够准确地制作模型。4.需要提供时间表，以便您能够合理地安排工作进度。其他:总之，为了制作高质量的三维动画和建模以及效果图，需要确保您提供了足够的需求和目标、图纸和照片、设计要求和规范、时间表和预算以及其他要求和信息。这些资料将有助于您更好地理解需求并制作出符合要求的作品。
18,二维科普手绘MG动漫AE逐帧产品flash动画制作设计,服务内容全部包含:五星服务商 超五星服务【宣传片】 【动画片】 【广告片】 宣传片：企业宣传片、产品宣传片、品牌宣传片、城市类宣传片等，一站式优质服务。动画片：动画创意、动画艺术风格，色彩搭配等影像支持，专业设备人员。广告片：互联网营销视频、病毒视频、网红短片，新颖玩法，裂变传播。服务优势:【品牌优势】全国多地直营公司，粤企文化产业领域代表企业，企业视频服务领域的著名影视制作品牌。【制作优势】团队自有，拒绝“搭班子”；设备自有，无需外借；多地拥有自营二维、三维制作团队及超1000m²影视制作基地。【服务优势】零距离服务，互联网+影视制作模式；价格：本土价格，超五星服务；优质：品质保证，自有团队；“一站式”全流程五星服务，为客户提供量身定制的影视解决方案。服务前需客户提供的信息:【简单5步 轻松搞定】 1.项目的文稿资料或图片资料2.对影片的初步构思想法或框架文案3.如有解说词脚本更好4.对标参考竞品信息及视频质量要求 5.预算控制范围
19,3D动画三维动画建模抖音UE地编动作捕捉视频剪辑拍摄后期,服务内容全部包含:1.三维动画：三维动画是一种在三维空间中创建和表现动画的技术。它允许创作者在三维空间中移动、旋转、缩放和扭曲动画对象，以制作出逼真的动态效果。2.三维建模：三维建模是创建三维对象或场景的过程。它涉及到使用数字工具和技术来创建、修改和优化三维模型的几何形状、纹理、光照和材质等3.地编是UE中的一种工具，它允许开发者创建和编辑游戏中的关卡和场景。地编允许开发者在虚拟环境中放置各种元素服务优势:本公司经营三维动画有十年之久。动画作品门类众多，包含有工程机械类，施工动画，安全生产动画，医疗类，物流，军工，以及原宇宙虚拟人动画。更是服务过国内知名企业如：中国交建，中国铁建，北京理工大学，中国海洋大学，北京水利研究院，科兴生物，数字冰雹等国内著名企业。人力优势，经验优势，服务优势 三大优势。服务前需客户提供的信息:1.您需要明确地说明需求和目标，例如希望在动画或模型中展示什么内容，想要达到什么效果等。2.图纸和照片：您需要提供物体的图纸和照片，以便您能够准确地创建模型。如果可能的话，他们还可以提供一些视频或图像素材，以便您更好地了解他们的需求和目标。3.设计要求和规范：您需要明确设计要求和规范，例如颜色、字体、布局等，以便您能够准确地制作模型。4.需要提供时间表，以便您能够合理地安排工作进度。其他:总之，为了制作高质量的三维动画和建模以及效果图，需要确保您提供了足够的需求和目标、图纸和照片、设计要求和规范、时间表和预算以及其他要求和信息。这些资料将有助于您更好地理解需求并制作出符合要求的作品。
20,mg动画制作MG动画动画设计科普动画AE飞碟说flash,服务内容全部包含:墨家品牌是一家线下实体+线上相结合的设计机构，专注于品牌服务领域11年，服务客户过万家，今日头条、碧桂园集团、999药业、VIVO等企业都是我们的客户。我们提供品牌设计（logo-商标设计、vis系统、包装、画册、海报、吉祥物ip、电商）空间设计（连锁店、专卖店、展览展厅、商业美陈）服务。墨家品牌从中国传统文化中汲取养分并结合西方的设计思想，秉承做设计更是做服务的理念为客户提供服务！服务优势:墨家品牌设计主要经营的项目有：【品牌设计】：LOGO商标 、卡通吉祥物、VIS系统规范、包装、画册、折页、海报、宣传单设计、空间设计、展厅设计、连锁店设计、商业美陈、H5、PPT、电商详情页首页设计、商标登记等【品牌文案策划】：品牌简介、品牌故事、品牌理念、品牌价值观、企业经营宗旨、品牌愿景、品牌广告语、公众号代运营等【影视类】：MG动画、Flash动画、三维动画、宣传片制作等服务前需客户提供的信息:具体内容可以咨询售前顾问墨家品牌是一家线下实体+线上相结合的设计机构，专注于品牌服务领域11年，服务客户过万家，今日头条、碧桂园集团、999药业、VIVO等企业都是我们的客户。我们提供品牌设计（logo-商标设计、vis系统、包装、画册、海报、吉祥物ip、电商）空间设计（连锁店、专卖店、展览展厅、商业美陈）服务。墨家品牌从中国传统文化中汲取养分并结合西方的设计思想，秉承做设计更是做服务的理念为客其他:墨家品牌是一家线下实体+线上相结合的设计机构，专注于品牌设计领域11年，服务客户过万家，今日头条、碧桂园集团、999药业、VIVO等企业都是我们的客户。我们提供品牌设计（logo-商标设计、vis系统、包装、画册、海报、吉祥物ip、电商）及空间设计（连锁店、专卖店、展览展厅、商业美陈）服务。墨家品牌从中国传统文化中汲取养分并结合西方的设计思想，秉承做设计更是做服务的理念为客户提供you质的服务！
21,MG动画二维科普GIF动画AE飞碟说flash手绘CG,服务内容全部包含:创立方文化传媒本部坐落于江苏省南京市，立足于猪八戒网下设多个城市分部，服务全中国。创立方成立于2012年，始终秉承【创异、创意、创益】的理念，为企业在品牌设计策划、影视动画制作、公装设计及知识产权等方面提供服务，为企业量身定制品牌体系。创立方始终奉行【诚信求实、致力服务、】的企业宗旨全力跟随客户需求，不断进行产品创新和服务改进，为各位新老客户提服务！！！服务优势:创立方文化传媒本部坐落于江苏省南京市，立足于猪八戒网下设多个城市分部，服务全中国。创立方成立于2012年，始终秉承【创异、创意、创益】的理念，为企业在品牌设计策划、影视动画制作、公装设计及知识产权等方面提供服务，为企业量身定制品牌体系。创立方始终奉行【诚信求实、致力服务、】的企业宗旨全力跟随客户需求，不断进行产品创新和服务改进，为各位新老客户提服务！！！服务前需客户提供的信息:创立方文化传媒本部坐落于江苏省南京市，立足于猪八戒网下设多个城市分部，服务全中国。创立方成立于2012年，始终秉承【创异、创意、创益】的理念，为企业在品牌设计策划、影视动画制作、公装设计及知识产权等方面提供服务，为企业量身定制品牌体系。创立方始终奉行【诚信求实、致力服务、】的企业宗旨全力跟随客户需求，不断进行产品创新和服务改进，为各位新老客户提服务！！！
22,三维3D动画产品工业演示设备建筑园林景观游戏角色设计制作,服务内容全部包含:咔嚓影视文化传媒有限公司（以下简称咔嚓影视）多年深耕于影视制作在重庆、成都、北京、上海等城市拥有自己的城市站及摄制团队，公司以内容创作为核心，集电影制作、TVC广告片、微电影、文案撰写、产品拍摄互动推广，影视后期制作，二维动画，三维动画），裸眼3D，展厅交互VR/AR于一体，秉承“高水准、高品位、高效率”服务理念，在众多视频拍摄及制作方面都获得了客户一致认可，并且业务范围涉及全国及海外。服务优势:1、项目经理全程与您1V1沟通，确保沟通环节通畅、传达及时。 2、根据您的业务需求组建专属与您的项目组团队。 3、开放式全流程溯源，确保把控精准的项目进度，高质量的完成服务，售后服务体系，任务交付零超期。 4、每个作品的相关数据都会为您保留，随时随地为您解决难题。5、专业的团队：团队成员均来自名校，有着丰富的制作经验和优秀的代表作品和服务背书，央视/世界500强/上市公司优质供应商。服务前需客户提供的信息:1 提供产品或企业资料信息，后期用途。2 需要您明确视频需要做多长时间，几分钟；3 如果需要旁白/解说词，如果无法提供，可以简单提供解说文稿或我们根据您提供的资料进行撰写，也可以根据您提供的解说词进行润泽拔高；4 尺寸一般情况下高清尺寸，如果您有特殊要求，可以说明；5 初步沟通后，我们会专门为您列举该合作所需要的前期资料表发您。其他:制作流程为：确认合作—建立项目组-创意策划-文案撰写-素材摄制-后期制作-交付样片-调整完善-品控审核-交付成片服务客户:华为、腾讯、万达、米哈游、小米、国家电网、中国移动、中国电信、中国航空、中国平安、太平洋、东风日产、新东方英语、现代汽车、大众汽车、荔枝FM、CCTV、京东宠物、百度、海尔集团、可口可乐、周六福珠宝等知名企业和政府单位，目前已成为上百家知名企业指定供应商，达成年度合作关系。
23,MG动画二维动画逐帧flash三维动画视频制作动画3D,服务内容全部包含:三维动画制作：3D产品宣传动画/虚拟IP动画/建筑动画/流程动画/特效动画/栏目包装/LOGO演绎二维动画制作：MG动画/逐帧动画/FLASH动画/AE包装动画/定格动画/LOGO演绎影视制作：企业宣传片/产品宣传片/TVC广告/短视频制作/纪录片/慕课制作展厅片源制作:VR动画/沉浸式折幕视频/全景视频/裸眼3D/全息投影/球幕/异形屏视频服务优势:云渊文化成立于2016年我们致力于将数码实拍+计算机3D技术服务到营销领域，帮助客户在线上线下创造更生动营销体验团队专注高端视频制作，拥有超过10000次服务经验与超过50家上市企业，事业机关单位形成良好的长期合作关系服务客户地域覆盖全中国及全球。我们专注于以创意助力商业，集三维动画、二维动画、文案撰写、平面设计互动推广于一体，为企业提供贯穿品牌全生命周期的“内容+传播”宣传方案。服务前需客户提供的信息:项目开始前会组织客户与我方相关人员一起参与需求沟通会以及相关企业内容或产品内容的培训会议，充分理解完客户需求后，需要客户再次提供相关宣传内容的图文资料（资料包含但不限于：公司介绍PPT/公司官方网站链接/产品推介PPT/企业logo/企业vi手册/产品图片模型文件/邮寄产品实物等）以及会涉及到的相关产品数据。其他:物料提供如您有文案、解说词或者脚本请将文档发于项目经理，我们会有专业的策划老师进行评估工作。图片、视频素材等资料，请将素材命名标注并归纳到相应的文件夹中，方便我方后期同事进行素材挑选。如有企业的V1规范或者l0go请将AL、CDR等源文件发送于我们。在我们接到素材后发现某些素材的质量分辨率低，模糊。我方建议不使用该类素材，避免影响最终成品效果。
24,二维动画宣传MG企业产品动漫flash科普课件设计定制作,服务内容全部包含:咔嚓影视文化传媒有限公司（以下简称咔嚓影视）多年深耕于影视制作在重庆、成都、北京、上海等城市拥有自己的城市站及摄制团队，公司以内容创作为核心，集电影制作、TVC广告片、微电影、文案撰写、产品拍摄互动推广，影视后期制作，二维动画，三维动画），裸眼3D，展厅交互VR/AR于一体，秉承“高水准、高品位、高效率”服务理念，在众多视频拍摄及制作方面都获得了客户一致认可，并且业务范围涉及全国及海外。1、项服务优势:1、项目经理全程与您1V1沟通，确保沟通环节通畅、传达及时。 2、根据您的业务需求组建专属与您的项目组团队。 3、开放式全流程溯源，确保把控精准的项目进度，高质量的完成服务，售后服务体系，任务交付零超期。 4、每个作品的相关数据都会为您保留，随时随地为您解决难题。5、专业的团队：团队成员均来自名校，有着丰富的制作经验和优秀的代表作品和服务背书，央视/世界500强/上市公司优质供应商。服务前需客户提供的信息:1 提供产品或企业资料信息，后期用途。2 需要您明确视频需要做多长时间，几分钟；3 如果需要旁白/解说词，如果无法提供，可以简单提供解说文稿或我们根据您提供的资料进行撰写，也可以根据您提供的解说词进行润泽拔高；4 尺寸一般情况下高清尺寸，如果您有特殊要求，可以说明；5 初步沟通后，我们会专门为您列举该合作所需要的前期资料表发您。其他:制作流程为：确认合作—建立项目组-创意策划-文案撰写-素材摄制-后期制作-交付样片-调整完善-品控审核-交付成片服务客户:华为、腾讯、万达、米哈游、小米、国家电网、中国移动、中国电信、中国航空、中国平安、太平洋、东风日产、新东方英语、现代汽车、大众汽车、荔枝FM、CCTV、京东宠物、百度、海尔集团、可口可乐、周六福珠宝等知名企业和政府单位，目前已成为上百家知名企业指定供应商，达成年度合作关系。
25,二维AE手绘MG三维3D企业产品动画制作动漫年会动画设计,服务内容全部包含:小二郎文化传媒旗下拥有“ 品牌策划运营”“影视拍摄制作”“动画动漫创作” “美术视觉设计“四大业务板块，共计7大类超过50项产品服务，为企业提供贯穿品牌宣传推广全生命周期的内容制作解决方案。我们的客户遍布全球数十个国家和地区，覆盖超过30个细分行业领域，9000＋服务经验，现已服务包括腾讯、阿里、华为、海尔、万达集团等200多家上市企业，40多家世界500强。我们的客服24小时在线，欢迎咨询~服务优势:1.品牌：上市公司供应商2.口碑：3000＋99%满意度3.服务：提供完善的售后服务体系4.硬件：电影级影视制作全套设备5.创意：构建创意星球社区，集合2000＋创意方案6.模式：“影视＋中央厨房”创作系统7.标准：打造工业化、数字化的15项标准制作流程8.文化：记录中国非遗文化，传播中华民族精神内核服务前需客户提供的信息:客户需要提供动画的ip形象、场景、动画时长等基础信息、基础文案内容、参考风格类型、案例视频基础文案内容、参考风格类型、案例视频，最好提供清晰的动画预算、我们可以根据不同的风格类型进行最大化的发挥，达到客户想要的效果。客户需要提供动画的ip形象、场景、动画时长等基础信息、基础文案内容、参考风格类型、案例视频基础文案内容、参考风格类型、案例视频，最好提供清晰的动画预算、我们可以根据不同的风格类型进行最其他:服务流程：需求沟通-确定商务合作-托管赏金-建立项目组-创意策划-文案撰写-素材摄制-后期制作-交付样片-调整完善-品控审核-交付成片
26,宣传片产品三维动画MG动画3d动画二维动画制作三维设计,服务内容全部包含:三维动画制作：3D产品宣传动画/虚拟IP动画/建筑动画/流程动画/特效动画/栏目包装/LOGO演绎二维动画制作：MG动画/逐帧动画/FLASH动画/AE包装动画/定格动画/LOGO演绎影视制作：企业宣传片/产品宣传片/TVC广告/短视频制作/纪录片/慕课制作展厅片源制作:VR动画/沉浸式折幕视频/全景视频/裸眼3D/全息投影/球幕/异形屏视频服务优势:云渊文化成立于2016年我们致力于将数码实拍+计算机3D技术服务到营销领域，帮助客户在线上线下创造更生动营销体验团队专注高端视频制作，拥有超过10000次服务经验与超过50家上市企业，事业机关单位形成良好的长期合作关系服务客户地域覆盖全中国及全球。我们专注于以创意助力商业，集三维动画、二维动画、文案撰写、平面设计互动推广于一体，为企业提供贯穿品牌全生命周期的“内容+传播”宣传方案。服务前需客户提供的信息:项目开始前会组织客户与我方相关人员一起参与需求沟通会以及相关企业内容或产品内容的培训会议，充分理解完客户需求后，需要客户再次提供相关宣传内容的图文资料（资料包含但不限于：公司介绍PPT/公司官方网站链接/产品推介PPT/企业logo/企业vi手册/产品图片模型文件/邮寄产品实物等）以及会涉及到的相关产品数据。其他:物料提供如您有文案、解说词或者脚本请将文档发于项目经理，我们会有专业的策划老师进行评估工作。图片、视频素材等资料，请将素材命名标注并归纳到相应的文件夹中，方便我方后期同事进行素材挑选。如有企业的V1规范或者l0go请将AL、CDR等源文件发送于我们。在我们接到素材后发现某些素材的质量分辨率低，模糊。我方建议不使用该类素材，避免影响最终成品效果。
27,抖音短视频虚拟主播偶像二次元3D数字人动态直播特效开发,服务内容全部包含:抖音虚拟主播ai生成人工智能数字虚拟元宇宙短视频抖音3D虚拟主播虚拟主播偶像二次元数字人数字人动态捕捉直播特效开发服务优势:1、10余年行业经验，专属定制化服务2、标准化技术管理，人员分工明确，源码文件全部提供3、根据客户需求提供定制化的游戏开发服务，产品开发无忧4、各种大型企业案例，上千款成熟案例供您选择，涉及各行业5、技术积累，Java、python、C、C++、PHP等10余种主流语言6、实体线下公司40+专业技术团队，项目经理一对一服务，专职需求分析师免费出落地方案服务前需客户提供的信息:具体内容沟通请联系我们：手机登录用户：点击下方【立即咨询】电脑登录用户：点击右侧【电话联系】【微信咨询】【在线咨询】均可咨询免费获取需求分析师一对一专属定制方案，项目经理一对一解决您提出的技术问题其他:万创是一家致力于移动互联网软件技术开发的公司，为您提供高端管理系统软件，游戏开发、APP开发，小程序定制，高品质网站设计等服务，目前公司拥有40余名国内优秀有经验的研发工程师，并且拥有丰富的成功案例和行业经验，我们将与您面对面沟通需求，原型对接清晰直观，项目经理一对一服务，专职需求分析师免费出落地方案，个性化定制，从不套模板，确保高品质软件交付，为客户创造优质软件体验。
28,二维动画设计mgFlash飞碟说逐帧软件手绘宣传动画制作,服务内容全部包含:优恳科技有限公司是一家致力于，UI设计，游戏美术，网站与移动互联网应用产品开发的综合创新型公司，优恳团队成立于07年，优恳在八戒平台运营14年，凭借实力连续多年获奖，优恳为国内企业如中国电信，腾讯，三星电子，施耐德，国家电网等长期服务。优恳分工明确，有完整成熟科学的设计、研发、售后服务体系，我们在实践中不断学习探索，时刻与行业前沿技术同步，为客户打造高水平的服务是我们的宗旨。服务优势:优恳秉承体验设计与服务设计的理念，交付高质量ui视觉服务：❶ 移动端ui设计 ❷软件界面设计 ❸游戏ui设计 ❹ 网页设计 ❺产品策划与咨询业务咨询通过右侧：✔在线IM.✔隐私电话，✔企业微信 ，免费咨询，诚挚期待与您合作。项目完结提交内容（根据项目需求而定）：❶ 整体ui界面设计效果图❷png切图或蓝湖上传❸psd，Sketch、Figma（其中之一）优恳诚挚期待与您合作！服务前需客户提供的信息:1.整体需求介绍和描述，方便我们了解项目背景行业基本的信息，方便快速准确分析理解需求。2.提供需求文档，版本框架，需求策划，同类型参考案例，交互原型，手绘草图等。3.提供相关的资料，如vi系统，产品相关宣传册，宣传视频，照片图片资料，3d模型等以上为列出的需求资料，按照客户情况，尽可能能多提供，会提高沟通效率，降低沟通成本，得到准确的价格时间，或者初步的方案方向。其他:提醒：其他客户关心问题请查阅下面【常见问题】！
29,动画制作MG动画flash动画二维三维AE手绘动漫设计,服务内容全部包含:匠派品牌营销策划，匠派人一直是梦想品牌的打造者，10年来专注于品牌设计领域，擅长品牌策划、品牌设计、品牌营销全套品牌营销策划服务。服务优势:曾服务过五粮液、竹叶青、小龙坎、全友、百威、小米、苏宁、中国电信、国家电网、延长石油、德力西集团、梦陇酒庄等国内外品牌。服务前需客户提供的信息:根据项目请咨询我们，匠派团队创建于2013年9月，是一家专业的品牌设计机构，服务客户超50000家，累计完成品牌项目19万个。
30,产品动画三维医学医疗机械原理施工演示演绎3d视频CG制作,服务内容全部包含:【二维动画】 【三维动画】1、品牌推广 1、产品演示推广2、产品宣传 2、生产工艺3、活动开场 3、工业流程4、流程讲解 4、医疗设备5、政策科普 5、工程施工6、电商营销 6、片头演绎7、教育课件 7、机器机械演示服务优势:每个梦想，鼎力相助！ 易扬设计提供专业的动画设计，UI设计，游戏美术设计，品牌设计，空间设计，3D建模，产品外观设计。服务8年，服务企业超过1000家，秉承以互联网传播思维，切实为客户带来设计商业价值。 合作客户包含腾讯、中国石油、电网、交通银行、北京银行、深圳海关、中科院、同花顺、知识产权出版社、华润、华夏航空、海尔集团、吉比特、川仪股份等大中小企业。团队设计师平均5年以上工作经。服务前需客户提供的信息:1 提供产品或企业资料信息，后期用途。2 需要您明确视频需要做多长时间，几分钟；3 如果需要旁白/解说词，如果无法提供，可以简单提供解说文稿或我们根据您提供的资料进行撰写，也可以根据您提供的解说词进行润泽拔高；4 尺寸一般情况下高清尺寸，如果您有特殊要求，可以说明；5 初步沟通后，我们会专门为您列举该合作所需要的前期资料表发您。
31,宣传片影视制作三维动画MG/AE二维后期视频剪辑抖音配音,服务内容全部包含:【二维动画】|【影视制作】 | 【三维动画】1、品牌推广 | 1、企业宣传 | 1、产品推广2、产品宣传 | 2、产品广告 | 2、品牌形象3、活动开场 | 3、政府汇报 | 3、工业流程4、流程讲解 | 4、专题记录 | 4、医疗设备5、政策科普 | 5、活动暖场 | 5、游戏动作6、电商营销 | 6、品牌形象 | 6、片头演绎7、教育课件 | 7、剪辑合成 | 7、展厅折幕服务优势:【七大优势】1看经验：上百种风格可选，各行均有企业案例2看团队：成员均科班毕业，实战超百余项目3看标准：电影级制作标准，一条龙服务流程4看服务：项目组实时沟通，有疑问高效回复5看速度：多团队并驾齐驱，把控进度更高效6选创意：三种方案供选择，头脑风暴更简单7选声誉：十五年服务经验，猪八戒网可追溯服务前需客户提供的信息:★前期沟通所需资料★【1提供项目的相关文档】【2有解说词提供解说词】 （没有解说词我们提供策划方案）【3使用场景及针对人群】【4对标参考样片及预期】【5领导要求及期望效果】★备注★因广告宣传属于定制化方案，各行业之间所需资料大不相同，具体可联系本店客服进一步咨询，我们将为您提供多样化服务。其他:★友情提示★1、政府、公益、地产、医疗行业等各行各业皆有对应案例；2、所有提到的品牌均有真实案例；
32,MG二维动画三维AE手绘动漫形象设计企业产品宣传视频制作,服务内容全部包含:海象于2012年正式组建，以重庆为总部，拥有影视品牌全案中心。企业员工毕业于浙江传媒大学、重庆大学，西南政法大学，重庆邮电大学、吉林动画大学等国内外学府。旗下拥有“品牌运营”“影视制作”“动画动漫”“视觉设计”四大事业部，共计7大类超过50项产品服务。我们的客户遍布全球数十个国家和地区，现已服务包括腾讯、阿里、华为、海尔、万达集团等200多家上市企业。服务优势:1.品牌：上市公司供应商2.口碑：3000＋99%满意度3.服务：提供完善的售后服务体系4.硬件：电影级影视制作全套设备5.创意：构建创意星球社区，集合2000＋创意方案6.模式：“影视＋中央厨房”创作系统7.标准：打造工业化、数字化的15项标准制作流程8.文化：记录中国非遗文化，传播中华民族精神内核服务前需客户提供的信息:客户需求描述和具体要求，动画风格、时长、规格、使用场景、以及预算等。客户需求描述和具体要求，动画风格、时长、规格、使用场景、以及预算等。其他:服务流程：需求沟通-确定商务合作-托管赏金-建立项目组-创意策划-文案撰写-素材摄制-后期制作-交付样片-调整完善-品控审核-交付成片
33,3D产品机械建筑模器械生产线原理医学演绎演示三维动画视频,服务内容全部包含:【二维动画】 【三维动画】1、品牌推广 1、产品演示推广2、产品宣传 2、生产工艺3、活动开场 3、工业流程4、流程讲解 4、医疗设备5、政策科普 5、工程施工6、电商营销 6、片头演绎7、教育课件 7、机器机械演示服务优势:每个梦想，鼎力相助！ 易扬设计提供专业的动画设计，UI设计，游戏美术设计，品牌设计，空间设计，3D建模，产品外观设计。服务8年，服务企业超过1000家，秉承以互联网传播思维，切实为客户带来设计商业价值。 合作客户包含腾讯、中国石油、电网、交通银行、北京银行、深圳海关、中科院、同花顺、知识产权出版社、华润、华夏航空、海尔集团、吉比特、川仪股份等大中小企业。团队设计师平均5年以上工作经。服务前需客户提供的信息:1 提供产品或企业资料信息，后期用途。2 需要您明确视频需要做多长时间，几分钟；3 如果需要旁白/解说词，如果无法提供，可以简单提供解说文稿或我们根据您提供的资料进行撰写，也可以根据您提供的解说词进行润泽拔高；4 尺寸一般情况下高清尺寸，如果您有特殊要求，可以说明；5 初步沟通后，我们会专门为您列举该合作所需要的前期资料表发您。
34,mg动画制作flash二维动画设计手绘动画视频制作宣传片,服务内容全部包含:【二维动画】|【影视制作】 | 【三维动画】1、品牌推广 | 1、企业宣传 | 1、产品推广2、产品宣传 | 2、产品广告 | 2、品牌形象3、活动开场 | 3、政府汇报 | 3、工业流程4、流程讲解 | 4、专题记录 | 4、医疗设备5、政策科普 | 5、活动暖场 | 5、片头演绎6、教育课件 |6、剪辑合成 | 6、展厅折幕服务优势:公司介绍：观今动漫从事动画设计十余年有着丰富的动画设计经验和不计其数优秀的动画作品；我们的员工均科班毕业，人均实战超百余项目；我们服务过的客户超30000余位，服务过的城市超300余个。我们已与滴滴、腾讯、爱奇艺、大众点评、中国移动、中国建设银行、中国银行、中国邮政、中国平安、携程旅游、大众点评、顺丰速递、周大福珠宝等客户达成深度合作。服务前需客户提供的信息:【1提供项目制作需要的相关文档】【2有文案解说词提供文案解说词】 【3改动画使用的场景及针对人群】【4项目的对标参考样片及预期】【5领导要求及期望效果】【注意】因广告宣传属于定制化方案，各行业之间所需资料大不相同，具体可联系本店客服进一步咨询其他:合作流程：前期需求沟通-确定商务合作-托管赏金-建立项目组-创意策划-文案撰写-分镜制作\动画小样-动画制作-交付样片-调整完善-品控审核-交付成片
35,游戏制作3DUNITY游戏开发APP手游H5网页制作游戏,服务内容全部包含:H5游戏、APP游戏、网页游戏、PC游戏、3D游戏、区块链游戏、元宇宙游戏、小程序游戏、体感游戏、VR/AR游戏、动作游戏、冒险游戏、射击游戏、角色扮演游戏（RPG）、策略游戏、模拟游戏、体育游戏、多人在线游戏（MMO）、益智游戏、游戏美术、3D游戏建模、软件开发等服务优势:定制化解决方案：深入了解客户独特需求，根据其目标和预算提供游戏定制化方案多平台兼容：具备跨多平台开发能力，包括PC、掌机、移动设备等技术专长：拥有一支经验丰富的团队，掌握游戏开发的最新技术和工具创造力和创新：为客户带来独特而受欢迎的游戏体验质量保征和测试：实施严格的质量保征措施，包括代码审查、单元测试、综合测试和用户测试项目管理和沟通：配备经验丰富的项目经理，负责协调和管理整个开发过程服务前需客户提供的信息:具体内容沟通请联系我们：手机登录用户：点击下方【立即咨询】电脑登录用户：点击右侧【电话联系】【微信咨询】【在线咨询】均可其他:服务流程：需求沟通—需求评估—项目立项—产品规划—UI设计—程序开发—质量审核—验收交付—部署上线—后期维护
36,二三维动画制作3d动画mg动画教育科普动画宣传片制作,服务内容全部包含:服务范围：产品动画、角色动画、建筑动画、工业动画、全息裸眼3D等服务优势：1、高效设计：全流程为您保证设计服务2、量身定制：针对您的需求进行设计，符合你的设计要求价格说明：1、我们有各种价位的案例可供选择，满足您的各种预期2、我们致力于提供性价比高的设计服务服务优势:公司介绍：观今动漫从事动画设计十余年有着丰富的动画设计经验和不计其数优秀的动画作品；我们的员工均科班毕业，人均实战超百余项目；我们服务过的客户超30000余位，服务过的城市超300余个。我们已与滴滴、腾讯、爱奇艺、大众点评、中国移动、中国建设银行、中国银行、中国邮政、中国平安、携程旅游、大众点评、顺丰速递、周大福珠宝等客户达成深度合作。服务前需客户提供的信息:【1提供项目制作需要的相关文档】【2有文案解说词提供文案解说词】【3改动画使用的场景及针对人群】【4项目的对标参考样片及预期】【5领导要求及期望效果】【注意】因广告宣传属于定制化方案，各行业之间所需资料大不相同，具体可联系本店客服进一步咨询其他:合作流程：前期需求沟通-确定商务合作-托管赏金-建立项目组-创意策划-文案撰写-分镜制作\动画小样-动画制作-交付样片-调整完善-品控审核-交付成片
37,制作游戏3D游戏开发APP游戏UNITYH5网页游戏制作,服务内容全部包含:H5游戏、APP游戏、网页游戏、PC游戏、3D游戏、区块链游戏、元宇宙游戏、小程序游戏、体感游戏、VR/AR游戏、动作游戏、冒险游戏、射击游戏、角色扮演游戏（RPG）、策略游戏、模拟游戏、体育游戏、多人在线游戏（MMO）、益智游戏、游戏美术、3D游戏建模、软件开发等服务优势:定制化解决方案：深入了解客户独特需求，根据其目标和预算提供游戏定制化方案多平台兼容：具备跨多平台开发能力，包括PC、掌机、移动设备等技术专长：拥有一支经验丰富的团队，掌握游戏开发的最新技术和工具创造力和创新：为客户带来独特而受欢迎的游戏体验质量保征和测试：实施严格的质量保征措施，包括代码审查、单元测试、综合测试和用户测试项目管理和沟通：配备经验丰富的项目经理，负责协调和管理整个开发过程服务前需客户提供的信息:具体内容沟通请联系我们：手机登录用户：点击下方【立即咨询】电脑登录用户：点击右侧【电话联系】【微信咨询】【在线咨询】均可其他:服务流程：需求沟通—需求评估—项目立项—产品规划—UI设计—程序开发—质量审核—验收交付—部署上线—后期维护
38,二维AE三维MG3D动画宣传片拍摄剪辑定制企业产品牌视频,服务内容全部包含:亦北品牌设计是一家集品牌全案设计，产品设计，室内设计，软件培训为一体的全案的设计公司，我们致力于0到1，从logo设计，包装设计，ip设计，线上线下宣传物料等多领域的研究与实践。为近千家企业提供了good的服务并得到一致好评。多年的设计积累了丰富的设计经验和电商行业运营的洞察力。 公司坚持“用心创造价值”的理念，结合客户的需求，从good的服务和完美的质量出发，不断探索，不断实践，追求 very good，我们始终坚持用设计为客户解决问题，用设计为客户创造出品牌价值和商业价值。我们的服务范围：亦北设计有限公司专业服务打造 very good的企业形象，从品牌设计到产品研发，以及产品包装，电商运营，室内设计，景观设计等综合服务为一体的设计企业，坚持高质量的设计，一站式服务携手客户成为品牌的创造者。我们站在市场的角度，根据企业的品牌战略，创造出具有市场价值的设计作品。如果您也和我们一样，拥有把产品做到极致的“用心创造价值”的心态，拥有开创 very good品牌的心态，就来找我们，我们会竭尽全力为您创造属于您和您品牌的辉煌。我们的价格不一定是最低的，但是我们敢确保我们的服务态度和作品的质量是棒棒的，亦北设计相信今天的合作，就是明天你我的共赢！亦北设计针对合作过的客户，可以提供全年的设计任务，日常设计，作图中遇到的问题，免费解决。一次合作，就可以享受拥有自己设计公司的服务体验
39,漫画设计四格连载儿童绘本教材卡通手绘肖像插画杂志,服务内容全部包含:✿东莞市合否品牌营销公司——合否HOFOPE 定义数字化品牌创意服务机构，线下实体办公场地2000m²，在职人员70人，专注视觉设计+自媒体经营7年，为泰康、联想、伊利、天猫精灵等，品牌提供年框设计服务，2022年成为上市公司星河生物（盈康生命)指定全营销服务商，并共同成立理叶洲品牌。服务优势:视觉设计板块：包装、详情页、首页、画册、产品视频、企业宣传片、logo、海报、渲染图、三维动画、mg动画、产品摄影图、A+页面、三维渲染图、ip形象吉祥物、品牌vis、品牌全案等。自媒体推广板块：直播服务、自媒体代运营、网红达人推广服务设计技术岗位包含：平面、插画、摄影、三维、剪辑、文案、策划、运营、直播等产业投资：对于优质的项目，我们也愿意一起参与进去，技术入股、资金入股服务前需客户提供的信息:✿核心视觉设计师50+✿品牌营销增值服务1500+✿品牌合作企业600+✿交付稿件300w+✿旗下达人数量300+✿摄影师10+其他:合否品牌营销，为您的生意添砖加瓦，更上一层楼。全天待机随时解答您的疑惑，点击右侧与项目经理进行在线一对一沟通解答！
40,AE/MG三维动画宣传片影视制作产品动画视频剪辑配音淘宝,服务内容全部包含:【二维动画】|【影视制作】 | 【三维动画】1、品牌推广 | 1、企业宣传 | 1、产品推广2、产品宣传 | 2、产品广告 | 2、品牌形象3、活动开场 | 3、政府汇报 | 3、工业流程4、流程讲解 | 4、专题记录 | 4、医疗设备5、政策科普 | 5、活动暖场 | 5、游戏动作6、电商营销 | 6、品牌形象 | 6、片头演绎7、教育课件 | 7、剪辑合成 | 7、展厅折幕服务优势:【七大优势】1看经验：上百种风格可选，各行均有企业案例2看团队：成员均科班毕业，实战超百余项目3看标准：电影级制作标准，一条龙服务流程4看服务：项目组实时沟通，有疑问高效回复5看速度：多团队并驾齐驱，把控进度更高效6选创意：三种方案供选择，头脑风暴更简单7选声誉：十五年服务经验，猪八戒网可追溯服务前需客户提供的信息:★前期沟通所需资料★【1提供项目的相关文档】【2有解说词提供解说词】 （没有解说词我们提供策划方案）【3使用场景及针对人群】【4对标参考样片及预期】【5领导要求及期望效果】★备注★因广告宣传属于定制化方案，各行业之间所需资料大不相同，具体可联系本店客服进一步咨询，我们将为您提供多样化服务。其他:★友情提示★1、政府、公益、地产、医疗行业等各行各业皆有对应案例；2、所有提到的品牌均有真实案例；
41,二维AE三维3D建模特效动画设计制作片头产品演示流程,服务内容全部包含:海象于2012年正式组建，以重庆为总部，拥有影视品牌全案中心。企业员工毕业于浙江传媒大学、重庆大学，西南政法大学，重庆邮电大学、吉林动画大学等国内外学府。旗下拥有“品牌运营”“影视制作”“动画动漫”“视觉设计”四大事业部，共计7大类超过50项产品服务。我们的客户遍布全球数十个国家和地区，现已服务包括腾讯、阿里、华为、海尔、万达集团等200多家上市企业。服务优势:1.品牌：上市公司供应商2.口碑：3000＋99%满意度3.服务：提供完善的售后服务体系4.硬件：电影级影视制作全套设备5.创意：构建创意星球社区，集合2000＋创意方案6.模式：“影视＋中央厨房”创作系统7.标准：打造工业化、数字化的15项标准制作流程8.文化：记录中国非遗文化，传播中华民族精神内核服务前需客户提供的信息:客户相关资料和信息其他:服务流程：需求沟通-确定商务合作-托管赏金-建立项目组-创意策划-文案撰写-素材摄制-后期制作-交付样片-调整完善-品控审核-交付成片
42,三维动画制作动画制作动漫游戏设计房地产政府工业汽车旅游博,服务内容全部包含:湾流视觉作为全国性的专业数字视觉综合服务供应商，立足于视觉科技与应用行业，专注于CG应用领域，以创意为核心、市场需求为导向，主要利用计算机图形图像技术进行视觉设计和创作，将CG技术与艺术相结合，依托长期积累的技术实力和前瞻性的创意设计能力，为建筑、设计、展馆、广告、动漫、影视、文体娱乐活动等行业的客户提供涵盖CG静态、CG动态、CG视觉场景业务的数字视觉综合服务。———————————————服务优势:湾流视觉拥有多年影视后期和三维动画制作经验，是一家集视频创意、策划、制作、传播 全流程统筹于一身的全案服务公司；公司旗下拥有上千人组成的富有才干和创 新思想的zhuan业团队，迄今已为150多所国内外设计院/公司、中国地产bai强企业、国内众多知名品牌提供定制化三维动画制作服务。服务前需客户提供的信息:公司植根于文化、文博、影视领域，一方面以影视技术为手段，为CCTV等各级媒体、企事业单位、政府部门制作纪录片、宣传片、微电影、短视频、动漫、广告等专业视频内容。 一方面以文化为底蕴，为各级博物院、考古所等科研单位制作纪录片、科普动漫片，策划设计展览空间、科普绘本、文创衍生品等。其他:服务客户：作业帮、博彦科技、今日头条、高途、绫致时装、联想（北京）、猪八戒网、小米、特斯拉、百度在线、腾讯、西贝餐饮集团、同仁堂健康、新东方、物美集团、好未来、富士康、理想汽车、快手、尚德机构……
43,二维MG手绘Flash插画AE科普动画制作动漫设计,服务内容全部包含:详情请咨询右侧在线客服服务优势:工匠模式下的ToB动画设计服务体系，保证终端消化，不外包！ 从表象的制作流程到内在的思维框架~快速兑现传播效果~助甲方解决问题11年经验 每年1000+分钟动画制作量 真实有效案例 服务 CCTV 奥迪 联想 中国移动 新浪 民生银行 蚂蚁金服 光大银行服务前需客户提供的信息:满意的对标案例 时长 画面尺寸 工期 投放渠道用途
44,二维动画制作mg动画创意动画年会动画演示动画宣传婚礼课件,服务内容全部包含:湾流视觉作为全国性的专业数字视觉综合服务供应商，立足于视觉科技与应用行业，专注于CG应用领域，以创意为核心、市场需求为导向，主要利用计算机图形图像技术进行视觉设计和创作，将CG技术与艺术相结合，依托长期积累的技术实力和前瞻性的创意设计能力，为建筑、设计、展馆、广告、动漫、影视、文体娱乐活动等行业的客户提供涵盖CG静态、CG动态、CG视觉场景业务的数字视觉综合服务。服务优势:公司简介：公司植根于文化、文博、影视领域，一方面以影视技术为手段，为CCTV等各级媒体、企事业单位、政府部门制作纪录片、宣传片、微电影、短视频、动漫、广告等专业视频内容。 一方面以文化为底蕴，为各级博物院、考古所等科研单位制作纪录片、科普动漫片，策划设计展览空间、科普绘本、文创衍生品等。服务前需客户提供的信息:【前期沟通所需资料】①　提供项目所需要文档及资料。②　沟通项目的图片资料和解说词，乙方可以提供策划方案。③　使用场景及针对人群，解说脚本准备。④　对标参考样片及预期案例。⑤　评估预算费用及时间。⑥　公司领导验收期望结果。⑦　感谢您选择湾流动画店铺，在猪八戒平台下单。其他:服务客户：作业帮、博彦科技、今日头条、高途、绫致时装、联想（北京）、猪八戒网、小米、特斯拉、百度在线、腾讯、西贝餐饮集团、同仁堂健康、新东方、物美集团、好未来、富士康、理想汽车、快手、尚德机构……————————————————————期待您的垂询，点击右侧咨询即可联系专业营销顾问一对一服务！
45,企业三维动画制作设计mg二维宣传片视频3D施工机械医疗,服务内容全部包含:三维3D动画1、品牌推广 2、企业宣传 3、产品推广4、产品宣传 5、产品广告 6、品牌形象7、活动开场 8、政府汇报 9、工业流程10、流程讲解 11、专题记录 12、医疗设备13、政策科普 14、活动暖场 15、裸眼3D16、电商营销 17、片头演绎 18、教育课件20、展厅折幕服务优势:火鱼有十余年行业经验，成功项目数不低于2500例。拥有“品牌”“影视”“动画”三大部门，共计6类超过60项服务。服务的客户有互 联 网 ：腾讯、联想、微软 、新浪家电行业：中兴、方太电器金投行业：民生银行、光大银行、蚂蚁金服汽车行业：长城汽车、奥迪电视媒体：CCTV等众多知名企业 。同时我们的服务还遍布香港 台湾 新加坡 加拿大 澳洲等地区。服务前需客户提供的信息:技术服务的流程其实就是我们包含服务的一个顺序流程。以下为动画的制作流程，特殊动画除外。· １、剧本确认（脚本）· ２、提供样音（提供３-5个左右，供客户选择）· ３、风格确认（一般包含一张场景图＋一张角色图）· ４、分镜确认（全篇的分镜头、为设计好的静帧图）· ５、动画layout确认（最终呈现的动画）· ６、渲染 修改完善、完成项目· ７、三年的售后服务其他:动画属于定制化非标准服务，各行业之间所需制作工程量差异很大，具体报价需要联系客服详细咨询
46,ae二维mg动画制作演示流程工业企业宣传片制作三维动画,服务内容全部包含:创立方文化传媒本部坐落于江苏省南京市，立足于猪八戒网下设多个城市分部，服务全中国。创立方成立于2012年，始终秉承【创异、创意、创益】的理念，为企业在品牌设计策划、影视动画制作、公装设计及知识产权代理等方面提供服务，为企业量身定制品牌体系。创立方始终奉行【诚信求实、致力服务、唯求满意】的企业宗旨全力跟随客户需求，不断进行产品创新和服务改进，为各位新老客户提供优质的服务！！！服务优势:创立方文化传媒本部坐落于江苏省南京市，立足于猪八戒网下设多个城市分部，服务全中国。创立方成立于2012年，始终秉承【创异、创意、创益】的理念，为企业在品牌设计策划、影视动画制作、公装设计及知识产权代理等方面提供服务，为企业量身定制品牌体系。创立方始终奉行【诚信求实、致力服务、唯求满意】的企业宗旨全力跟随客户需求，不断进行产品创新和服务改进，为各位新老客户提供优质的服务！！！服务前需客户提供的信息:创立方文化传媒本部坐落于江苏省南京市，立足于猪八戒网下设多个城市分部，服务全中国。创立方成立于2012年，始终秉承【创异、创意、创益】的理念，为企业在品牌设计策划、影视动画制作、公装设计及知识产权代理等方面提供服务，为企业量身定制品牌体系。创立方始终奉行【诚信求实、致力服务、唯求满意】的企业宗旨全力跟随客户需求，不断进行产品创新和服务改进，为各位新老客户提供优质的服务！！！
47,二三维产品动画动漫设计流程MG渲染影视频制作拍摄剪辑包,服务内容全部包含:①　负责移动游戏项目（休闲类游戏）原画设计工作。②　根据需求完成美术设计工作。③　配合程序、策划、运营等人员完成游戏的设计开发工作。④　手绘能力强，能独立设计原画，角色和场景，能独立负责游戏的概念美术设计。⑤　优秀的合作能力，能与制作人，美术人员，程序，策划和运营沟通合作，能够接受有关工作的不同意见及反馈。⑥　擅长欧美画风。服务优势:1.根据策划文案完成二维原画设计；2.主要负责角色设定、角色立绘、角色插画、美宣插画；3.二次元风格优先，擅长韩风、和风、赛璐璐、伪厚涂以及国风方向优先，厚涂、写实、欧美亦可；8.项目对标范围有《阴阳师》、《百闻牌、《白夜极光》、《三国志幻想大陆》、《公主连结》、《明日方舟》等。服务前需客户提供的信息:【前期沟通所需资料】①　提供项目所需要文档及资料。②　沟通项目的图片资料和解说词，乙方可以提供策划方案。③　使用场景及针对人群，解说脚本准备。④　对标参考样片及预期案例。⑤　评估预算费用及时间。⑥　公司领导验收期望结果。⑦　感谢您选择湾流动画店铺，在猪八戒平台下单。
48,插画风动画手绘逐帧动画软件APP动画企业宣传动画广告医疗,服务内容全部包含: 亦北品牌设计是一家集品牌全案设计，产品设计，室内设计，软件培训为一体的全案的设计公司，我们致力于0到1，从logo设计，包装设计，ip设计，线上线下宣传物料等多领域的研究与实践。为近千家企业提供了good的服务并得到一致好评。多年的设计积累了丰富的设计经验和电商行业运营的洞察力服务优势:亦北设计有限公司专业服务打造 very good的企业形象，从品牌设计到产品研发，以及产品包装，电商运营，室内设计，景观设计等综合服务为一体的设计企业，坚持高质量的设计，一站式服务携手客户成为品牌的创造者。我们站在市场的角度，根据企业的品牌战略，创造出具有市场价值的设计作品服务前需客户提供的信息:亦北设计针对合作过的客户，可以提供全年的设计任务，日常设计，作图中遇到的问题，免费解决。一次合作，就可以享受拥有自己设计公司的服务体验其他:您的满意才是我们前进的动力，我们对我们的设计师拥有绝对的信任，设计满意的前提下 修改，但是修改不是我们的目的，设计出好的作品，好的设计，才是我们共赢的前提，也是我们共同成长的目的。我们希望我们的客户都可以上市，只有我们的客户足够强大，那我们才能更好的发展
49,三维产品演示工业流程安全生产3D角色建筑施工工艺投标动画,服务内容全部包含:精细高效设计团队，深耕数字动画设计行业10余年。专注3D数字动画、展馆互动多媒体、方案效果图、虚拟仿真等解决方案。工程施工动画；机械原理动画；智能制造动画；工业流程动画；产品演绎动画；地产建筑动画；事故救援动画；影片剪辑包装；flash动画；医疗三维动画；数字孪生；VR动画等。服务优势:1.知名各行业龙头企业服务经验2.主创团队来源于专业动画制作公司3.知名大学教授坐镇指导4.流程化服务，严格把控进度与质量5.项目组群实时沟通，在线交流反馈十余年行业经验成功项目数不低于1000件华为、腾讯、阿里巴巴、阿里云、京东、vivo、中科院、中国电信、中国移动、中国联通、深圳地铁、碧桂园、万科等众多知名品牌服务前需客户提供的信息:1.有关项目的文件文稿2.有关项目的图片视频素材资料3.对标参考样片及预期效果4.项目预算与制作周期需求5.使用场景及目标针对人群6.所在行业的其他特殊需求视频的用途每一条视频都有它的营销价值；清晰洞察其用途，反向定位如何制作视频更为重要。产品类型：产品手册等相关信息详情请咨询右侧客服!
50,三维建模三维动画视频制作动画制作地编模型效果图渲染,服务内容全部包含:①　负责移动游戏项目（休闲类游戏）原画设计工作。②　根据需求完成美术设计工作。③　配合程序、策划、运营等人员完成游戏的设计开发工作。④　手绘能力强，能独立设计原画，角色和场景，能独立负责游戏的概念美术设计。⑤　优秀的合作能力，能与制作人，美术人员，程序，策划和运营沟通合作，能够接受有关工作的不同意见及反馈。⑥　擅长欧美画风。服务优势:1.根据策划文案完成二维原画设计；2.主要负责角色设定、角色立绘、角色插画、美宣插画；3.二次元风格优先，擅长韩风、和风、赛璐璐、伪厚涂以及国风方向优先，厚涂、写实、欧美亦可；8.项目对标范围有《阴阳师》、《百闻牌、《白夜极光》、《三国志幻想大陆》、《公主连结》、《明日方舟》等。服务前需客户提供的信息:【前期沟通所需资料】①　提供项目所需要文档及资料。②　沟通项目的图片资料和解说词，乙方可以提供策划方案。③　使用场景及针对人群，解说脚本准备。④　对标参考样片及预期案例。⑤　评估预算费用及时间。⑥　公司领导验收期望结果。⑦　感谢您选择湾流动画店铺，在猪八戒平台下单。
51,MG动画科普视频制作flash医疗微课PPT施工三维设计,服务内容全部包含:我们拥有12年丰富的设计经验，专注于动画设计，洞察客户需求是我们的基本手册，我们拒绝廉价，只为您提供合适您的作品，让我们用动画视频为您赢得众多客户的信赖。服务优势:我们拥有12年丰富的设计经验，专注于动画设计，洞察客户需求是我们的基本手册，我们拒绝廉价，只为您提供合适您的作品，让我们用动画视频为您赢得众多客户的信赖。服务前需客户提供的信息:我们拥有12年丰富的设计经验，专注于动画设计，洞察客户需求是我们的基本手册，我们拒绝廉价，只为您提供合适您的作品，让我们用动画视频为您赢得众多客户的信赖。其他:创意动画制作流程： 1、风格初定、脚本创作：您提供相关资料，我们理解资料中相关内容开始创作脚本并和您确定一下大致风格和表现形式。脚本完成后给您确认，如脚本有问题在根据修改意见做调整，此阶段退款可退项目总费用的95%。 2、静态分镜：根据脚本中的内容，把内容形成线稿分镜画面，附上动作描述，您即可在动画制作之前了解动画制作的方案和设计思路。分镜制作期间，如果脚本有问题，可以适当做调整，但不支持翻案或大
52,MG二维逐帧flash动画广告视频制作后期*,服务内容全部包含:优恳科技有限公司是一家致力于，UI设计，游戏美术，网站与移动互联网应用产品开发的综合创新型公司，优恳团队成立于07年，优恳在八戒平台运营14年，凭借实力连续多年获奖，优恳为国内企业如中国电信，腾讯，三星电子，施耐德，国家电网等长期服务。优恳分工明确，有完整成熟科学的设计、研发、售后服务体系，我们在实践中不断学习探索，时刻与行业前沿技术同步，为客户打造高水平的服务是我们的宗旨。服务优势:优恳秉承体验设计与服务设计的理念，交付高质量ui视觉服务：❶ 移动端ui设计 ❷软件界面设计 ❸游戏ui设计 ❹ 网页设计 ❺产品策划与咨询业务咨询通过右侧：✔在线IM.✔隐私电话，✔企业微信 ，免费咨询，诚挚期待与您合作。项目完结提交内容（根据项目需求而定）：❶ 整体ui界面设计效果图❷png切图或蓝湖上传❸psd，Sketch、Figma（其中之一）优恳诚挚期待与您合作！服务前需客户提供的信息:1.整体需求介绍和描述，方便我们了解项目背景行业基本的信息，方便快速准确分析理解需求。2.提供需求文档，版本框架，需求策划，同类型参考案例，交互原型，手绘草图等。3.提供相关的资料，如vi系统，产品相关宣传册，宣传视频，照片图片资料，3d模型等以上为列出的需求资料，按照客户情况，尽可能能多提供，会提高沟通效率，降低沟通成本，得到准确的价格时间，或者初步的方案方向。其他:提醒：其他客户关心问题请查阅下面【常见问题】！
53,工业工程动画二维三维动画制作设计视频制作,服务内容全部包含:小二郎文化传媒旗下拥有“ 品牌策划运营”“影视拍摄制作”“动画动漫创作” “美术视觉设计“四大业务板块，共计7大类超过50项产品服务，为企业提供贯穿品牌宣传推广全生命周期的内容制作解决方案。我们的客户遍布全球数十个国家和地区，覆盖超过30个细分行业领域，9000＋服务经验，现已服务包括腾讯、阿里、华为、海尔、万达集团等200多家上市企业，40多家世界500强。我们的客服24小时在线，欢迎咨询~服务优势:1.品牌：上市公司供应商2.口碑：3000＋99%满意度3.服务：提供完善的售后服务体系4.硬件：电影级影视制作全套设备5.创意：构建创意星球社区，集合2000＋创意方案6.模式：“影视＋中央厨房”创作系统7.标准：打造工业化、数字化的15项标准制作流程8.文化：记录中国非遗文化，传播中华民族精神内核服务前需客户提供的信息:客户需求要求和文档其他:服务流程：需求沟通-确定商务合作-托管赏金-建立项目组-创意策划-文案撰写-素材摄制-后期制作-交付样片-调整完善-品控审核-交付成片
54,3D工业产品机械企业三维动画视频制作,服务内容全部包含:想让 鲜明彰显品牌个性？想让 在众多竞品中抢占顾客注意力？想让 被消费者快速记忆并高效识别？想让 具有抢眼的视觉符号？具体需求请点击在线咨询，24小时为您解答。服务优势:睿辰创意设计致力于IP设计、 企业吉祥物、卡通形象设计、动漫周边、MG动画设计、三维动漫设计、插画设计、LOGO、画册设计、VIS设计、包装设计、电商视觉效果图等多领域的研究与实践。 为近千家企业提供了优质的服务并得到一致好评。 多年的设计积累了丰富的设计经验和电商行业运营的洞察力。 睿辰坚持 ” 用心创造价值 ” 的理念，结合客户的需求，从优质的服务和完美的质量出发。服务前需客户提供的信息:1、为保证设计工作进展顺利，需要您将需求以文字形式表述清楚，如有喜欢的样式可一并发送给我们，我们将根据您的喜好进行设计； 2、请您提供公司logo源文件、标准vi应用（如有）、设计内容的详细资料（请以word、ppt等文档形式体现）、对接人员。详细信息您可咨询客服。
55,企业宣传片视频剪辑制作MG动画AE配音三维特效,服务内容全部包含:定制化设计 ，一对一沟通，修改不限制次数，定稿交付源文件和高清JPG图片格式，期待与您的合作，让我们为您量身定制您需要的产品设计。服务优势:思博设计团队成员都毕业于各大高校美院，设计师队伍也在不断的发展壮大 现在拥有30多名专业人才 服务于各行各业 深受好评和信赖 我们的经营理念是 用高标准的要求和高质量的作品 用心服务好每一位客户 和您一起共创辉煌服务前需客户提供的信息:具体的需求内容 包含 文字内 容 尺寸 logo 风格参考等设计所需要的素材这些 ，风格参考尤为重要，这个是能快速了解您的喜好，有助于设计师下一步的创作思路不跑偏。
56,MG动画二三维AE3D企业产品宣传片头fiash设计定,服务内容全部包含:想让 鲜明彰显品牌个性？想让 在众多竞品中抢占顾客注意力？想让 被消费者快速记忆并高效识别？想让 具有抢眼的视觉符号？具体需求请点击在线咨询，24小时为您解答。服务优势:睿辰创意设计致力于包装设计、 企业吉祥物、卡通形象设计、动漫周边、MG动画设计、三维动漫设计、插画设计、LOGO、画册设计、VIS设计、、电商视觉效果图等多领域的研究与实践。 为近千家企业提供了优质的服务并得到一致好评。 多年的设计积累了丰富的设计经验和电商行业运营的洞察力。 睿辰坚持 ” 用心创造价值 ” 的理念，结合客户的需求，从优质的服务和完美的质量出发服务前需客户提供的信息:1、为保证设计工作进展顺利，需要您将需求以文字形式表述清楚，如有喜欢的样式可一并发送给我们，我们将根据您的喜好进行设计； 2、请您提供公司logo源文件、标准vi应用（如有）、设计内容的详细资料（请以word、ppt等文档形式体现）、对接人员。详细信息您可咨询客服。
57,二维动画制作MG飞碟说企业flash广告app漫医疗设计,服务内容全部包含:服务内容全部包含:我们提供的服务主要是二维动画其包含了：MG动画手绘动画逐帧动画。服务范围：MG动画，飞碟说动画，剧情动画，广告动画，手绘动画，逐帧动画，产品演示动画动画的费用和价格，需要提前和客服沟通具体风格和时间长短定价。服务优势:服务优势:锐朗是专业的二维动画供应商，有着20余位专业设计师，保证您的出品品质。制作流程包含前期：脚本策划中期：人物绘制、场景绘制、道具绘制、分镜制作后期：配音、音效、合成售后：修改、调整、维护服务前需客户提供的信息:服务前需客户提供的信息:1.提供制作动画的参考图片和参考样片2.提供制作动画的相关文案资料请您提供详细资料（请以word、ppt等文档形式体现）、对接人员。详细信息您可咨询客服。其他:关于退款:我们原则上雇主得到一款称心如竟的作品，如果因为某种原因终止项目并目退款，我方会与库主沟通,在保持友好沟通基础上协商退款。如果初稿已出,雇主拒绝修改,需要退款,退款比例为项目总费用的50%。初稿后，如果继续修改，雇主需要退款，退款比例为项目总费用的 40%。如果修改三稿或者三稿以上要求退款,退款比例为项目总费用的 20%。退款后甲方无任何权益
58,【三维动画】三维动画制作 产品动画 建筑动画3D动画制作,服务内容全部包含:山东畅特文化传媒有限公司（简称：畅特文化传媒），是一家专业从事数字影像技术在营销领域应用开发的影视制作机构。畅特文化传媒现有业务范围涉及三维动画、产品创意动画、工业动画、设备动画、工程动画、施工动画、安装演示动画、建筑动画、医疗器械动画、工厂流水线演示动画、二维动画、政府宣传动画、企业宣传片拍摄、产品宣传片、广告片、形象片、影视制作、影视后期包装、视频制作等。 　　
59,短视抖音3D虚拟主播偶像二次元数字人动态直播特效开发,服务内容全部包含:抖音虚拟主播ai生成人工智能数字虚拟元宇宙短视频抖音3D虚拟主播虚拟主播偶像二次元数字人数字人动态捕捉直播特效开发服务优势:1 无费用出方案，不满意退款！2 7-10天交付上线，速度快，有保障，价格低！3 上百款游戏模版任选，成本更低；4 项目经理全程跟随对接，一条龙服务；5 项目实测，全程教学。一站式服务，让您解除一切后顾之忧！服务前需客户提供的信息:云创游科技是成熟的游戏开发公司之一，以实惠的价格提供端到端的游戏开发服务。我们的 50 多名团队拥有开发业内成熟游戏的经验，包括各种2D/3D游戏、NFT区块链/元宇宙游戏、AR/VR/MR游戏等。在过去的十年中，我们使用 Unity3D、cocos、Unreal、LayaBox，白鹭，Flash，Vue，nodejs，Java，PHP等成熟开发技术为移动、PC 和 Web 开发了各种游戏。其他:如何联系我们：点击右侧【企信联系】【在线IM】【电话联系】均可
60,三维动画渲染工程施工动画制作设备演示3d视频制作全息视频,服务内容全部包含:公司主从事三维可视化平台开发，VR虚拟仿真系统开发，智慧城市，建模，三维展厅及视频制作等有经验的项目领域：数据大屏、能源数据、城市管理、应急大屏、地图地块、展厅软件、教学仿真实验、智慧工厂、矿山、煤矿巷道、园区、楼宇、室内外定位、街道、社区、工地、农场、水厂、景区、文旅、校园、医疗、海域、港口、高铁站、地铁站、物流、码头、水库、车间、机房、实验室、配电房、变电站、停车场、安防、设备、车机物联等。服务优势:1.【公司团队】公司有自己的三维建模人员和3D开发人员，多年开发经验。可以完成平台UI设计、三维建模和技术开发方面的项目一站式整体交付。2.【技术栈包含】：Three.js、Typescript、Vue、Webgl、Cesium、Unity、UE、C#、Java。3.【可交付源码】4.【报价合理】最大化降低开发成本，匹配您的预算。 5.【项目管理】项目经理全程跟进，及时反馈项目进度服务前需客户提供的信息:1.需求沟通：需求文档、方案整理、达成双方需求理解上的一致。2.项目资料：模型参考、CAD文件、现场照片资料、工艺业务流程等。3.项目UI：确定UI风格、数据模块内容。4.数据接口：调试数据接口。5.项目管理：项目经理全程会保持与客户的沟通，及时反馈进度，推进完成项目交付。
