1,诺优能（Nutrilon）诺优蕴幼儿配方奶粉（12-36月龄3段）800g,218.00,https://item.jd.com/100082121032.html
2,爱他美（Aptamil）【卓萃升级版】卓傲婴儿配方奶粉（0—6月龄1段）300g,119.00,https://item.jd.com/100057735310.html
3,伊利金领冠睿护3段1-3岁幼儿配方奶粉800g乳铁蛋白(新西兰原装进口),244.00,https://item.jd.com/100007857015.html
4,飞鹤（FIRMUS）星飞帆经典版1段（0-6月龄）婴儿配方奶粉130g,28.00,https://item.jd.com/100045233184.html
5,美素佳儿（Friso）皇家婴儿配方奶粉1段（0-6个月婴儿适用）350克（新国标）,158.00,https://item.jd.com/100100635762.html
6,爱他美（Aptamil）领熠婴儿配方奶粉（0—6月龄1段）800g,395.00,https://item.jd.com/100069531981.html
7,伊利金领冠珍护系列幼儿配方奶粉3段(1-3岁幼儿适用)900g,314.10,https://item.jd.com/3300169.html
8,伊利HMO塞纳牧婴儿有机配方奶粉1段130g（0-6个月幼儿）LX,49.90,https://item.jd.com/100088866455.html
9,伊利金领冠珍护婴儿配方奶粉1段(0-6个月婴儿适用)900g新升级新奶源金领冠珍护1段130g*1罐,79.90,https://item.jd.com/10088080741411.html
10,飞鹤星飞帆卓睿A2酪蛋白3段（12-36月龄）260克【新客专享】,257.00,https://item.jd.com/100089321328.html
11,伊利金领冠育护较大婴儿配方奶粉2段(6-12个月适用)960g(原金领冠),168.00,https://item.jd.com/3300187.html
12,雀巢（Nestle）舒宜能恩2段400g婴儿A2奶粉原雀巢能恩升级舒宜能恩新国标,69.00,https://item.jd.com/100042620688.html
13,君乐宝(JUNLEBAO)诠臻爱1段婴儿配方奶粉(0-6月龄)170g,49.90,https://item.jd.com/100022441007.html
14,伊利奶粉金领冠珍护系列婴儿配方奶粉1段280g(0-6个月婴儿适用),88.90,https://item.jd.com/100068724949.html
15,爱他美（Aptamil）【卓萃升级版】卓傲婴儿配方奶粉（0—6月龄1段）800g,309.00,https://item.jd.com/100061382731.html
16,完达山（wondersun）新国标元乳臻益婴儿配方奶粉1段288克（0-6个月适用）试用装,74.90,https://item.jd.com/100064427414.html
17,美赞臣蓝臻婴儿配方奶粉1段（0-6月）370克小罐装(新旧国标随机发),189.00,https://item.jd.com/100054910087.html
18,伊利金领冠育护婴儿配方奶粉1段(0-6个月婴儿适用)900g(原金领冠),205.60,https://item.jd.com/497496.html
19,伊利金领冠珍护A2限定紫幼儿配方奶粉3段(1-3岁幼儿适用)808g,285.60,https://item.jd.com/100029628715.html
20,飞鹤臻爱倍护超级飞帆A2β-酪蛋白婴儿配方奶粉1段(0-6月龄)156克,59.00,https://item.jd.com/100089085504.html
21,惠氏启赋（Wyeth）HMO较大婴儿配方奶粉蓝钻2段(6-12月)350g新国标,129.00,https://item.jd.com/100052858845.html
22,美赞臣铂睿1段婴儿配方奶粉（0-6月）850g17项实证DHA(新国标升级),281.82,https://item.jd.com/100098011176.html
23,惠氏启赋（Wyeth）HMO进口婴儿配方奶粉蓝钻1段(0-6月)810g新国标,309.00,https://item.jd.com/100043551108.html
24,君乐宝诠臻爱3段幼儿配方奶粉(12-36月龄)170g高达近33倍乳铁蛋白,49.90,https://item.jd.com/100038792272.html
25,伊利金领冠悠滋小羊3段opo/opn类hmo1-3岁婴幼儿羊奶粉700g,350.00,https://item.jd.com/100012859264.html
26,飞鹤星飞帆卓睿婴儿配方奶粉1段(0-6个月婴儿适用)130克,49.00,https://item.jd.com/100031122650.html
27,美素佳儿（Friso）皇家美素力奶粉1段荷兰原装进口(0-6个月婴儿适用)1段350g*1罐,158.00,https://item.jd.com/10097539166933.html
28,爱他美（Aptamil）【卓萃升级版】卓傲较大婴儿配方奶粉（6-12月龄2段）300g,119.00,https://item.jd.com/100057735312.html
29,a2至初1段婴儿配方奶粉（0-6月龄）400g礼盒装新西兰进口新国标,169.00,https://item.jd.com/100078154107.html
30,君乐宝（JUNLEBAO）奶粉1段乐铂婴儿配方0-6个月808克,164.00,https://item.jd.com/65538759466.html
31,雀巢安儿宁能恩AL110婴幼儿无乳糖配方粉400g,193.00,https://item.jd.com/255751.html
32,合生元（BIOSTIME）派星天呵婴儿配方奶粉1段(0-6个月)350克新国标乳铁蛋白,109.00,https://item.jd.com/100067400330.html
33,飞鹤星飞帆经典版幼儿配方奶粉3段(12-36月适用)130克,57.00,https://item.jd.com/3106909.html
34,飞鹤星飞帆卓睿幼儿配方奶粉3段(12-36个月幼儿适用)300克乳铁蛋白,98.00,https://item.jd.com/100031122664.html
35,伊利金领冠育护婴儿配方奶粉1段(0-6个月婴儿适用)400g(原金领冠),81.80,https://item.jd.com/497495.html
36,美赞臣蓝臻较大婴儿配方奶粉2段（6-12月）400克小罐装富含乳铁蛋白,179.00,https://item.jd.com/100046636802.html
37,爱他美（Aptamil）奇迹绿罐有机A2幼儿配方奶粉3段12个月以上900g,325.00,https://item.jd.com/100013548640.html
38,飞鹤臻爱倍护超级飞帆婴儿配方奶粉1段(0-6个月婴儿适用)900克,218.00,https://item.jd.com/1165156.html
39,飞鹤星飞帆A2β-酪蛋白奶源版婴儿配方奶粉1段(0-6月龄)275g,67.90,https://item.jd.com/100024799494.html
40,伊利金领冠珍护系列婴儿配方奶粉1段(0-6个月婴儿适用)900g,327.10,https://item.jd.com/3300157.html
41,美素佳儿（Friso）皇家幼儿配方奶粉3段（1-3岁幼儿适用）400克（新国标）,198.00,https://item.jd.com/100028223045.html
42,贝因美菁爱婴儿配方奶粉1段(0-6个月适用)150g含乳铁蛋白+DHA+核苷酸,35.90,https://item.jd.com/100013618874.html
43,爱他美（Aptamil）奇迹白罐适度水解低敏幼儿配方奶粉3段1-3岁900g,398.00,https://item.jd.com/100015076208.html
44,美赞臣（MeadJohnson）蓝臻2段较大婴儿配方营养奶粉(6-12月龄)400g小罐乳铁蛋白,119.00,https://item.jd.com/100095528264.html
45,飞鹤星飞帆婴儿配方奶粉1段(0-6个月婴儿适用)300克专利OPO,98.00,https://item.jd.com/3977355.html
46,伊利金领冠珍护婴儿配方奶粉1段(0-6个月婴儿适用)900g新升级新奶源金领冠珍护1段280g*1罐,98.89,https://item.jd.com/10093953920435.html
47,诺优能（Nutrilon）诺优蕴婴儿配方奶粉（0-6月龄1段）800g,238.00,https://item.jd.com/100082121016.html
48,伊利金领冠育护幼儿配方奶粉3段(1-3岁幼儿适用)1200g三联新国标,147.50,https://item.jd.com/1100526.html
49,ESSENSIS爱他美奇迹绿罐有机A2儿童配方奶粉4段3岁以上900g,325.00,https://item.jd.com/100063787269.html
50,爱他美（Aptamil）【卓萃升级版】卓傲幼儿配方奶粉（12-36月龄3段）300g,119.00,https://item.jd.com/100062477763.html
51,京东国际a2奶粉澳洲白金版较大婴儿配方牛奶粉新西兰进口(紫白金)2段400g,99.00,https://item.jd.com/100030631059.html
52,伊利新国标金领冠育护3段基础版三联盒装1200克婴幼儿配方奶粉1-3岁育护3段一盒（23年10月产）1200克,116.00,https://item.jd.com/10080359090804.html
53,海普诺凯1897【新国标】荷致婴儿配方奶粉1段150g*1盒,39.00,https://item.jd.com/100072344009.html
54,飞鹤（FIRMUS）【五年奶粉第1】星飞帆卓睿幼儿配方奶粉乳铁蛋白1段300g/罐【新客专享】,264.00,https://item.jd.com/10096379802523.html
55,爱他美（Aptamil）白金澳洲版幼儿配方奶粉3段(12-36个月)900g,209.00,https://item.jd.com/100021558776.html
56,伊利金领冠菁护A2婴儿配方奶粉1段(0-6个月婴儿适用)800g,260.20,https://item.jd.com/3709720.html
57,京东国际【J仓发货】爱他美PeptiJunior深度水解奶粉金装1段纽太特无乳糖净含量450g/罐3罐保质期25年2月,600.00,https://item.jd.com/10020840349491.html
58,惠氏（Wyeth）进口铂臻婴幼儿配方奶粉2段（6-12月）350g新国标,79.00,https://item.jd.com/100051552664.html
59,爱他美（Aptamil）幼儿配方奶粉（12–36月龄3段）800g,187.50,https://item.jd.com/1216716.html
60,海普诺凯1897【新国标】荷致幼儿配方奶粉3段150g*1盒,39.00,https://item.jd.com/100072831090.html
61,德国原装雀巢BEBA贝巴至尊版婴幼儿配方奶粉3段830g,305.00,https://item.jd.com/100021465090.html
62,飞鹤星飞帆卓睿较大婴儿配方奶粉2段(6-12个月婴幼儿适用)300g,97.90,https://item.jd.com/100031122666.html
63,爱他美卓傲1段(0-6个月）婴儿配方奶粉800g【卓萃升级版】,279.00,https://item.jd.com/100062604832.html
64,飞鹤臻稚有机1段婴幼儿奶粉300g*1罐有机生牛乳+专利OPO,78.00,https://item.jd.com/8029435.html
65,伊利奶粉金领冠菁护系列婴儿配方奶粉1段130g（0-6个月幼儿适用）,99.00,https://item.jd.com/100018992510.html
66,惠氏（Wyeth）进口铂臻幼儿配方奶粉3段（12-36月）350g新国标,89.00,https://item.jd.com/100070569083.html
67,ESSENSIS爱他美奇迹蓝罐HMO幼儿配方奶粉3段1-3岁900g,312.00,https://item.jd.com/100012579576.html
68,合生元（BIOSTIME）派星天呵较大婴儿配方奶粉2段(6-12个月)350克新国标乳铁蛋白,99.00,https://item.jd.com/100068724727.html
69,伊利金领冠珍护系列较大婴儿配方奶粉2段(6-12个月适用)900g,343.90,https://item.jd.com/3730266.html
70,伊利奶粉金领冠新奶源悠滋小羊1段婴儿配方羊奶粉小羊1段130g,34.90,https://item.jd.com/10060942178345.html
71,飞鹤【新客专享130g】星飞帆婴幼儿配方奶粉1段【复购大罐返全款】,29.00,https://item.jd.com/10070258400781.html
72,君乐宝(JUNLEBAO)诠臻爱2段较大婴儿配方奶粉(6-12月龄)170g,49.90,https://item.jd.com/100022440977.html
73,伊利奶粉金领冠珍护菁赐幼儿配方奶粉3段奶粉（1-3岁适用）750g珍护菁赐3段750g*2罐,686.68,https://item.jd.com/10096405074166.html
74,美素佳儿源悦婴儿配方奶粉（0-6月龄，1段）罐装800g（新国标）,268.00,https://item.jd.com/100040095288.html
75,京东国际a2新西兰原装进口紫白金婴幼儿配方奶粉含天然A2蛋白1段(0-6月)新生儿900g1罐,219.00,https://item.jd.com/10049656098783.html
76,伊利金领冠育护幼儿配方奶粉3段(1-3岁幼儿适用)960g(原金领冠),157.00,https://item.jd.com/3300145.html
77,佳贝艾特（Kabrita）婴儿羊奶粉2段（6-12月）悦白悦白150g荷兰原装进口,39.90,https://item.jd.com/10067437289461.html
78,京东国际爱他美（Aptamil）金装澳洲版幼儿配方奶粉3段(12-24个月)900g新西兰原装进口,135.00,https://item.jd.com/2563427.html
79,爱他美（Aptamil）Aptagrow精准营养幼儿园儿童成长奶粉3+段(3岁以上)900g,230.00,https://item.jd.com/100009671951.html
80,诺优能活力蓝罐（Nutrilon）幼儿配方奶粉（12—36月龄3段）800g,168.00,https://item.jd.com/100008056771.html
81,美赞臣安婴宝早产儿奶粉低出生体重特殊婴儿配方奶粉400克含DHA,185.00,https://item.jd.com/1799463.html
82,伊利奶粉金领冠珍护系列婴儿配方奶粉1段130克(0-6个月婴儿适用),87.50,https://item.jd.com/100010625868.html
83,京东国际雀巢（Nestle）能恩全护适度水解低敏6HMO新生儿婴幼儿奶粉1段(0-6月)350g/罐,182.00,https://item.jd.com/100064097894.html
84,佳贝艾特（Kabrita）婴儿羊奶粉3段（1-3岁）悦白150g荷兰原装进口【官方直销店】,40.00,https://item.jd.com/1033704208.html
85,【爆款热销】贝拉米3段奶粉进口有机配方奶粉京东自营,190.00,https://item.jd.com/100002951452.html
86,京东国际a2奶粉澳洲白金版新生儿奶粉婴儿配方牛奶粉(紫白金)1段900g,231.50,https://item.jd.com/100030631085.html
87,飞鹤（FIRMUS）【五年奶粉第1】星飞帆卓睿A2β-酪蛋白1段听装260g\罐【新客专享】,258.00,https://item.jd.com/10096462822775.html
88,京东国际爱他美（Aptamil）白金澳洲版较大婴儿配方奶粉2段(6-12月)900g,255.00,https://item.jd.com/100021465032.html
89,君乐宝（JUNLEBAO）奶粉试用装婴幼儿牛奶粉乐铂3段试用装170g,18.00,https://item.jd.com/10028528818400.html
90,京东国际爱他美（Aptamil）【J仓发货】欧洲原装进口德国白金版婴儿配方奶粉德白1+、2+段德国爱他美白金版1+段3罐800g,657.00,https://item.jd.com/10079372955805.html
