1,2000+,500,2,20+,400,3,3,['今年我家儿子读幼儿园了，因为本身比较挑食，所以很需要营养补充。看了很久奶粉的成分，最终选了这款诺优能。里面DHA含量很高，能帮助眼脑发育。绿色包装很高级，看着很有质感', '一直喝的就是这款奶粉，奶粉质地细腻好融化，淡淡奶香味，富含DHA,女儿很喜欢，看到奶粉爱不释手，每次冲的都喝的干干净净，喝完继续来~', '宝宝肠胃脆弱，转了几次奶，效果都不是很满意，前段时间被其他宝妈种草了这款诺优蕴，尊嘟很不错，口感清淡，宝宝接受度高，喝了一桶，肉眼可见的长肉肉了，打算以后就给鹅子喝这款奶粉了，关键是性价比还很高哦😁', '听朋友推荐的，性价比很好的诺优蘊，我娃喝了一段时间，这个奶粉的OPO含量很高，还有爱他美家的同款益生元，吸收很不错，肉眼可见的长胖了，脸都变圆了，价格还实惠，200出头，后面活动准备在囤一些。', '这个诺优能高配诺优蕴粉质真的很不错，很好泡开，宝宝喝了也不涨肚肚，吸收很好，而且配方也放心，高含量的DHA和OPO，荷兰大品牌出品值得信赖', '已经给宝宝喝了几天了，转奶接受度高，口味也是淡淡的奶香她很喜欢，冲泡容易不会起坨挂壁，营养参数不错不用额外补充补剂，这个价格性价比很不错', '这款奶粉性价比很高，DHA含量高都不需要额外补充了，我儿子还多喜欢喝的，粉质也细腻，很好冲泡，不会结块，还好吸收不会上火，推荐推荐', '奶粉日期很新，粉质很细腻无需摇晃就溶解了，儿子刚断母乳一开始以为接受不了奶粉的味道呢，没想到很爱喝，口味清淡，一点都不腥', '我女儿转奶做了很多功课选了这款奶粉，口味清淡宝宝爱喝。吸收好消化也正常，添加了opo益生菌的没有便秘情况，已经喝完一瓶了，真心不错！再次回购，以后就给宝宝安排这款奶粉啦', '我家孩子经常便秘，最近打算转奶做了很久功课，最后入手的这款诺优蕴，听说能调节肠道功能，奶粉质地也很好，容易溶解，宝宝喝奶喝！'],['妈的，八百克只有三分之二，以前老款搞没货，换新包装就是为了卖这款。', '买了有一段时间，之前喝活力蓝罐和蘊荟都没这个味道，看到没有4段，就买了这款3段的，打开好大一股味道，煤油味一样，孩子不爱喝，不会再买了了，太难闻了，客服给的解释是鱼油的味道，反正我闻着不是', '此用户未填写评价内容']
2,5万+,500,100+,80+,1,100+,100,['之前喝的是飞鹤宝宝食欲不咋好的呢，月嫂阿姨推荐的这款奶粉嘿果然吃的很好，买了三次了感觉这款符合宝宝的口味，今天又买了一罐继续吃起来'],['商品是快一年的了，不是最新日期', '不咋滴，日期都是老日期', '奶粉罐子扁的，联系客服态度差', '日期都不是最新的。半年了都。', '卓萃换成这新国标，真是一言难尽', '线下买的泡的很均匀，线上这个奶粉有结块', '问能不能帮忙送上来，一句那你照着俩个小时等吧…', '看见翅膀了不？ 听说过 没想到真碰到了', '买的新版本，结果吃到这种胶状颗粒，现在的奶粉还有信任度？', '超级多气泡、客服说正常的、不知道了……..']
3,5万+,500,200+,100+,14,90+,100,['我觉得睿护这个奶粉特别好，家里宝宝喝了就长肉，现在真的白白胖胖喜欢的不得了，而且价格也不算贵，还是外国奶源，真的超级划算，建议宝妈们都买起来，给娃和健康的牛奶！', '一直买伊利家的，日期很新鲜 都是新日期，包装也很好，溶解度很好啊，小孩子很爱吃。,消化吸收：特别好，打算喝完再来买奶粉营养很全面，不愧是大品牌', '日期没有过半，包装精美，都是今年生产日期，保质期到2025年了，价格做活动购买，整体比较实惠，宝宝很喜欢喝，好吸收消化，溶解性也很好', '奶粉相当好，正品保障，营养配方也很好，消化吸收也不错，宝宝的便便也很软，溶解性不错，以后会一直回购的，会推荐给更多朋友使用的!', '小孩1-2岁时喝的这个，一直感觉很好，她也爱喝，后面换了几个系列，都喝不惯，现在三岁半了，牛奶还是选这款，早上可以自己喝不用喂，自己可以喝一大碗！', '我家弟弟戒母乳后一直不愿意喝奶粉，朋友推荐了这款，买来试试，没想到他竟然好喜欢呀，老母亲太开心，喝了也很适应，长肉了很多呢', '日期都是最新的日期，都要到2025年，都是最新款，包装精美，价格实惠，宝宝爱喝，好吸收消化，溶解性很好，京东购买，渠道正规，值得信赖', '消化吸收好，发货速度快，东西包装的很好，价格合理，活动期间买的，溶解快，这款奶粉包含了宝宝所需的营养元素，非常满意，会继续回购的', '质量没得说，跟专卖店一样，孩子特别喜欢，而且价格优惠，外观干净漂亮，做工很不错，没发现什么瑕疵，个人感觉大小也挺合适，找了很久选的这款，大爱！', '奶粉特别好，宝宝从出生开始喝到现在，买过很多，大品牌值得信赖。京东也是很好的购买平台，质量不错，特别是有品牌的，非常放心满意。'],['降价了，有赠品不支持价保', '为什么是用鲁花的油箱子装奶粉', '能给点大的优惠，比实体店还贵', '价格波动大，今天买明天降', 'QQ星赠品居然要20天才发货', '买的时候明明显示是有赠品的，显示有赠品却不发货', '说好的赠品又没有，虚假宣传', '不好，搞个虚假活动吸引人下单', '虚假宣传，赠品压根没有，还不如超市呢', 'QQ星赠品居然要20天才发货']
4,5万+,500,70+,30+,8400,40+,40,['正品验证：正品，绝对是正品，可以放心购买,营养配方：营养配方，科学配比,消化吸收：宝宝喝上吸收挺好的，没有便秘的情况,清火功效：一直喝的都是这款奶粉，没有上火,溶解性：很好冲泡，没有结块', '正品验证：没问题,营养配方：非常好,消化吸收：非常好,清火功效：这个真不太懂,溶解性：非常好,其他特色：小罐包装，适合新生儿选用，毕竟奶粉开了封只有一个月的保质期。如果小宝贝是母乳喂养为主，添一点儿奶粉，就更要选这种试用装了，而且性价比也高。', '五星好详:这是一界好评模板，因为本大佬很懒，罘想每界声品都写好评，所以特意写下这界模板，以箭罘知道评论奇以深和分，现在身知道好详的重安性，晏晏的,毒笑氽评论二米,赚积穷卡次还能抵现鉴,用评论80字以上，可以得到50个积分，我无论买什么东西，都会把这段话复制粘贴一卡，凑够学数，这是第n次在网上买东西宁，棒棒棒，岽西便宜而直质量义好，物美价廉，买的放心，用的开心，感觉都，上瘾了，买买买，根本停不下来，东西品种多，而且又特别划算，方便，而且实惠包装很好，而且没有任何损球，会一直支得卡丟的，服务还苛以，也超级好用,好评，下次再来!', '转奶，还差点原奶粉，这个小桶的正好，价格还划算，小小的一桶，太可爱了，日期很新鲜，，相信京东自营，一直在这买奶粉，有保障。', '了很多功课，最后选了飞鹤星飞帆，先买的试用装给孩子试吃，接受度很好，小分子好吸收，对宝宝肠胃好。现在已经换正装了，小朋友大便正常且规律，长肉肉也很快。值得购买～', '家里有了小宝宝，奶粉就很关键了，家人都让买品牌，买质量好的，飞鹤大家都比较认可，这次价格也很给力，所以买了小规格的，我觉得蛮好', '这个飞鹤星飞帆的小罐奶粉好好用啊，小巧玲珑，迷你可爱，而且外出携带非常方便，价格相对于同款奶粉大罐来说更便宜，只是会限购，也经常断货。', '作为一名消费者，我有幸尝试了飞鹤星飞帆奶粉，现在我想分享一下我的使用体验。,首先，我要说的是，飞鹤星飞帆奶粉给我留下了深刻的印象。它的口感非常好，喝起来很顺滑，让人感到很舒适。同时，它的营养价值也非常高，能够满足宝宝的营养需求。,在使用过程中，我发现飞鹤星飞帆奶粉有许多优点。首先，它的配方非常科学，能够满足宝宝不同阶段的营养需求。其次，它的口感好，宝宝很喜欢喝，这对于我们家长来说是一个很大的福音。最后，飞鹤星飞帆奶粉的品质也非常可靠，让人放心。,总的来说，我对飞鹤星飞帆奶粉非常满意。我强烈推荐给其他家长们，特别是那些正在寻找优质奶粉的家长。当然，每个宝宝的需求可能会有所不同，所以在选择奶粉时，建议家长们根据自己宝宝的实际情况进行选择，并在医生的指导下进行喂养。', '正品验证：是正品，验证过了,营养配方：营养全面，很适合刚出生宝宝,消化吸收：易于消化吸收,清火功效：喝了不上火，清火一绝,还会回购的，下次买正装。京东发货，正品保证，速度还快，送货上门。', '飞鹤这款奶粉性价比很高，奶粉容易溶解，宝宝好吸收，小罐的试用装出门的时候携带非常方便，很实惠，价格也便宜，非常划算，值得购买。'],['物流很快，就是客服很奇葩', '感觉不是很爱喝不知道为啥', '不好，护士说这奶粉小孩吐奶花，让我换奶粉。', '差差差差差差差差差差！骗人的！买小罐再复购正装根本不返现小罐的钱，还写在页面误导消费者。已经在其他家买了正装', '日期还可以，但是我还没拆封，奶粉就有点漏，也不知道从哪里露出来的，装到袋子里，里面都是奶粉，差评，希望可以改进，有空气进去也不敢给娃娃吃了', '应该是正品吧，不过没有验证，不清楚。营养成分不清楚怎么样，性价比一般般吧，不太好消化吸收，小孩喝了消化不太好，拉的粑粑不太正常，上火', '买回来才知道这么小一罐，而且退货又说要自己付邮费太垃圾了', '非常不好消化，宝宝吃了便秘两天赶紧停了', '官方客服说话太不负责，不专业，差评！', '垃圾东西，宝宝吃了严重过敏，劝诫要买的人注意']
5,2000+,500,6,1,200,6,4,['正品验证：嗍源看了看，能够找到相应的信息，看着还行,营养配方：营养配方还是非常不错的,消化吸收：还没有使用，待使用后再说了，转奶阶段,清火功效：还没有使用，使用后再做评价的！啦！', '正品验证：是正哦，官店买,营养配方：听说是奶粉里面基本上最好的牌子啦,消化吸收：吸收还可以，便便颜色正常黄色的，每天也有几遍。很大宝一样小宝也喝这个牌子，闭眼入啦', '日期很新鲜，质量很好，小孩喜欢喝营养很全面，价格很优惠，包装很精美，溶解性挺好的，是正品来的好吸收易消化溶解性比较好，宝宝爱喝', '还要好，还会继续回购的，认准京东买，质量产品杏的过，孩子吃了抵抗力很好，乳铁航梁高，吃了长肉哈哈哈，还会继续购买的，还会推给别人', '日期是去年六七月的，价格很划算，大罐的要355左右，小罐的可以有优惠买更加划算，性价比超高，非常不错哈哈哈哈真的好大家的就', '正品验证：京东自营一直放心信赖的一个购物方式,营养配方：新国标要求肯定达标,消化吸收：原来广告就说主打温和不上火，老大喝了老二喝,其他特色：一小罐一小罐真滴非常的方便，出行非常适合，也适合加奶粉加的少的', '这款美素佳儿的幼儿奶粉真的很不错！我家宝宝一直喝的这个牌子，口感清淡，不上火。而且营养成分也很全面，含有 DHA、ARA、胆碱等多种有益成分，对宝宝的大脑和视力发育都有很好的帮助。宝宝喝了之后身体也很健康，抵抗力也有所提高。而且这个牌子的口碑也很好，很多妈妈都推荐过。总之，非常满意，会一直回购的！', '据说奶粉的尽头还是美素佳儿，孩子很喜欢喝，作为补充还是很方便的。,说不清是第几次买美素佳儿了，奶粉这种给孩子喝的，还是想尽量用进口的。,对了，京东物流给力', '第一次买奶粉做了很多攻略。这款奶粉评价还不错，都说能增强宝宝抵抗力，促进生长发育。我买的这个350g的，小小的一罐，打开吃也不用吃太久，不容易受潮变质。比大罐头的价格算下来还便宜呢，非常不错！', '之前在找下母婴店买的400g装的，219元，在京东上也买过400g的，现在发现这边有这种350g的，价格便宜50元，感觉这种很划算，问过客服，和400g的是一样的。'],['还是23年7月份的，真是太差劲了！劝大家还是去实体店买！这个京东旗舰店也不靠谱了！', '喝完吐奶', '宝宝吃完就过敏了，下巴到脖子全是黄色的痘痘', '这款奶粉和其他奶粉颜色不一样，是一种暗黄色的，颜色特别深， 小宝宝吃完就拉肚子 问客服了，他说的颜色不一样属于正常现象 ，问客服任何问题，客服就是一句话他们没有任何问题']
6,1万+,500,10+,10+,1400,7,10,['溶解性：奶粉溶解性很好，不挂壁,其他特色：荷兰原装进口，奶源放心,清火功效：清火不知道有没有，但是不上火,消化吸收：好吸收，便便正常,营养配方：DHA和ARA，低聚半乳糖，乳糖，牛磺酸', '三胎娃，做了很多功课，综合朋友的意见最终选了它，算是爱他里的中高粉，无论是益生菌，DHA还是OPO等关键成分含量都挺高，科学配比也很重要,溶解性好，喝了消化好，没有胀气，不上火也不便秘，会回购', '到货特别快，保证娃娃不断粮,第二次购买，听讲解是奶粉中含有的益生菌➕益生元组合，对宝宝的肠道健康非常友好，目前喝下来宝宝吸收挺好，也没有胀气，不便秘，很好冲开，不挂壁，打算选择这个品牌作娃娃长期的口粮', '爱他美领熠高端系列，对宝宝肠道好，里面德益生菌市妈妈亲喂同款益生菌，成分很不错，宝宝喝了长肉消化吸收好，挂壁的话用摇摆器摇3分钟就很OK了，淡淡的奶香味很好闻，推荐入手', '两个娃都是喝爱他美，领熠这款在天然乳脂基础上，额外添加了 OPO ，足足达到新国标的两倍，宝宝营养吸收不是问题，好冲泡又不上火，娃爱吃且排便正常，其他营养成分也很到位，都添加胆碱的奶粉，和搭档高含量的DHA一起，会继续回购~', '这款产品真的太棒了！质量上乘，使用方便，设计独特。我非常喜欢它的外观和功能，性价比也很高。购买后服务也很周到，让我非常满意。强烈推荐给大家！', '这款奶粉是别人推荐给我的，感觉孩子很爱吃，非常不错，就先吃这款了，不错，便宜实惠，希望多出点优惠活动，一定多多支持，加油奥利给。', '从宝宝出生就开始喝爱他美，最开始同事推荐卓傲系列的，喝了几罐，吸收很好，后面看到领熠，更高端，果断买来给小宝试喝，比卓傲更好吸收，而且不容易上火，京东自营值得信赖，而且物流迅速，满足不时之需,消化吸收：易消化吸收,溶解性：溶解度高,营养配方：比较科学,正品验证：京东大平台，值🉐信赖', '超出预期，质量很好，做工精细，包装物流也很快很好。全球唯一双元OPO爱他美（其他爱他美产品中含有天然乳脂中的OPO，但没有额外添加,OPO。领熠的OPO含量更高）除天然乳脂含有的OP9外，额外添加OPO.', '下单后隔天就到了，包装的也很严实，不愧是官旗。听说新国标的奶粉要求更严格而且还是爱他美旗下顶配奶粉就买来试试，到手简直太棒了。首先罐子看上去就很高大上，营养也很全面，DHA含量高于新国标，还添加胆碱帮助宝宝抓住眼脑发育的关键期，其次还添加专利益生菌+益生元组合，冲泡不结块，口味清谈宝宝爱喝，吸收的也好，认准你家了！'],['总是摇不开，有小硬块', '1奶粉化不开，即使减少奶粉比例，依旧颗粒多。,2发现有悬浮异物。', '化不开，孩子吃完拉稀，我用几个水温试了，都挂壁。,后悔从皇家换过来了。', '从宝宝出生就喝爱他美，除了实体店，就在这里买，现在宝宝五个多月，卓萃1没了，非官网店我不敢买，就买了他们说的顶配，就是评价的这款。正在转奶中，发现怎么冲都结块（之前的卓萃没问题），咨询了客服，还是没有用，反正就是他们没问题。刚转好奶难道还要再转奶？马上六个月以后还要转二段，加辅食，客服说打疫苗又不能转，太累了……说实话，我感觉这些好评不像真实用户说的话。', '非常难溶，动不动就堵奶眼，非常差', '奶粉根本化不开，结块特别严重，40-55度的水都试过了依然结块，慎买慎买，再也不买这个品牌的奶粉了，直接拉入黑名单！', '婴幼儿的奶粉这样包装吗，没有任何填充物，包裹物，奶粉还磕了一个坑，婴儿直接入口的东西，如此对待？请店家来解释一下，出于对京东的信任，在这里买奶粉，看来得换地方购买了', '这个奶粉起疙瘩结块化不开，客服让我慢慢放缓速度摇90次！我也做了，硬是浪费了六七勺，一点没送到嘴里，客服就一直发冲奶视频，一直在复制，没有一句有质量的答复，让人非常恼火！', '我东西都没收到给我 自动签收了', '你们看看怎么个情况？']
7,50万+,500,2500+,2500+,29,900+,1200,['正品验证：是正品，连续买了很久了，孩子一直吃珍护。,营养配方：营养丰富，适合2岁的小朋友。,消化吸收：吸收也比较好。,清火功效：清火功能不了解。,总体来看，物流很快，值得推荐。', '两个娃，大的五岁，小的两岁，一直喝的金领冠，长得很好，国产品牌值得信赖！,😃大品牌！值得信赖！效果超级好！贵有贵的道理！很棒的商品！好产品、好品质、好服务，宝贝确实值这个价钱，在这给商家点个赞👍物超所值，非常满意，期间有点小插曲，店家细致周到的服务让人很感动，祝生意兴隆，还会再来。', '宝贝老二的奶粉快吃完了 赶紧上京东 屯一波 节日 福价 性价比满满 营养搭配均衡 消化易吸收 超易溶解 适合宝贝体质 把宝贝养的白白胖胖', '溶解性：这款金领冠珍护一开奶粉，遇到温开水，很好溶解，不挂壁，不起团。,消化吸收：小孩一直是喝这款金领冠珍护，比较长个头，拉的粑粑也是很正常的。不像别的奶粉，拉干的粑粑', '物流：京东快递很给力，第二天就到了，还送货上门,日期新鲜，没有因为在线上买就给送旧货,溶解性好，只要水温合适，都不需要摇晃,宝宝爱喝，不上火', '买了好几次。一直买的。发货也很快。,正品验证：是正品的呢,营养配方：营养配方全面的,消化吸收：也是好消化和吸收的。,清火功效：没有上火的情况呢。,溶解性：也很好溶解。,其他特色：总体还好的。', '包装的很严实，加了防撞泡棉，京东自营的奶粉，品质有保证，最近给宝宝换了这款伊利的奶粉，粉质细腻，好冲泡，基本50度的水一摇就溶解了，不挂壁，不结块，保障了吸收率。', '正品验证：正品的买过很多次了，很值得信赖的牌子,营养配方：喝了也不会拉肚子，已经从小喝到大,消化吸收：吸收挺好的，小朋友很喜欢喝,清火功效：喝完不会上火,溶解性：温水就可以溶解，非常方便', '正品验证：保证是正品。,营养配方：这款营养配方非常好，从小就喝，非常不错。,消化吸收：买奶粉非常消化吸收，非常好，易消化，易吸收。,清火功效：这款奶粉还有降火清火功效。,溶解性：非常容易溶解。', '一直一直在吃，在京东买到货也快，支持国产奶粉，是正品，营养配方很全面，好消化吸收，也不上火，特别好溶解，还送勺子，设计很方便'],['好咯流量监控网络监控摸摸摸', '这次下完单，送货速度有点慢。', '买完就降价真是没法在京东下单了', '收到后盒子直接都瘪了，无力吐槽~', '涨价浮动太大，一罐**的差价，不建议购买', '奶粉做活动时囤货，比较划算。', '第一次感觉京东服务差成这样', '还可以的，但价格越来越贵', '耍赖的品行，第一次遇到。爱送不送', '物流很快，货已收到，就是有一罐包装变形了']
8,73,1,0,0,3,0,0,None,None
9,5000+,500,7,4,700,4,3,['耐热程度：天天温水冲奶粉没有异味,产品质量：很安全妈妈安心,外形外观：奶粉适配,清洗难度：简单易清洗,其他特色：两个宝宝都是用金领冠珍护加油！宝贝儿，快快,长大！', '正品验证：🎁宝贝质量很好，收到货第一时间打开看了，很不错👍，很满意😃，客服也有问必答，感谢🙏,营养配方：宝贝确实很棒，个人非常喜欢，朋友也说好来着，推荐购买', '奶粉包装非常好，食用方便，口感非常好，孩子很喜欢吃！物美价廉，非常不错的购物经历！京东自营购物有保障，大品牌值得信赖啊！有需要还会再来的啊！', '宝宝现在50天了 刚开始吃羊奶粉，总觉得消化不好，而且买了大罐吃不完，现在基本都是母乳，奶粉偶尔吃一下，换了珍护买的小罐，非常满意的购物，小罐不用担心吃不完浪费，满意', '食用效果：饮用了10天，来评价。跟原装的一样，不错，孩子很喜欢，易吸收 配方：有机的更放心 冲泡情况：易溶解，，而且盖子有溯源标签，原装质量放心', '金领冠珍护奶粉含有乳脂球膜，能够帮助宝宝脑部发育，让大脑反应灵敏，让宝宝赢在起跑线上！珍护从奶源开始就很棒，采用的是臻选的1%金领冠专属牧场的新鲜生牛乳，我女儿超爱喝！', '不错，买了两次了，效果很好，也都满意，,营养配方：很不错。,消化吸收：也不错。,下回可以继续用，都太满意了。,可以可以可以可以可以啊，怎么说都不过分', '宝宝喝着还不错,质量非常好，完全超出期望值，发货速度非常快，包装非常仔细、严实，很满意的一次购物,大小合适，做工精良，出口品质，最满意的一次淘货，很喜欢，下次会再来！', '给宝宝选的这个伊利金领冠珍护一段奶粉 他还很爱吃 有一点甜味 大便正常 大牌子还是值得信赖的 推荐大家在京东购买这款奶粉', '好评模板，物流很快，包装好，价格合适。主要是不怕买到假货，母乳喂养，小厅试用装就是外出的时候应应急，很好很方便。实惠适用'],['买来打开，然后他没有铁皮封口 不知道是不是二次销售而且官方售后比较差服务态度也比较差，希望大家不要来买这款', '店铺太差劲，奶粉也不好喝了就吐，而且吐成黄色的。希望大家不要购买此店铺，而且包装不行，很劣质', '此用户未填写评价内容']
10,5000+,321,0,0,100,1,1,['这次宝宝换了国产的高端奶粉，使用了几天后确实不错，国产奶粉崛起了，之前一直喝的进口还不长肉，这次换了飞鹤，非常好，小孩子也喜欢喝，营养也高，添加的营养素，矿物质也非常好，很容易冲泡，很好', '宝宝喝了好几天了才来评价，一打开很香的奶香味，日期很新鲜，之前喝的奶粉一直都不长肉，这次换飞鹤星飞帆大品牌，宝宝也很喜欢喝', '不错，给宝宝买的奶粉，大品牌值得信赖，京东商城网购很快就到家了，很不错，孩子喜欢吃，味道不错，珍藏起来了，一次满意的购物，推荐给大家。,消化吸收：好', '我孩子从小喝飞鹤奶粉那款星飞凡，这最款新款买来尝尝，据说是新出的飞鹤高端奶粉，搞活动买一送一还是很不错的，奶粉细腻挺好的。', '整体来说还是很不错的，店家服务态度很好，而且质量也很好，没有异味感觉实物比图片更好看，价格和质量成正比，这次购物非常满意，喜欢的宝宝赶紧下手', '宝宝一直喝的飞鹤 这次试试a2 奶很好宝宝很爱喝 以后还会一直喝这个奶粉 客服人很好 物流很快 京东便宜实惠物流还快 宝宝喝了也很好 以后还会回购', '便宜又实惠，买了好多，宝贝一如既往的好😊，性价比非常高，大品牌值得信赖👍一次很好的购物体验，服务周到，物流快速，配送也很周到，态度也很好，好评！', '飞鹤的奶粉，买一送一，超级划算，针对新客来说，大品牌，更适合中国宝宝，这个产品 很细腻。娃儿喜欢喝。星飞帆的更是不错了。', '卓睿的配方很不错，这个就是升级了奶源，其它跟普通版一模一样。新客买一送一很划算，乳糖含量高，味道比较甜，新国标没有香兰素，很好', '很好，京东很快，并且认真负责，我冤枉了快递小哥。没有打开包裹📦，感觉重量小，以为是同时订购的垃圾袋，就在等奶粉，并且网上催促。现在打开看，结果就是奶粉。希望不要给快递小哥罚款，是误会。'],['孩子喝了引起消化不良，一天吐十多次，吐的脱水了']
11,10万+,500,600+,500+,57,300+,300,['小朋友一直喝的就是伊利金领冠育护这款奶粉，现在喝2段奶粉了，这款奶粉易溶解，好吸收，小朋友也不排斥，现在都是按箱囤着了。', '宝宝二段奶粉选的这个价格比较实惠的，宝宝吃起来还是很不错的，长肉肉，而且很结实，消化吸收也不错，之前有说会便秘的，也一直没有发生，味道也不错没有很甜的味道，奶香浓郁，这个日常价相对也比较稳定，每次都是买三罐，吃起来日期比较新鲜，也不心痛', '从出生吃到现在回购无数次，整箱囤的正品验证。经过查询产品为正品。京东购物就是放心。营养配方。营养配方科学均衡。消化吸收奶粉易吸收，这款奶粉不上火。溶解性好。很快充分溶解。非常方便。', '奶粉不错，宝宝爱喝，选择育护的原因是性价比更高，比珍护优惠了不少钱，但也要宝宝喝着习惯，不会上火和热气才是最关键的，很好！', '女儿差不多六个月了 先囤一点二段的！！ 家里几个娃娃都是喝伊利的奶粉 大的那个从小喝到大 奶粉日期很新鲜 包装也没有破损 配送速度很快 会一如既往地支持京东的', '包装的很好，日期很新鲜，两个宝宝都喝这款，活动价也非常划算，溶解性很好，,营养配方：对比了下其他的，还是喜欢这款，总体营养成分都很不错', '价格实惠，质量好，物流快，很满意的一次购物。宝宝爱吃，拉粑粑也很规律，溶解性很好，日期新鲜，好消化吸收，官方旗舰店正品。', '宝宝喝了2个月了，消化吸收都很好，长肉比较多宝宝爱喝，这款奶粉京东物流方便价格很实惠，线下够买不方便还贵，已经回购很多次', '奶粉收到了，快递物流很快，宝贝很喜欢喝，一直在这家店买。日期新鲜，2月底生产的，价格实惠，溶解性很好，还送一个娃娃，不错。', '第二次回购了，金领冠育护二段奶粉价格实惠，宝宝爱喝，吸收好，在京东自营店买的奶粉，不担心买到假奶粉，送货上门非常方便，速度快。'],['退货了，宝宝吃了各种问题。', '同样的货，买的比别家贵多了，再不买了', '怎样冲泡都是结块没办法融化', '说好买两瓶送小袋的没见😤 😤 😤 😤', '产品不是小孩喜欢吃的味道、', '速度真的快!!!可惜积分被扫过了!!!!!', '奶粉泡水不溶，真的不行。', '我买了八听，一点赠品都没有………', '不能积分，买了三罐都是提示积分码已失效', '没有积分码和追溯码不知道是不是真货！']
12,5000+,500,10,3,900,6,9,['京东快递很快，包装很好，小孩子已经适应，二宝爱喝，溶解性好，性价比也高，容易消化吸收，会推荐给朋友们购买的，也会一直支持！', '京东快递很快，包装也很好，今天下单第二天就到了，性价比高，二宝现在就是用这个品牌的奶粉，容易消化吸收，会推荐给朋友们购买的', '实体店一样，东西已经收到了，物流很快，,喝完继续购买，这家店的，有优惠价格，,有不懂得可以问客服，它们会详细解答，喜欢的！', '买来给娃试喝的，奶粉冲泡溶解度很好，口味清甜，娃快三岁了，不需要转奶，食欲不太好，换着喝喝也能很快接受！试喝装性价比高！如果有有机奶试喝成功会考虑回购！小罐试喝装的包装都能那么完美！和大罐包装一样！非常完美的一次试喝体验！感谢京东！ 卖家的服务真是一流！他们把顾客的需求放在首位，耐心解答疑问，并提供了专业的建议。物流速度也很快，让我迅速收到了商品。', '宝宝断母乳后老婆一直给她喝的这款奶粉，没出现什么消化不良或者冲泡不开的情况。奶粉营养搭配好，重点还添加了益生菌，调理宝宝肠胃，消化吸收好。', '宝宝一直喝这个系列的，好吸收也易消化。溶解性没有2段的好。,主要是京东百亿补贴，价格实惠，哈哈哈。,快递包装还是不错的，从来没有磕碰。', '有一说一，宝宝断母乳后一直喝的这款奶粉，没出现什么消化不良或者冲泡不开的情况。奶粉营养搭配好，重点还添加了益生菌，调理宝宝肠胃，消化吸收好，宝宝很喜欢呢！真心值得推荐。', '不太爱评价，但这个是真的棒！包裹很严实，快递服务态度好，绝对好评！宝贝收到了，质量很不错，比想象中好，非常合适，下次继续购买', '宝贝从小一直喜欢喝这款奶粉，很喜欢呢。,正品验证：品牌值得信赖。,营养配方：营养均衡，添加益生菌调理肠胃，很奈斯。,消化吸收：易冲泡，不起坨。,清火功效：清火功效：孩子喝了 不上火，不拉稀。,溶解性：溶解性：溶解性 很好。,其他特色：包装精良，快递速度，服务有保障。', '袋装的非常好，其实没必要刻意买罐装的，以前吃的雀巢也非常好，前面因为拉肚子吃了特殊医学奶粉，很快就好了，雀巢的奶粉真不错，值得'],['这个东西上面①层这么厚的灰', '拉肚子拉肚子拉肚子闹心而且摇晃好一会还是有结块', '好好的雀巢能恩，非要换了新配方，导致孩子过敏，其他牌子也过敏，老款能恩没有了孩子没有奶粉吃了，除了老款能恩其他都过敏', '太喝了有骨怪味。孩子不喝', '感觉新款很差，不容易泡开，宝宝也不爱喝，奶量下降了不少喝后肚子还有些发胀', '我买了一箱袋装的，居然是其他奶粉箱子包装的！！！#，我又不是拆开买的，糟心！还有活动能不能给力点，一天一个价，烦死了！这次肯定差评！！！', '此用户未填写评价内容', '此用户未填写评价内容', '此用户未填写评价内容']
13,5万+,500,10+,20+,4200,10+,10,['这次活动囤了很多这款奶粉，打包的很好，京东商城一直很放心选购，罐子底部有溯源码验证是真的，上边还有一个塑料盖保护的很好，奶粉干燥易冲泡，宝宝就爱喝这一口。', '质量很好 物流很快 客服服务态度也很好 宝宝从出生喝的就是这个 消化什么的方面也很好 佩方也很全面 就是价格有点高 别的没啥', '没想到第一次试水没踩雷!无意在网上看到的，算是有缘，又看了看买家秀评价!好评如潮!还被我发现了优惠券，那我还等什么呢，赶紧下单购买了。收到宝贝，包装特别仔细。描述质量物流都OK拉。喝完还来哦!希望店家多些优惠呀!', '奶粉罐的底部有溯源码，已经验证是正品，配方也很健康科学，容易吸收消化，孩子喝了不上火，容易溶解冲泡，河北的大品牌，走的是京东物流上门派件。令人信赖的品牌', '多次购买的咱们君乐宝的产品了，孩子很爱喝这个，容易溶解冲泡，奶粉也很干，处理的很好，用了纸箱发货，送货上门了，京东快递一直没有失望过，口感纯正，可靠奶源', '宝贝很好用着划算，京东活动买的是正品，本地仓发的货到货很快，奶粉罐下面的有溯源码，验证是正品，京东快递送货上门，用了气囊柱保护的很好，优秀产品', '正品验证：,京东自营，正品有保障！,营养配方：营养均衡，国货之光，必须支持！,消化吸收：易消化易吸收，宝宝喜欢喝！,清火功效：喝了不上火，大便💩正常，每日一次！,溶解性：易溶解冲开！,其他特色：京东自营，价格低，买了好多了！,一直买君乐宝诠释爱奶粉，尤其京东购买，价格优惠，而且当天就可以送达，时效性杠杠的', '🎈商品收到了，包装得很好，物流非常快，客服态度很积极，有问题及时解答！总体来说非常满意！超出预期，质量很好，做工精细，满意', '包装严实无破损变形，物流速度也很快就能到达目的地，宝贝做工精细，图案清晰漂亮，客服态度很好有问必答赞一个！日期吗就那样懂的都懂，关键是价格实惠给力包装严实无破损变形，物流速度也很快就能到达目的地，宝贝做工精细，图案清晰漂亮，客服态度很好有问必答赞一个！日期吗就那样懂的都懂，关键是价格实惠给力', '消化吸收：好吸收。已经回购很多次了，宝贝很喜欢的奶粉，一直很喜欢喝，君乐宝信赖的大品牌，奶粉很细腻，营养丰富，物流很快，包装精美，会继续回购的。宝贝就喜欢喝这个奶粉，这个诠臻爱奶粉真的很好！营养配方：央视推荐。比较好喝，虽然买的是婴幼儿的，但是我是花钱划到的，挺好喝的。性价比是还好，看自己的消费能力和对产品的需求。'],['为什么他的订单会在我手机上？', '清火功效：包装破损，罐子都被砸凹了。', '服务差，正用时既然没勺，说补发，还来得急吗', '刚买没多久，但是也刚过了价保的时间，就降价了，心里不平衡', '打开纸盒子，这盖子跟桶都是分开的，都盖不上，奶粉质量会好吗？孩子不爱喝，不好闻的味道，', '小罐奶粉受潮了 新买的就有结块儿 日期是新的 为啥还有结块儿 婴儿喝的你们也胡来啊', '里面没有勺子，怎么用！差评！！！', '搞笑吗？送一个用不上的东西，逼着我去浪费？浪费资源？', '显示次日达，结果十天，#', '价格时高时低']
14,2万+,500,20+,10+,2300,20+,20,['宝宝出生的时候，喝的这一款奶粉的试用装，现在母乳奶粉混合喂养，给宝妈们一个建议，试用装没出医院就喝完了，还是要买罐大一点的，这款奶粉是飞鹤主推的，品质不用质疑，冲泡很方便，容易溶解，放心推荐', '发货速度隔天就到了，而且送到所在楼层很方便，包装很好，没有损坏，买了两次了，小宝宝刚出生，母乳还不够他喝，搭着奶粉喝，容易冲调没有旮瘩', '正品验证：应该是正品。,营养配方：看配方应该还可以。,消化吸收：小孩子吸收很好。,清火功效：暂时没有发现这个功能。,溶解性：很好溶解，冲泡起来不困难。,其他特色：快递速度很快，快递小哥服务态度很好。', '正品验证：正品正品 相信京东 价格也很合适,营养配方：头胎喝的金领冠珍护 二胎了继续喝珍护买一小罐应该够了,消化吸收：蛮好的 头胎喝的挺好的 臭臭也可以,清火功效：不咋上火,溶解性：很好溶解', '正品验证：扫码验证是正品 一直都在京东买的 放心,营养配方：营养配方比较全面,消化吸收：消化吸收应该还可以 宝宝长得很好,溶解性：溶解快 一般10秒左右就没有多少颗粒了', '二宝，第一次尝试这款奶粉，听说口碑不错，就来试试水咯，溶解速度的话很快，闻起来一股奶香味，消化的话新生儿也能适应起来，冲的话也方便，到货速度也快', '非常好的奶粉，小孩消化很好，物流也非常非常快，小瓶非常便携，质量也很好，物流非常非常快，小孩很喜欢喝，消化也很好，很推荐。', '大品牌值得信赖，想给宝宝转奶粉，试了一款，正在试用中，宝宝一直母乳，突然给她喝奶粉不是很爱喝，亲戚家的宝宝都喝的这款，就买回来试试，希望效果很好', '非常赞，新用户优惠购买。这款奶粉溶解很快，日期很新鲜，喝了也不上火，宝宝也很爱吃，准备这两罐喝差不多入手大罐的。再等等商家活动时入手一箱', '老公挑选的奶粉，国产奶粉，营养全面，好像说珍护是CPO排行第一，性价比还是很不错的,奶粉溶解度不错，手搓都很好摇开，宝宝吃了也没有上火，便秘。目前已经吃第四罐啦。'],['有异物，不相信这个品牌了，客户也敷衍了事', '奶粉不应该是内蒙古产的吗，他这款是黑龙江产的', '为什么我还没去拿货 快递站就自动签收 害我验证码都看不到了', '包装太差了，奶粉瓶都压了，为啥900g的是内蒙古的，而280g的却是黑龙江的，貌似黑龙江的奶粉没有内蒙古的好。。', '奶粉好，体验感不好，伊利这么大的品牌不至于骗人吧，扫二维码不给兑换就不要有这种活动', '差评。宝宝不到一周就要喂60毫升，而且喂完差不多一个小时就饿醒哭闹。经过宝妈分享，这个奶粉居然好几个产地，配方表还不一样，品控品质差。不同产地，不同批次差异大。新手妈妈踩坑第第一大坑。卖这么贵还做不好品控，差评。', '之前一直都是混合喂养，奶水还不错，两个宝宝都是把奶粉当零食，一天吃一顿左右，宝宝有点儿胀气也每当回事儿。现在一个半月了，大宝儿要打疫苗，母乳性黄疸，只能吃奶粉，才吃两天肚子胀气很严重，而且还不拉粑粑，白天黑夜的哭，孩子特别受罪。昨天晚上换了亲戚从香港带回来的美素力奶粉，孩子一夜没哭，睡的特别香。我一般都不喜欢评价，实在是这款奶粉太让孩子受罪了，给一颗星我都嫌多', '这个奶粉吃了宝宝便秘，这奶粉很便秘大王。太吓人了，本届排便正常，吃了两顿这个奶粉，宝宝吃了两天益生菌才排便啊。真吓人这个奶粉啊有毒', '奶粉里面有异物，售后打了一个电话询问了一下之后就没有结果了，找客服呢，客服就说问问，问问就没结果了，这个品牌没人解决售后问题，请大家购买需谨慎。', '天猫超市卖69，京东卖89，贵死了']
15,5万+,500,100+,100+,1,100+,100,['给孩子回购的，喝着很好，吸收好，营养高，孩子长肉肉了。身边朋友也在买，给大家推荐爱他美卓傲，是卓萃的升级版，孩子喝着很好哦！强烈推荐👍👍👍'],['当时买375一瓶，在实体店买的是245一瓶', '价格不错 但是日期比我一个月前买的还旧', '刚加个会员就给我发个这样的货', '出库都不检查的，奶粉都摔坏了！', '发现黑色的物体，联系客服没用，不给解决', '这个奶粉盒子凹下去了，不知道有没有质量问题', '第一次从京东买这个牌子的自己看吧', '奶泡还是很多，还不容易溶解', '比起以前的卓萃，这个卓傲气泡好多', '一打开，卡扣就断的，我都怀疑是不是买到假货了']
16,5000+,500,7,3,600,5,2,['买了还没吃，一个卖奶粉的大哥给我打电话聊了两个小时，说这个产品很不错，不折腾，放心，查了品牌一看是北大荒的应该是没问的。', '好评说三遍！小罐奶粉方便携带，宝宝很喜欢喝，喝了消化很好，长肉肉呦。小罐奶粉方便携带，宝宝很喜欢喝，喝了消化很好，长肉肉呦。小罐奶粉方便携带，宝宝很喜欢喝，喝了消化很好，长肉肉呦。囤货啦！', '帮朋友买的，娃喝的很好不上火，好化开，不挂杯，性价比很高，成分安全，推荐，国产还是香！！！！！！！！！！！！！！！！！！', '收到货，第一时间拆包装，感觉质量还是比较好的，与卖家描述的还是一致的，非常满意，发货速度比较快，包装非常仔细、严实，物流公司服务态度很好，运送速度很快，总的来说这次是很满意的一次购物，而且客服小姐姐也特别的好，很有礼貌，客服小姐姐也是秒回我的疑问呢，嘻嘻，下次还会回购哒。', '这是第n次在京东上买东西啦，奶粉质量非常好，与卖家描述的基本一致，物美价廉，真的很喜欢，完全超出期望！并且发货速度非常快，包装仔细、严实，物流公司服务态度很好，送货速度也快，总之很满意的一次购物！推荐大家购买呀，哈哈哈！', '京东上的东西质量有保证，买着放心用着舒心。客服也很好，消费者权益有保障，在京东上买的东西耐心，质量经的起考验。,一分钱一分货，京东虽然贵一点但是买着放心，不怕被坑。', '在这里选购安全方便快捷💜，快递小哥态度非常好，这个价格非常给力💪，十分推荐，会继续回购是正品，和实体店一样，价格还优惠，果断转粉', '国货老品牌，配方合理科学，好消化好吸收，易溶解不结块不挂壁，宝宝很是喜欢喝。店家态度很好，总有赠品，棒棒哒，会一直购买下去。', '发货神速，第一单价格超实惠，大品牌，值得信赖，奶粉不错，下次继续采购。发货神速，第一单价格超实惠，大品牌，值得信赖，奶粉不错，下次继续采购。发货神速，第一单价格超实惠，大品牌，值得信赖，奶粉不错，下次继续采购。', '宝宝很爱吃，嘎嘎炫。,冲奶粉也很方便，溶解度很好，不怎么挂壁，按照指导值去冲，千万不要自作主张，特别是所谓有经验的家长去帮忙时候。,唯一的缺点就是价格不算便宜，毕竟纯国产的奶粉，原料地就在国内，省了运输费，不需要进口，省了关税，不需要代理商，省了一层加价，再加上国内人工比国外便宜的没边了，这么算下来，这价格怎么会比国外进口的贵那么多？我不理解。'],['不好，宝宝吃了拉肚子，便便稀稀的，都是水多', '此用户未填写评价内容']
17,10万+,500,80+,90+,9700,70+,100,['奶粉开箱大吉大利！,感谢试用，预产期为今年6月。正打算开始研究奶粉，就中了一罐。同学刚出月子用的奶粉也是这个牌子，据她说在超市很好买到，所以我也有在关注。,奶粉的保质期很长，到2025年7月。包装完好无损。具体好不好喝我得等孩子生出来了才知道，鉴于同学,有推荐，我在山姆也看到过这个牌子，很是期待它的口味和效果。,经研究这款是新国标，同样含有乳铁蛋白，这是一种可以提升宝宝保护力的成分，保护肠道健康。', '第一次当妈妈选择了蓝臻 大概是很相信缘份 宝宝爸爸很喜欢蓝色 可能爱屋及乌吧 美赞臣蓝臻名字就很加分呀 嘻嘻嘻嘻嘻嘻,继而是奶粉的营养配方 营养配比都很好喔 溶解性也很棒', '宝儿从出生开始就喝的美赞臣蓝臻，起初是因为母婴店活动送的。但发现这款奶粉还不错，乳铁蛋白含量很高，易冲泡。因为是混合喂养，所以这种小罐装也非常合适', '我就是买了小的，才买的大的，很好吃，小朋友很喜欢，长肉长高，非常不错！而且颜色也很好看，试用装再便宜点就更好了，555555，很爱。', '小宝宝👶🏻出生就吃的这款奶粉 不挑食好养活 小罐装 不浪费 一直很好 没有任何问题 好吸收易消化 正品保证质量不错。', '日期很新鲜，包装精美，价格实惠，宝宝爱喝，好吸收，容易消化，溶解性好，正品，总体非常好，感觉很靠谱的一个牌子。信得过的。', '宝宝喝了不上火，容易溶于水，对比了其他的奶粉，比较喜欢这款，宝宝也非常喜欢喝，美赞臣大牌子，值得拥有，无限回购，快递小哥送货也快。', '非常好啊，这个两厢送了一个小三轮车，然后一箱的时候那个赠品没有货了，然后也是赶着做活动价格非常低质数入手的一贯差不多在360左右还是非常不错的小孩喝的话，目前来说拉屎还是比较正常的，没有以前传输什么进口奶粉喝了会上火，大便干这种情况没有发现非常不错', '宝宝的第一罐奶粉，先买小罐的，试吃完了才来评价。物流很快，包装完好无损。虽然不是新国标，但这个牌子的质量一直都很好。宝宝吃了也适应，大便什么的都正常。奶粉粉质细腻，日期也算可以', '家里小胖墩脾胃虚弱，先后吃货爱他美白金版，拉肚子放弃了，又尝试了a2，还是不行。最后听阿姨带换了蓝臻，舌苔也白了，但是没有拉肚子，就一直吃了。后面都是模板啦，感谢京东，特别方便，特别是有了宝宝以后，买个米，调料，生活用品全部在京东，第二天就送到，再也不去超市买东西了。'],['产品包装上无产品标准号', '网页上说有赠品，毛都没有', '包装盒完整，拿出来是瘪的', '日期已经过半，价格相比之前翻倍，体验不好', '里面没有小勺子，用的不方便', '第一次买没有奶粉勺奶粉', '生产日期是23年1月份的，已经过了一大半的保质期了。', '客服态度差，货物损坏，快递到了也不打电话通知', '宝宝一吃就拉肚子，奶根本化不开', '宝宝吃了拉肚子，不知道怎么回事。']
18,20万+,500,700+,700+,64,700+,700,['奶粉性价比很高 消化和吸收也很高，小朋友喝了特别长肉肉，看了奶粉配方也挺好的，冲泡很好溶解，内盖可以扫码积分吃了不上火，', '奶粉性价比很高，喝剩的一些倒掉也不心疼，很容易溶解，摇几下就溶解了，不费力，宝宝爱喝，吃了也不热气，没有眼屎，营养价值高，宝宝长身体。', '这款奶粉娃儿吃起很适应，以前另一款奶粉很多奶瓣，这一款育护好消化，性价比也非常的高，娃儿奶量大选择了这款奶粉，总体来说挺不错的。', '宝宝出生一直喝的育护 .消化挺好吸收也很好特别长肉肉，奶粉很好溶解，宝宝也特别爱喝，性价比很高，喝完马上就要换二段来喝了，', '发货快，物流也很快，而且快递小哥也很贴心，直接给送到家门口。伊利大品牌值得信赖，给孩子吃过悠滋小羊、金领冠珍护，现在开始吃金领冠育护', '很好很好很好，性价比很高。目前宝宝长得很快，胖胖的。很可爱。希望不要经常断货~有活动就囤一点。继续支持支持支持支持支持支持支持！', '产品不错，多次购买了，价格优惠，物流也很快，母乳喂了宝宝还没饱的时候就冲奶粉补上，对这个宝宝也不抗拒，喝的挺好的，下次可以再买。', '这款产品适合刚刚出生孩子，物美价廉，很实用的一款奶品，我孙女也挺爱喝，营养搭配挺好，各种营养均衡，味道也不错，这也是经过精挑细选才决定购买的，经过反复比较挑选最后选了一个这款产品，在京东自营里加入购物车，比旗舰店的价格要便宜，自营产品真是很好，快递小哥第二天上午就送来了，验货，一点不错，京东的商品就是好，购买很放心 ，商品品质好，服务到位，物流配送也很给力，好评', '京东物流速度依旧给力。这款奶粉性价比很高了，这个价位有真么多的营养成分。,宝宝吃完身体长得可以，拉屎也正常，以后就买这个品牌了。', '孩宝宝喝了好吸收，长肉肉，长个子，很少吐奶,营养配方：配方全,正品验证：有朔源码正品,溶解性：溶解特别快,其他特色：我家宝宝非常喜欢这款金领冠,消化吸收：易消化好吸收而且喝了也没上过火'],['小孩子他基本上不想吃。', '还没给宝宝喝呢，但愿不要失望吧。', '本人买三回了，一直都是老包装。', '连个勺子都不送，送一个能穷死啊', '换了个烂包装就从150升到230，换牌子了佩服', '溶解性差底部总有溶解不完的疙瘩', '跟实体店的不一样，起泡多，不易溶解', '奶粉起坨，感觉不是正品', '盒子盖子是坏的，着急用，就开封了。', '旧包装没勺子还，下次不再京东买了']
19,2万+,500,100+,40+,5300,30+,50,['金领冠这一款产品是正品营养配方，易消化好吸收清火，功效也不错，非常容易溶解，冲起来很容易最重要的是这个口味比较清淡，宝宝非常爱喝，每次都自己吵着要喝奶！', '支持国产奶粉，信赖金领冠的配方，宝宝现在喝的奶粉是三段奶粉！金领冠这一款产品是正品营养配方，易消化好吸收清火，功效也不错，非常容易溶解，冲起来很容易最重要的是这个口味比较清淡！', '宝宝从生下来就一直吃的金领冠，最开始吃的黄色的珍护，后面升级就又变成蓝色的这个，宝宝一直也很爱吃、很喜欢这个味道，感觉吃着也比较放心和安心', '无限回购的奶粉，京东物流非常迅速，快递有保障，十分迅速，营养价值高，吸收好，对宝宝肠胃也没有影响，伊利A2奶源，比黄盖感觉要好', '孩子从小到大一直喝的是金领冠珍护，这次换成新配方，孩子完美适应，大品牌的东西绝对可以闭眼入，新生儿一定可以考虑这款奶粉，绝对好。', '这款奶粉真的很棒，宝宝爱喝，便便也正常。看来选对奶粉真的很重要，会继续支持！金领冠奶粉，宝宝的健康首选。营养全面，助力宝宝健康成长。科学配方，贴近宝宝需求，让妈妈更放心。优选牧场奶源，严格质量把关，品质值得信赖。众多妈妈的选择，宝宝喝的开心，妈妈买的安心。', '奶粉很好 宝宝很喜欢喝 从小一直喝的珍护A2 孕婴店的目前没有京东便宜,消化吸收：很好吸收把 我家宝宝一直很正常,清火功效：不便秘 就应该挺好的', '日期新鲜，价格优惠，粉质细腻，好吸收易消化，溶解性好，京东快递速度非常快，购物心情美美哒，大宝小宝都爱喝，超级三代opo更容易吸收', '正品，双重验证，配方全面符合国人标准，适合中国的小宝宝，消化吸收好，不便秘，非常好溶解，进口奶粉难溶，这是一大特色啊，加水就溶解', '平时都是线下买奶粉，第一次在网上买，感觉还不错，A2奶源，很容易溶解，宝宝喝了也容易吸收，她还挺愿意喝的，物流很快，下单后第二天就到，包装也很好，收到没有破损。'],['赠送活动规则不清晰，客服沟通问题不合理', '看看罐身到处都是瘪的痕迹', '看了配料表与普通珍护的一模一样，这是换了个包装变相涨价吧', '奶粉说的有赠品，大家千万不要相信，都没有赠品，而且价格还贵，', '有一罐奶粉外观变形，快递包装完好，怀疑商家发货就是发的瘪了的货', '要点赠品这个费劲，还得添两个表，又是单号又是ID的，麻烦死了', '东西没问题，本来说好送个赠品，我也确认收货了。怎么又要我到直播间去领。我记得以前领个赠品也没这么多事的啊。我是不是还要进去直播间点个关注，办个粉丝牌？', '就为了拿下勺子，盖子直接裂开，好家伙。要不是急着冲奶都直接退货了。', '奶粉不错，但是这营销方式就让人无语了，一模一样的奶粉买4罐有的买，2罐就不行，礼品也是每次都需要收到货才补发，忙忘了，后面再联系就说没有了，还有明明订单金额达标送礼品了，奶粉又给分两个订单发，后说单笔不够送礼品金额，总之就是坑坑坑，回购了很多次，但是现在成功劝退', '就买一罐，还压的扁扁的。客服回复不给力像是机器人。另外申请的试用装还没有发货，本来是想试下试用装，然后全部转成珍护的，还是在考虑一下吧。天猫客服好一点，介绍的也详细。']
20,100+,84,0,0,8,0,0,None,None
21,5万+,500,40+,30+,3500,30+,20,['这一款较大婴儿配方奶粉有350g，里面包含了乳糖，脱脂乳粉。维生素AD，e还有叶酸，泛酸，维生素C，生物素，胆碱，肌醇，牛磺酸，半乳糖，叶黄酸核苷酸等等营养成分。发货超级快，到货超级快，包装很精致，真的是开启了新世界的大门……用了觉得很不错，商品质量好，发货也挺快的，总之就是很赞了', '小宝其他奶粉不怎么爱喝了，就特意选了启赋，新国标更好，所以让小宝试试喝，给小宝冲了后，还是喜欢喝的，一下喝不了不少。物流快递很快就送到。', '启赋老品牌，朋友推荐～通过了新国标，听说很好吸收，冲泡过一次，很好溶解，味道有点腥，不影响～看过奶粉测评也说这个奶粉挺好，身边也有很多朋友的小孩喝这个👍', '孩子突然没有口粮了，还是得靠京东物流非常的快，一直喝这个牌子的奶粉，挺长肉的，宝宝也喜欢,正品验证：信得过京东,营养配方：营养均衡,消化吸收：很好消化，没任何问题', '宝宝要换奶粉，在网上看了很多品牌，也看了一些测评，最终还是选择启赋蓝罐。宝宝吃了一个礼拜，感觉非常好！！没有什么消化不良的！！！', '参与了小罐免费试喝活动，很划算哦，回购了大罐，宝宝也成功转奶！你们看，粉质细腻，粉也偏黄，其他牌子的奶粉有的偏白！是正品，每一罐都可以验真伪。', '趁有活动的时候多买一些，价格优惠，小朋友也喜欢喝，物流速度也很快，前一天晚上下单，第二天一早就送到了，正品，小朋友喝完没有问题', '一如既往的好，京东忠实用户，送达非常快，商品是正品。产品的质量很合格，包装的方式很严格，物流的速度很稳定。使用起来非常简单，清洁起来非常方便，收纳起来非常简洁，已经多次回购，像往常一样的好。', '宝宝从出生就喝启赋 大品牌还是值得信赖 体重增长很明显 图二 莲藕排骨汤。哈哈哈 还会继续回购 京东爸爸质量有保障', '帮我嫂子家宝宝买的，新客价格非常实惠，宝宝我很爱喝，溶解性好，易吸收易消化，从小就一直喝的这款奶粉，物流很快，日期也很新鲜，好评！'],['买的小罐使用 连勺子都没有配', '一股子难闻的味道。不建议购买！！！', '第一次遇见商家说只管卖东西，可以售前咨询，不管售后🙃', '从此告别启赋，新配方就是好，把小孩都喝哭了,营养配方：老配方小孩喜欢喝，新配方喝哭小孩', '差评，奶粉里有东西，不是正品，孩子不能吃，有股味', '复购要求还需要第一次购买加入会员，就是欺负我们这些新客户，什么都不懂，没有加入就不能享受复购，差评，差评', '收到货时，包装的小箱子是全烂的，里面的奶粉桶可以直接倒出来，不知道奶粉有没有被调包。由于急用奶粉，给客服沟通，能不能把这个退回去的同时给我再发一桶，客服说不行。全部差评', '是因为是试用装的原因？一股腥味，我崽喝了一口就再也没有喝了。她妈妈试了下，难以下咽。之前喝的皇家美素佳儿，就没有这个味道，太腥了🙊🙊', '非常腥，而且配料表有食品添加剂，挺失望的，宝宝喝了之后拉绿便，喷奶，只能说无缘，不适合我宝宝的体质，我自己喝也喝吐了(۶ꈨຶꎁꈨຶ )۶ʸᵉᵃʰᵎ', '居然这样了，漏了']
22,500+,500,3,50+,100,5,6,['闺蜜宝宝出生啦，看了好多功课总于找到最适合她家宝宝的美赞臣铂睿奶粉，最近上了新国标，配方进行了升级，含有DHA，A2蛋白，酵母–β等多种顶级保护成分，新添加了模拟母乳低聚糖HMO，高含量, 强保护, 好吸收, 效果好!，100%荷兰进口，奶源放心无污染！早上下单晚上就能收到，物流杠杠滴。罐子底部还有二维码，扫码追溯到产品信息，产品质量有保障！客服很耐心的解答问题，很棒。', '新生儿奶粉选择太重要了，选奶粉真是让老母亲操碎了心，最后做了好多功课后选择了这款美赞臣铂睿奶粉，新国标升级配方，增加了母乳低聚糖HMO，能实实在在的提升宝宝保护力，长短链益生元组合，促进肠道健康，让宝宝更好吸收，实证DHA配方，帮助宝宝大脑和视觉发育，口味很清淡，冲泡溶解也快，宝宝喝了也不上火，挺不错的。', '物流很快，隔天就到了！大宝喝的美赞臣铂睿，这次二胎宝宝也给她选了这个系列，新升级出新国标了，0添加蔗糖，香精，固体玉米糖浆，配方实证中国发明专利，DHA促进宝宝大脑发育！宝宝肠胃吸收不好，还好这款奶粉添加了长短链益生元组合，更好的促进宝宝肠道消化！奶粉很细腻，冲泡出来奶味很香浓，宝宝很爱喝，也没有上火，选对了奶粉真的很重要呢', '母乳一直不够，想给宝宝加奶粉选了好久！妹妹给我推荐了新国标升级后的美赞臣铂睿奶粉，科学实证DHA＋乳脂球膜黄金配比，而且还是模拟母乳低聚糖HMO＋A2蛋白，营养配方更加纯净，宝宝成长所需要的各种营养要素都很齐全，满足孩子成长需求！而且铂睿的罐子设计的特别好，密封性特别好，勺子设计很人性化，罐子双锁扣的设计能更好的防潮~使用起来更加方便，冲奶粉的时候不会手忙脚乱的，尊的很贴心~', '作为新手妈妈，为了给宝宝挑选奶粉做了很多很多的功课，最后在众多品牌中美赞臣铂睿奶粉脱颖而出，美赞臣专注婴幼儿营养119年,有1080+项专利成果！而且还得到全球权威营养专家一致认可，还是荷兰进口奶源，买奶粉还是大品牌更安心，这次升级新国标后，去掉了蔗糖，去掉了香兰素，口味上更清淡了，也更不易上火，宝宝很爱喝，妈妈很放心。', '朋友推荐的美赞臣铂睿奶粉，看产品详情页确实营养很丰富，Bb-12益生菌调节宝宝肠道，加强肠道屏障，可以促进宝宝的肠道健康，优量DHA能促进宝宝的大脑发育。3个月大的宝宝，肠胃还很弱，这款的Bb-12益生菌、A2蛋白、长短链益生元组合，就很好，对肠胃弱的宝宝很友好，很亲和！发货很快耶，是发的京东快递，我当天就收到货了，这速度真的是值得表扬，而且客户小姐姐的态度也很好。我问了好多问题，都是耐心解答了，非常专业。包装很用心，没有破损。', '给宝贝尝试过很多款奶粉，吸收都不理想，在闺蜜的推荐下入手这款美赞臣铂睿奶粉，客服态度很好，很耐心讲解新国标奶粉的特点，含有科学实证DHA➕乳脂球膜黄金配比的顶配保护，模拟母乳低聚糖HMO，提升宝宝的脑部发育和自身抵抗力！升级的A2蛋白奶源更加促进宝宝吸收，0添加带来的就是纯正的奶感，奶香浓郁，宝宝现在喝的量比以前还多了，吸收很好，没有上火现象，小脸肉嘟嘟的！', '对于新手宝妈来说，选奶粉最关键了，也有人给介绍过好几款奶粉，可是都没有自己特别心仪的一款。直到朋友说自己家宝宝喝这款美赞臣铂睿奶粉很不错，就果断下单了。里面的营养成分特别全面，对于新生宝宝来说特别需要。乳铁蛋白含量很高，能增强宝宝自身的体抗力，含丰富的DHA，可以促进宝宝大脑发育，益生元成分真不错，促进消化，保护宝宝肠胃，防胀气，对新生儿来说真的是太合适了。看成分表，比原来更纯净了。而且还有转奶小贴士，转奶过渡的非常顺利。给美赞臣一个大大的赞[强]！京东物流很快，第二天就到啦，一点都没耽误我家宝宝续奶，真心推荐给大家👍🏻', '有了宝宝后，对比了很多款奶粉，最后朋友推荐了我这款铂睿，客服小姐姐也很认真讲解了很多，新国标铂睿剔除了香兰素和蔗糖，实现了负面成分口添加，日期也是比较新的，宝宝0-3岁生长发育很关键，除了脑黄金DHA、对认知发育有显著益处的热门成分“乳脂球膜”也很重要！刚刚好铂睿这款产品都能满足我这两项需求。京东当天货，隔天就收到了，外面还封了一个密封塑料膜，这样包装是真的不错，能够有效的保护到产品', '新手妈妈做了大量的功课，最后选择美赞臣铂睿，身边也有朋友推荐，口碑挺好的！主要是这次新国标铂睿有很多升级，优量的DHA，升级的A2蛋白奶源，0添加蔗糖等，抱着试试的态度过来了，客服也很耐心讲解升级了哪些配方。包装严实，还封了个密封塑料膜，能够有效的保护到产品。'],['这是一款很难溶解的奶粉！用搅拌器足足搅了2也溶解不了！浪费了！', '这款奶粉特别不易溶解 手都摇软了都还是起坨 还有宝宝喝了这款奶粉上火 几天不拉大便 一拉又是绿便 尿也少 几个小时换尿布湿都只有一点点尿 有时候还没有 拉出来的尿尿也很黄 吃这个也容易吐奶 奶量也少了 今天又喂回母乳了每次换尿不湿都很多尿尿 大便还是没有拉 是我买过最垃圾的奶粉 千万别买这款奶粉', '到货破损', '这奶粉就像过期的一样，第一次在网上买就遇到这样不负责任的商家，极差评', '此用户未填写评价内容', '此用户未填写评价内容']
23,5万+,500,400+,100+,1,100+,100,['宝宝从一出生就喝启赋蓝钻，奶粉可溶性很好，一冲下去就溶了，粉质也很细，最重要是大牌，不添加香兰素、白砂糖和麦芽糊精这些，爱尔兰草饲奶源，小分子优质乳蛋白，能更充分的被宝宝消化吸收，黄金占比OPO让宝宝营养更好吸收。'],['质量还可以，就是有点贵', '发的是23年3月份的，不够新', '花贵的💰，买老日期的，309元买2023.3.2', '就是日期老，价格贵，好在京东物流快', '喝了拉绿便，再考虑要不要给他换奶粉', '库存商品，已经一年了，京东可真逗', '收到货是这个样子的，难道发货的时候你们看不到的', '大家别买宝宝吃了拉肚子又吐', '日期不好，而且奶粉罐儿都憋憋的，就一罐儿好的', '我儿子喝了拉绿便便，已经拉一个多月的绿便便了']
24,10万+,500,20+,40+,6900,10+,10,['对于诠臻爱奶粉那真是爱不释手啊，买的全是正品都已经验证完了，包装的很走心，容易冲泡易溶解，配方安全科学又合理，容易吸收消化，清热去火，值得入手', '小罐装的奶粉太好了👍！出玩，转奶简直不要太方便，一点也不怕会被浪费，用奶粉盒事后还得清洗，特别适合我这样的懒麻麻呀🤱～', '这个奶粉买过几次了，味道很醇厚，有浓浓的奶香味，比较好喝，全家都挺喜欢喝的。乳铁蛋白蛋白质含量高，营养很好，钙含量也挺高的补充每日钙质。', '一直钟爱这个牌子的奶粉，奶源纯正价格实惠让人喝着放心，奶粉干燥易冲泡，气囊袋包裹发送用了纸盒，宝宝喝了很健康很有力气，营养搭配很健康，清火功效不错', '用的纸箱加的气囊袋打包发送的，生产日期是近期的很新鲜，没有磕碰划痕，包装精美耐看上档次，发的是京东物流送货上门我很满意，容易冲泡易溶解，价格实惠值得入手', '这是我给我的儿子买的呢，不知道他能不能喝的惯，包装很好，吸收方面不太清楚的呢，(づ ●─● )づ在试试吧，好了再会买的呢！', '质量很好 宝宝爱喝这款奶 一直喝的这一款 配方也很全面值得购买 物流很快 客服服务态度好 推荐购买宝宝也喜欢这个味道很好', '京东的忠实粉丝，每年从京东采购很多东西，家电，食品，家居，百货，文具，真是京东的常客，京东买东西咱要的就是质量好，送货快，成了plus退货还方便，每年还能省不少钱，所以在京东买东西得路会越来越长，这个宝贝质量真好，快递员送货上门，少了很多麻烦，下次再买。', '奶粉收到了，宝宝之前换了很多品牌的奶粉一直不爱喝，没想到君乐宝的奶粉一拿到跑着试试看的心态泡了一顿，结果很喜欢吃。闻了闻也没有腥味，很满意，等喝完试用装再来买', '这款奶粉真的非常棒！它的口感很好，奶香浓郁，宝宝很喜欢喝。而且，它的营养成分也很丰富，能够满足宝宝的生长发育需求。我还特别喜欢它的包装设计，方便储存和使用。总之，这款奶粉是我用过最好的之一，强烈推荐给其**妈们！👍👍👍'],['为啥京东自营不送上门？快递打电话给我放驿站我问他是不是京东自营他说不知道，就要直接放驿站', '奶粉没有问题。但昨天刚到货，今天就降价，而且一下降了多一半的价格，实在有点不合理，价保还申请不了，拿消费者的钱闹着玩儿么……', '君乐宝撤资****，不要和灰暗混在一起，让粉丝想起来三鹿', '没有想象中好，有点小失望', '超级差评！刚收到货今晚刚拆了就降价10元，还不能申请价保。总共20多块钱的东西，真服了！', '明明就是买的小罐先试喝一下也不给个量勺，要是经常吃谁会买小罐，还跟客服说了送个勺子', '这个奶粉不建议你们购买，我小孩试了一下拉肚子，我自己喝了半杯也拉肚子', '奶粉喝了一点都不长肉，而且非常不好喝，另外严重不吸收，乳铁蛋白过高营养过剩，小孩根本不吸收，体验感特别不好，喝了半个多月一小罐，又买了君乐宝乐铂依然不好，试都不试喝了，', '平台恶意**', '京东库房这么脏吗？？？？？这样就送过来了？？？食品安全一点也不放心。我吐了，#']
25,2万+,500,90+,70+,6100,40+,50,['这款羊奶粉非常的不错。宝宝爱喝。好吸收，易消化。营养丰富，不上火。最主要的是还是非常好吸收。同记性也很好。非常的值得推荐的一款奶粉。', '娃快六岁了一直喝的这款羊奶粉，她对普通牛奶不耐受，喝这个会好一些，她也很爱喝，也没有任何膻味，日期新鲜，上午下单，下午到货，真是太满意了！', '宝宝一岁断奶后就只喝这款羊奶粉，羊奶还是比较好吸收的，宝宝至今没有出现过敏或者拉肚子便秘的情况，大品牌值得信赖，物流也很快', '超出预期，质量很好，做工精细，满意东西很满意哦，美观时尚大气，客服超级有耐心，服务细致贴心，大品牌就是不一样价格非常的美丽，东西还是不错的，会继续回购！全五分！奈斯奈斯～', '很好多次回购了，孩子戒完母乳就喝的这个不过敏，孩子还喜欢喝，必须好评孩子喜欢喝我们就很高兴，还怕孩子接受不了奶粉', '宝宝喝的这款，还能积分，他说很爱喝小羊奶粉，值得购买，已经喝了一年多了，很不错，会一直购买，希望奶粉越来越便宜，好喝嗯嗯', '第一次尝试这个品牌，朋友家人都推荐，所以买了小罐试了还不错就换了正装，以后都会一直喝这个奶粉，娃娃也很喜欢喝，不挂壁，易融化', '宝宝从小到大一直喝的金领冠羊奶粉，没有便秘，没有上火，易溶解不挂壁味道也不腥，宝宝很喜欢喝，有活动的话，价格也实惠，正品保障，非常满意。', '正品验证：在这家店买了很多次，正品保障，完全没问题，还可以查防伪。,营养配方：娃娃喝奶粉过敏，这个还可以，聊胜于无。,消化吸收：吸收一直没问题。,清火功效：不上火🔥娃娃爱喝。', '多次复购羊奶粉，正品验证有保障，营养配方更全面更丰富，消化吸收还可以，不会便秘，之前喝的金领冠那款，换换这款羊奶粉，宝宝也爱喝'],['奶粉一般，赠品不实用，价格不固定', '比实体店贵的多，还误导消费者', '二岁娃娃吃了上吐下泄，不知道什么原因', '客服不行，不专业，自家的东西什么活动都不清楚', '网上买的奶粉，价格高，比实体店相差甚远，物质一样。', '买了三罐什么都没得送，明明就是有玩具送的，收到货什么都没有送，', '这灰尘里扒出来的吗？', '买过这么多次奶粉，第一次碰到这样的，这让别人怎么开', '买的时候说送一罐280克的，都快两个月了都没收到送的，问了两三次就是一堆废话', '到了一直不派送，电话又一直关机，店家也一直是找不到人，等你们送过来我孩子都上中学了']
26,2万+,500,30+,30+,5300,40+,30,['给刚出生的宝宝准备的，小小的一罐很合适，日期很新鲜，包装精美，价格实惠，宝宝很喜欢喝，好吸收易消化，溶解性好，正品保证，质量超级好，宝妈不要犹豫了！！推荐！！！', '正品验证：没有验证真假，相信京东自营,营养配方：没去了解，飞鹤应该还好,消化吸收：我家宝宝消化吸收挺好的,清火功效：宝宝吃了不上火，拉大便也正常,溶解性：溶解性很好，温水溶解很快，不结块', '同事给推荐的这款奶粉，飞鹤大品牌值得信赖，京东正品有保障，营养配方丰富又安全！宝宝消化吸收好，溶解性也特别好！推荐推荐！物流也特别快，隔天就收到了，包装严实！', '这款飞鹤婴儿配方奶粉非常好，宝宝喝了之后消化吸收都很好，没有出现过敏现象。而且它的口感也很好，宝宝很喜欢喝。总之，这是一款值得信赖的优质产品。', '一出生吃的就是飞鹤，我们是母乳和奶粉喂养的，奶粉不够了立马在京东上面买了一个小的，这个 130 克可以吃 24 小时，很好，大的已经买好了', '几乎都是在京东买的，京东快递送货****，不用自己去拿，很方便。ｸﾞｯ!(๑•̀ㅂ•́)و✧这个挺好用的，整体来说还可以。', '奶粉特别好，包装很大气，味道很好闻，日期很新鲜，对比了同类型的各种各样的奶粉，包含进口的，这个奶粉配方是最好的，会再次购买', '飞鹤大品牌值得信赖，给新生儿宝贝准备的口粮，非常好，宝贝很爱喝，也没有吐奶或者其他不适得症状，也是同事推荐给我的，我在推荐大家，', '多次回购飞鹤奶粉，大品牌值得信赖，宝宝在消化吸收上没有问题，奶粉营养配方全面，在母乳不足期间一直混合喂养，宝宝吃的很好，物流也很快', '买来备着生宝宝用的、还送了小勺子，很小的一瓶正好，日期是24年1月份的，还行，大品牌值得信赖，配方奶粉还没用，等宝宝喝了再来评价。'],['快递员不送货，需要自取', '买完第二天就降价，真的没谁了', '不好，怀疑是假货，奶粉结块的', '冲不开，客服是机器人，总是那两句话，奶粉有结块，', '这个奶粉一直结疙瘩，以前吃的从来没有这样过，客服竟然说正常，但是我们之前吃的从来都没有', '商家骗人的，大家千万不要买他家', '京东自营和京东旗舰店竟然同一个地方发货，价格却不一样，太坑了', '客服什么也不懂，咨询起来爱搭不理的。差评！', '非常相信大牌品质，结果买了过期奶粉，差点给娃喝了，官方至今没有一个合理的解释', '说好买一送一，结果一直不送，拖了一个月了。客服每次答非所问，就说处理当中。对飞鹤印象极差。']
27,1000+,500,3,0,100,0,2,['又到给宝宝囤口粮的时间了，多买几罐备着，皇家美素咖力的营养成分还是很高的，宝宝喝了胖嘟嘟。,消化吸收：不太容易消化，宝宝容易奶瓣便便', '超出预期，质量很好，做工精细，满意包装很好，颜值不错，质量也没有问题大品牌！值得信赖的！效果超级好！贵有贵的道理！很棒的商品！不太爱评价，但这个是真的棒！质量很好，做工细致，包裹很严实，快递服务态度好，绝对好评！', '皇家美素佳儿一段这个奶特别好 已经下单6罐儿了 里面营养丰富 还有乳铁蛋白 孩子特别爱喝 便便也是黄色的 尿尿的颜色也正常 孩子喝了不上火 而且还爱胖 我们20天的宝宝已经胖了2斤了 后续会一直喝这个奶粉 配方好 孩子抵抗力好！', '物美价廉，很OK，比实体店优惠太多了物美价廉，很OK，比实体店优惠太多了物美价廉，很OK，比实体店优惠太多了物美价廉，很OK，比实体店优惠太多了', '在官方平台购买，有正品验证溯源，产品干净包装密封性很好，信赖优质荷兰奶源，京东配送一如既往的快，宝宝喝的好会再来，配方营养丰富', '孩子还没出生，给孩子提前先准备一罐奶粉，希望后期孩子适合吃皇家，皇家美素佳儿这个奶粉品牌力还是很好的，希望做的越来越好，价格越来越合适，宝宝吃了会更好！', '消化吸收：真的很喜欢，完全超出期望值，发货速度非常快，包装非常仔细、严实，运送速度很快，很满意的一次购物这个产品和它价位相比来说，还是很合适的', '皇家美素力大品牌值得信赖，物流速度也很快，客服态度也很好。非常喜欢，一直无限回购，满分，爸爸妈妈都很喜欢，真的非常推荐，天花板产品', '皇家美素力，大品牌值得信赖，客服态度也很好，一分价钱一分货，真的很不错，物流也很快，非常完美的一次购物体验，能给一百分', '是理想中的产品💖，质量不错，物流也很快，值得点赞！一次很好的购物体验，服务周到，物流快速，配送也很周到，态度也很好，物有所值啊，果断好评！是理想中的产品，质量不错，物流也很快，值得点赞'],['此用户未填写评价内容', '此用户未填写评价内容']
28,2万+,500,40+,40+,3500,30+,20,['大宝从开始添加奶粉就吃的这款，升级版卓萃，现在是卓傲，二宝现在10个月也开始吃这个，易消化，好吸收，对宝宝脾胃特别好，还会回购的。', '6年前大宝喝的爱他美品牌，二宝现在10个月现买小罐的让他尝尝,溶解性：很好，立即溶解,清火功效：刚开始过渡，还没发现,营养配方：奶粉很细腻，奶香味和现在喝的某he差不多,消化吸收：目前没发现', '正品验证：是正品来的，,营养配方：看了很久，纠结了很久，考虑了很久，最终选择了卓傲,消化吸收：消化得很好，吸收也很好，,清火功效：不热气，也没有便秘，,溶解性：很容易溶解，易冲泡', '宝宝出生后的第一口奶粉就一直用这款，母乳不够的时候就作为母乳的补充，很适合我们家的宝宝，好消化好吸收，没有过敏的情况，等戒奶后还是打算继续用这款奶粉。', '纯母乳宝宝准备断奶了，不喝奶粉，尝试了很多品牌，朋友推荐这款，试后会用勺子吃几口了，是个好的开始，二段感觉很好溶解，点个赞！', '我家孩子一直喝爱他美，质量好，孩子喝了没有胀肚，很好吸收，遇到活动购买非常划算，，营养配方适合我家宝宝，吸收好，正品，保真。', '太喜欢京东，买了几年的京东plus会员，经常在京东买东西，吃的，电器，宝宝的奶粉，尿不湿。以前从来没有评论的习惯，才知道评论可以涨京豆，才知道好评的重要性，妥妥的每条评论都参与😀，攒积分。京东购物最大的好处，货真，物流快，包装好，价格实惠质量好，客服也非常好。继续支持京东。😀', '奶粉非常不错，营养丰富，味道甜美，宝宝喜欢喝，就是有一点便秘，还需要继续适应一段时间！很好！朋友推荐的，非常好！以后会持续关注！', '湿巾非常好。以前一直都是在实体店买，这次选择了网上买，不光是正品，价格还实惠！挺好的，价格适中，质量看着不错💛看起来还不错，包装的很仔细，价格也非常公道，还会继续买买买！✌💛看起来还不错，包装的很仔细，价格也非常公道，还会继续买买买！✌正品店铺，放心购买，客服态度也很OK，整个购物过程非常顺利！下次还会再来的！赞', '很好，喝的一款奶粉宝宝没有厌烦的感觉营养也非常的丰富，从宝宝出生就选择了这款升级之后，感觉更加的适合中国宝宝体质值得推荐的一款'],['给宝宝泡了三次都不肯喝', '试用装居然不设计放勺子的地方，', '喝了两天，第二天拉肚子，一天拉了七回', '为啥冲泡出来的奶粉有很多颗粒？请给出合理解释，怎么查询奶粉是否正版？', '快递速度是挺快～还没给娃喝不知道怎么样，但是看到没配勺子就有点无语了，之前买的飞鹤小罐的便宜那么都有配个勺子，这个300克也不便宜了，勺子都不配', '东西比我想象中的还要完美，十分给力，值得入手包装非常结实，东西保护得很好，值得好评东西很满意哦，美观时尚大气，客服超级有耐心，服务细致贴心，大品牌就是不一样', '帮别人买这么近的配送，货居然都是变形的真无语。', '卓傲也太多气泡了吧，以前卓萃都没这情况', '没有开封为啥不给退货，经常京东买东西还这样，无语', '特别多泡泡，泡不开！']
29,1万+,500,10+,6,1200,7,6,['正品验证：京东是一个大的平台物流啊，什么都很给力，然后商品的品质也很好，都是正规渠道，这个还是很放心的，比京东这个平台母婴产品还是很不错的,营养配方：这款牛奶主要是奶源比较放心，然后配方还各方面都很好，很棒很不错，很很很适合我家宝宝,消化吸收：消化吸收我家宝宝消化吸收还挺不错的，然后这方面这个主要是这款女奶粉充起来没有疙瘩,清火功效：这个倒是没有发觉到有什么清活的功,溶解性：溶解性挺好的，不会有疙瘩,其他特色：目前没有发现什么其他特色，有待挖掘中', '这是一个好评模板，因为喜欢京东，买了京东 PLUS 会员，常在京东买东西，订单太多，不想每个产品都写好评，所以特地写下这个模板，以前不知道～评论可以涨积分，现在才知道好评的重要性，妥妥的每条都来评论下，赚积分，下次还能抵现金用。评论80个字以上，可以得到20个京豆，我无论买什么东西都会这个段话复制粘贴下凑够字数。这是第 N 次在京东买东西了，东西便宜而且质量好，物美价廉，买的放心，用的开心，感觉都买上瘾了买买买根本停不下来，东西品种多而且又特别全，划算方便，而且实惠，包装很好，而且没有任何损坏，会一直支持下去的，服务还可以，超级好用，好评！', '这款婴儿奶粉真是太好了！它口感细腻，易于消化，宝宝喝后健康活泼。而且，它的营养配比非常科学，有助于宝宝全面成长。强烈推荐给所有关心宝宝健康的家长们！', '买过两次，孩子一直吃的至初奶粉，配送很快，包装精美，新国标营养含量更高，日期比较新，正在搞活动，礼盒装价格实惠，里面有不少实用的小东西，本次购物很满意', '这个产品总体来看还是很不错的选择。整体造型非常的简洁大气。材质也是感觉非常的不错。用料非常的不错吧。尺寸方面也是比较合适的', '这款奶粉真的很不错呀，还有礼品，价格也很满意，亲戚朋友家好多也在用，也是他们推荐的，我自己也在网上看了测评，客服解答问题耐心、专业👍', '这款至初1段婴儿奶粉品质卓越，粉质细腻，易于冲泡，味道纯正。宝宝喝了以后健康成长，没有出现任何不适。京东购物体验也很棒，物流速度快，包装完好，非常满意！', '旧国标的停产了，于是换了新国标的，先买小罐的试试，有礼盒套装的很实惠，送的东西也很实用，给宝宝试喝了，很喜欢没有抗拒！！', '家里宝宝马上要出生了，需要提前准备一小罐奶粉，看了很多评测，A2 很靠谱，值得推荐！！！！刚好旗舰店有活动，比线下便宜不少，果断冲！', 'a2至初的奶粉一如既往的好，宝宝一直都在喝这个牌子的奶粉。好奶源好奶粉，宝宝很喜欢喝，长的也很好的，活动期间优惠力度也很大，挺划算的。'],['奶粉开盖的边缘有锈点，不知道怎么回事', '奶粉感觉是不是受潮了，直接粘粘在勺子上，小孩子吃了不舒服。去医院，医生让换奶粉。', '表面脏兮兮 还有一点泥 这样的东西都不敢给刚出生的小宝宝用了 应该是库存的东西 生产日期是8个月前的 客服说是正常的 对外表也没有解释 哈哈 算了 第一次买奶粉 就当是留个纪念了 不退了 大家慎重选择', '在医院生孩子才下单给宝宝备着，结果回家一直吃母乳，今天满月了，上午去打乙肝疫苗时，测到我宝宝黄胆还有点高，让我戒母乳喂养三天，回家就开了这个奶粉给宝宝吃，宝宝吃不习惯，吃的往外吐，晚上就感觉宝宝肚子不舒服，吐了几次，鼻子里也呕出了奶，吓到我了，今天下午到晚上宝宝一直干呕，吐舌头，不适合我宝宝吃，吓人', '我买了个东西，没用上想退货，因为忙超时了，联系客服客服说超时不能退，建议找京东客服协商，费半天劲联系上京东人工客服，人工客服又让找店铺协商，店铺客服说店铺不能退。感觉客服服务非常差，有事不说清，让你找京东客服，京东客服又让找店铺客服，假如店铺第一句就是超时了不能退，没有后半句找京东客服协商，这样不好吗？简单明了，非说个后半句，费半天劲，时间就是这么浪费的', '奶粉里有异物 像是勺子 盖子上材质脱落的 发现了两次 客服打电话就是教育了一顿 告诉我怎么储存 太牛了～这个态度 我准备给宝宝转奶了 而且四个月目前便秘～']
30,2万+,500,40+,80+,4100,20+,30,['包装完整，包装品质贴心，很满意！完美！也太美了吧！，奶香味很足噢！味道特别好，不会觉得腻！完全没有腥味！宝宝爱吃，奶香十足', '第一次买这牌子，淡淡的，没什么味道，包装不错！甜度不会太甜。很厚实口感味道好,助力健康成长。有营养，很满意不结块！奶味浓郁，真不错价格。奶粉三天就到了，包装完好没有破损，日期新鲜，打开香草味很重，泡起来一切正常。没有腥味', '这个真的太🉑了，🎁包装很精美，宝贝做工比较精细，商家特别好❤，有问题都及时处理👍，确实是一次相当满意的网购，还会再来的😘', '购买过很多次了，正品保证，日期新鲜，奶粉粉质细腻，好冲泡，不挂壁，宝宝吃着消化吸收都不错，每个月各方面涨得也很好', '多次回购了，正品且日期新鲜，奶粉细腻易溶，营养成分也丰富，宝宝从出生就一直喝，口感很好，不上火，消化吸收都不错', '君乐宝奶粉真的很不错！宝宝喝了之后消化良好，不上火，便便也很正常。我对这款奶粉非常满意，会一直回购的。', '第一次购买，实物与描述的一样，质量相当好，卖家态度也好，有问必答，发货速度杠杠的，值得购买哦！！东西正品无疑，宝宝吃着放心，快递给力！！', '质量非常好,与卖家描述的完全一致，真的很喜欢,完全超出期望值,发货速 度非常快，包装非常仔细、严实,京东物流公司服务态度很好，运送速度很快，很满意的一次购物质量很好,希望更多的朋友信赖京东.客服态度特好，我会再次光顾的，发货迅速，态度很好，很满意！很好很好！下次有机会再找你，客服人蛮好的，东东很不错，淘到心意的宝贝是一件让人很开心的事，比心。', '发货速度快，质量挺好的，和卖家描述的一样，非常满意大品牌，用起来很放心，质量非常好，赶上活动购买非常的划算,客服真的很不错哦～', '京东物流发货快，送货师傅服务态度好,幺儿从小就喝得这个，每次都购买几桶，比实体店实惠，上次购买了12桶，消化吸收好，溶解性好，冲出来都没有什么颗粒感。正品牌子值得信耐！纸箱里面有防碰气垫，怎么摔都不怕！'],['奶粉潮湿小孩喝了就呕吐小孩不喜欢喝奶粉不容易化', '奶粉化不开，怎么冲都有一坨在里面，客服解释更是惊人说是跟奶牛吃的草有关。', '差评，优速什么破快递，在市里竟然走了三天还没有送到，光崔快递的电话就打了N次。坚决差评。', '差评，优速什么破快递，在市里竟然走了三天还没有送到，光崔快递的电话就打了N次。坚决差评。', '买了好几次 突然最新一次喝着就出现硬块问题 客服说什么是存放或者开盖的问题 简直胡说八道 我海南不知道怎么存放奶粉吗？反正这种质量品质问题也没法售后保障因为七天时效过了', '差评差评，和我在京东直营店，买的不一样，会结块，我以为是我水温问题， 最后压根就不是水温问题， 就是奶粉的问题', '垃圾店，玩套路，说好的送赠品，都没有，一个礼品寄了一个多星期，套路玩的深啊，大家别上当了', '奶粉底部有残渣 而且特别擅 宝宝一喝就哭 问客服还说正常 说高点度数冲就好了 我都用60度冲了还这样 一共冲了两次 一口没喝全倒了 而且奶粉比别的拍牌子的黑', '第一次遇到这样的商家，这样的客服，态度恶劣，奶粉罐上沾有虫子，实在让人怀疑他们的环境，退换回来的奶粉全部被暴力砸过，灰尘一层，都砸扁坏了，罐里面的积分码扫了识别不出来，严重怀疑换给我的奶粉都是有问题的奶粉', '溶解性：溶解性差，之前在京东自营店买的来30毫升60毫升摇一下就溶解了，这次在这买的调30毫升和60毫升都溶解不了，结坨严重，,正品验证：开盖后自己调了30毫升喝，发现味道和之前几次买的都不一样，腥臭味重，幸好没给孩子喝，下次绝对不会再在这家店买，坚决不要图便宜，要什么赠品，第一次买东西这么生气']
31,50万+,500,1200+,1000+,16,800+,700,['是正品，打开奶粉桶先尝了一点，味道跟普通奶粉很像，所以孩子很容易接受，一点也不排斥，。而且不用转奶，直接喝就可以，喝完以后乳糖不耐受有改善', '之前拉肚子的时候买过好多次，这次是过年吃的肠胃不舒服了又买了一瓶，这个无糖奶粉，相对肠胃能好吸收一些，物流也很快，送到村里很方便。', '我对它的质量和外,观设计都非常满意。首先，这款奶粉的品质非常,好，它采用了高品质的原材料，经过精细加工，,确保营养成分的完整性和吸收效果。同时，它的,配方中不含乳糖，非常适合乳糖不耐受的婴幼儿,食用。其次，雀巢安儿宁能恩 AL110 的外观设计,也非常精美，简洁大方的包装让人感觉非常舒,适。此外，这款奶粉的便携性也非常好，方便家,长在外出时携带。最重要的是，我亲身体验了这,款奶粉的效果，我的宝宝在使用后腹污症状得到,了明显改善，精神状态也恢复了正常。这让我对,这款奶粉的质量和使用效果都非常满意。总之，,我会毫不犹豫地给雀巢安儿宁能恩 AL110 婴幼儿,无乳糖配方粉 400g一个5星的极高评价，并强烈,推荐给需要的家长们。', '发货很快，已经收到货了，商品和描述的差不多，质量没问题，关键价格也合适，在这里买还是很放心的，好评！发货快，包装严实，商品质量非常好，比专柜便宜很多，客服服务态度也特别好，好评宝贝收到了，很惊喜，质量非常好，很满意的一次购物。我会继续回购的，店家值得信赖质量非常好，完全超出期望值，发货速度非常快，包装非常仔细、严实，很满意的一次购物一直在这里买这个，活动的时候价格很美丽，发货速度贼快，质量不错，应该是正品', '发货很快，已经收到货了，商品和描述的差不多，质量没问题，关键价格也合适，在这里买还是很放心,的，好评！发货快，包装严实，商品质量非常好，比专柜便宜很多，客服服务态度也特别好，好评宝贝收,到了，很惊喜，质量非常好，很满意的一次购物。我会继续回购的，店家值得信赖质量非常好，完全超出,期望值，发货速度非常快，包装非常仔细、严实，很满意的一次购物一直在这里买这个，活动的时候价格,很美丽，发货速度贼快，质量不错，应该是正品', '很满意的一次购物，商家服务好，发货神速，物流也很给力，宝贝收到后非常喜欢，买得放心，用得安心。别人推荐的买了两罐，希望有用', '宝宝拉肚子拉了半个月，医生都看了两次，药和乳糖酶也吃了都不见好；网上查了各种攻略后，在医生的建议下换了无乳糖奶粉，吃了一天后宝宝拉肚子的次数终于减少了；这款奶粉真是乳糖不耐受宝宝的救星，而且京东发货超级快，2个小时就收到了，超给力！', '这个奶粉真的特别好，宝宝最近肠胃不适，一喝奶就拉肚子，换成这个奶粉就不拉肚子了，特别赞……京东的物流也特别棒，很快，分分钟到家了！！！', '我家宝宝乳糖不耐受，搭配这个喝便便就很好，每次消化不良拉肚肚就给孩子买这个喝，一喝就好了。在京东买过好几次了，货真价实！值得信赖。', '买了十多罐了，最近在转奶，希望一切顺利。实物与描述的一样，质量相当好，卖家态度也好，有问必答，发货速度杠杠的，值得购买哦~'],['这个呢，怎么说呢，给两星有两个问题：1、京东自营正品应该没有问题，但是可但是我138买的一罐，别家只要92，要不是宝宝拉肚子急用我才不会买；2、再就是这奶粉本来是想帮宝宝对抗拉肚子的，结果给宝宝换了这款奶粉，不知道跟奶粉有没有关系，宝宝一直高烧不退，只是怀疑可能吃这个奶粉过敏的问题，连门诊待住院花了我5000多，这盒奶粉对我的贡献真大，但说了只是怀疑，没有确切证据确认，但宝宝高烧到hospital也检查不出来哪里有验证就是血象，血沉高的吓人，高烧美林都退不下来，才怀疑奶粉过敏。,总结：最后劝宝爸宝妈们，如果孩子平时不喝这种特殊配的奶粉，那宝宝临时拉肚子不要用这种特种配奶粉，我只想说如果得病拉肚子那迟早会好的，不要像我们一样操之过急，各种方法都给宝宝用，结果适得其反，让宝宝白白打了10多针抗生素，肺腑之言。', '不好融化 泡不开 宝宝吃了也不消化 吐奶渣', '不晓得怎么说 宝宝乳糖不耐受 上面写的无乳糖奶粉 就没注意看 我就买了 后面宝宝拉稀 文字游戏 买的家人一定要看仔细', '奶粉不易冲开 有块状 宝宝不吃不能退，大家慎重考虑', '奶粉冲化不开，一团团的', '化不开', '罐底连个二维码都没有，也不知道真假 客服发的追溯二维码输了生产批号也查不到', '赠品实物与页面描述不符', '有的有二维码，有的没有的二维码，不知道真假', '营养搭配：说的不能长久吃，也不知道,产品包装：好,使用效果：暂时还可以,口感味道：不太好,溶解性：一般,优惠力度太差']
32,5000+,500,8,7,600,10+,20,['奶粉保质期很新鲜，有3年的保质期到25年11月多过期，产品包装很严实，买的是小罐试喝，目前宝宝喝的蛮好的，溶解性也不错，', '大品牌！值得信赖的！效果超级好！贵有贵的道理！很棒的商品！,物流速度真的是没话说，就是一个字：快。商品从外包装来看非常高档，真是一分钱一分货，贵有贵的道理', '因为喜欢京东，买了京东PLUS会员，常在京东买东西，订单太多，不想每个产品都写好评，所以特地写下这个模板，以前不知道评价可以得京豆，现在才知道好评的重要性，妥妥的每条都来评价下赚京豆，下次能抵现金用，无论买什么东西都把这段复制粘贴来凑字数，这是第N次在京东买东西了，东西便宜而且质量好，物美价廉，买的放心，用的开心，东西品种多而且又特别全，划算方便还实惠，京东物流还快，买东西根本停不下来，服务还不错，会一直支持下去的', '一直都喝这款奶粉，口感不错，宝宝喝着也很好，唯一不足就是很难溶解，摇奶器都不行，要用勺子搅拌才行。如果这点能优化一下就很好了。', '宝宝出生第7天，小罐的奶粉差不多吃完了，目前来看孩子挺适应这个奶粉，没有不良反应，也挺愿意吃的，再过几天估计还得回购了。', '总的来说，合生元奶粉因其良好的口感、丰富的营养成分、高易溶性、良好的性价比、品牌口碑以及促进肠道健康和提高免疫力的特点，获得了用户的一致好评', '一直给宝宝吃这款奶粉，宝宝接受度好，奶粉冲完没有细渣，到货及时速度快。在京东自营店采购也较为放心，会一直喝下去这款奶粉。', '物流和产品都不错，性价比高，赞赞赞👏👏👏，差点买错了，派星和派星天呵是不一样的，据说成分要多两种，很合适。买这个比买正装还划算', '刚出生的宝宝 没什么母乳 大宝吃的是这个 小宝打算也吃这个 不过现在新包装都少了一百克 不知道怎么说 一直好评 以后还会回购', '孩子喝了长的挺快的，消化也挺好的，也是挺让人满意的，验证后也是正品，京东还是让人放心，合生元品牌也让人放心，希望孩子健康长大！'],['不行，喝了拉肚子，要换个品牌', '奶粉没有味道，喝了便秘', '没有完全融化，不要买这个。', '成小块小块，不易速溶', '沏不开，有小块，还挂奶瓶，还有个怪味', '找客服一直在说泡的方式方法不对，用他们方法泡就这样。服务态度也差，说什么打开了不能退。奶粉有问题是不是开了就不能退了?', '奶粉质量不咋地，冲不开，有很多成块的。摇奶器摇1分钟都摇不开', '宝宝过敏反反复复 终于找到原因了 喝这个奶粉就开始过敏 换了其他奶粉过敏马上又好了', '喝了拉肚子，消化不好，大便愁，肚子咕噜咕噜的，热水都溶解不了', '同样的水，这个要结团。一样的调配方法，而且感觉娃儿喝的懒洋洋的']
33,20万+,500,100+,200+,47,100+,100,['飞鹤这款奶粉真的性价比很高，奶粉容易溶解，宝宝吃了张肉肉，不上火好吸收，价格还很实惠，比在店里买便宜多了，是正品，物流来的很快，包装的也很好，还会回购的', '娃自从戒奶后就喝星飞帆，还挺爱喝，营养很全面，没有拉肚情况，接受度很高，很平价亲民，味道大人喝是有点腥的，没有卓睿好喝，推荐！', '从小喝飞鹤星飞帆奶粉，一段到三段。我儿子特别喜欢喝。营养好吸收，趁活动一般我都囤一两箱。还有礼品和赠品。确实很好。以后还会回购的', '消化吸收：宝宝不过敏肠胃好,正品验证：应该是正品，自营店信誉好,溶解性：很容易溶解好冲泡,朋友推荐的，清甜奶香味，好喝，宝宝是敏娃，之前喝超级能恩，吃辅食后越来越不喜欢那个味道，转奶成功！', '飞鹤的这种小罐奶粉挺好的，给孩子试奶，买大罐的要是孩子不喝就浪费了，这种大小的刚刚好，价钱便宜，也不怕浪费了，很不错的一款试用装', '飞鹤星飞帆3段奶粉，真的让我很满意！它的粉质细腻，易溶解，冲泡后口感顺滑，宝宝非常喜欢。而且，这款奶粉还富含多种营养成分，有助于宝宝的健康成长。自从换了这款奶粉后，宝宝的食欲和睡眠都有了明显的改善。我会继续选择飞鹤星飞帆，为宝宝的健康保驾护航！', '东西收到了，不错的，物流也很快，物美价廉！推荐一下！！！！！！！！！！！一直在用的，宝宝喝的很好，小罐携带方便，优点多多!', '物流太快了，隔天就到了。日期很新鲜，第一次试用。孩子没抗拒。味道是甜甜的。孩子接受度就高。打算长期喝这款，下次买个箱装的试试', '这款飞鹤星飞帆奶粉真的非常不错，每一罐都非常新鲜，能看出它的生产过程非常讲究。这样的新鲜度不仅保留了奶粉原有的口感，而且让整个，w的食用体验更加完美。包装也很好，非常满意！推荐给所有喜欢奶粉的朋友们。', '产品质量，客服服务态度特别好，很喜欢，好评😃大品牌！值得信赖！效果超级好！贵有贵的道理！很棒的商品！试用装也挺合适，大罐的喝不完，这个比较方便'],['买贵了贵了贵了贵了贵了', '起坨了，怀疑有质量问题。', '质量不好，小孩子不喜欢吃。', '对这家店好感一点都没有', '买了立刻降价，客服不理会人，售后服务那么差也是醉了', '就没有收到怎么评价！', '感觉优惠的力度没有想象的大。另外东西的质量也没想象的好！', '为什么买二段送这个，又不是一个系列', '辣鸡，说好的送背包呢？', '奶粉有一罐罐体损坏 而且买了三罐就送了一个礼品']
34,10万+,500,200+,50+,12,40+,70,['消化吸收：给小宝宝吃的奶粉应该是很容易消化吸收的，小宝宝吃了好多罐了，没有发现消化不良反应,溶解性：溶解性很好，稍稍晃动即可很快溶解，几乎没有颗粒了', '一如既往的支持，娃从小喝到大，也很爱喝，饭都不怎么吃，一天三四餐奶,营养配方：添加了乳铁蛋白,增强抵抗力,正品验证：是正品，旗舰店买的,清火功效：娃喝了没上火', '星飞帆卓睿，吴京代言。比老包装添加了益生菌，宝宝爱喝。价格稍微比原来的贵，但是好喝易吸收，溶解性好，京东买还有正品保障，次日达，比超市买划算。', '正品验证：一直在喝的一款奶粉,营养配方：很营养，妈妈很信赖,消化吸收：宝贝喝了，消化也很好，很容易吸收,没有腥味，孩子很喜欢喝，一冲即化，很容易吸收', '营养配方：营养很丰富,消化吸收：容易吸收，不积食，排便正常,清火功效：不上火，不会口溴，便秘的问题，宝宝喝这个排便轻松，不会像其他品牌，排便哭闹,溶解性：溶解快', '回购过很多次的一款奶粉了，飞鹤大品牌，值得信赖。纯母乳宝宝断奶之后，一直也不喝奶粉，尝试过很多牌子，后来一点点儿的接受了，就买了飞鹤的这个奶粉，没想到很爱喝呢。', '赶着有新客活动比较合适，卓睿和卓耀看说明有一些不用的侧重点，可以搭配着吃，很好溶解，孩子也爱喝，要是大罐价格再优惠一些就更好了。', '我家大小宝都喝的飞鹤，二宝喝的这个飞鹤星飞帆卓睿高端点，挺好喝，相信飞鹤，相信京东。没有尝试过的宝妈可以先给孩子试试这个小罐装的，现在下单很合适。', '第二次购买了，京东大平台，给孩子买的东西肯定选择大平台靠谱的平台，物流超级快，东西保真，奶粉很好，孩子喜欢喝，,正品验证：正品,消化吸收：易吸收', '非常好，孩子一直喝这款奶粉，适口性很好，孩子长的也胖胖的，有肉，好长称，健健康康的，非常相信飞鹤这个品牌。希望它能做得更好。'],['包装太随意了，东西都压坏了', '东西很实惠，说好了发3罐，就给我发了2罐！', '少发了一桶，来回扯皮，不解决问题', '小宝第一次喝这个奶粉过敏，唉', '发的是旧国标。购买页面也没有写明。。。', '奶粉的味道不对，有点异味', '物流挺快，买奶粉连个奶粉勺子都不给，怎么给孩子喝', '根本不返现，十几天快二十天了，还说复核呢，根本没有信誉', '本来图送货快，结果耽误这么长时间才送到，搞得自己很尴尬。', '写的送尿不湿试用装，结果没送，误导消费者，算欺诈吗？']
35,20万+,500,600+,800+,92,700+,600,['多次回购，从小孩第一个月喝这款，喝到现在 5 个月了，长肉很标准。已经 14 斤重了，偶尔因为奶凉了出现奶瓣现象，其他都特别正常。', '千挑万选的奶粉 给宝宝喝 这一款我觉得可以说是新价比的天花板 百来块钱 超级划算 宝宝是混合喂养的 偶尔加点奶粉 二段也果断入手了 超级好', '宝宝两个月多点，就转奶过来喝这款奶粉了，一直喝这个，爱吃，吃的很多。奶粉日期还可以，隔了3个月的，很好冲泡，溶解速度很快。', '金领冠育护性价比很高，买盒装好实惠，一胎二胎都喝这个奶粉，这个奶粉好吸收消化，溶解性也很好，很容易的冲开，而且也不上火。', '京东物流很快，京东小哥服务态度很好，宝贝特别喜欢，颜值高质量好，中看又中用，有需要的朋友不要犹豫了，最后祝商家生意兴隆！', '伊利大企业，品质肯定放心，宝宝喝奶喝，不上火，便便正常，非常好，以后打算一直就喝伊利金领冠了，国产的奶粉质量也很高了。非常满意', '盒装的太划算了，里面也配备了小勺子，很方便，小小一袋两个孩子喝起来就很快，也不要考虑拆封时间久的问题，总体还是很满意的，会回购的哦！', '很好，宝宝很喜欢喝，还便宜实惠，质量也没啥问题， 并且京东物流一向快，给力，大年初四宝宝奶粉喝完了，京东当天下单就到了', '非常满意的一次购物，包装完好无损，也没有弄脏，京东物流一如既往的给力，自从用了京东，都很少用其他平台购物了，奶粉包装完好，物流也很给力。', '对比了很多奶粉，看了很多推荐，最终选来选去选择了伊利金领冠育护，包装是400克袋装，纸盒包装也，性价比高，方便携带，冲泡溶解性很好，容易消化，正品没有问题，而且价格实惠，很满意'],['生产日期是6月的，物流慢的要命', '跟在大超市买的味道不一样，有点味道', '直接是豆奶粉，那是什么婴儿奶粉', '已收到，现在奶粉泡开后沫沫太多。', '奶粉收到了，包装都被弄变形了。', '卖的比店里还贵，不值得购买', '买回来存货中，包装完好无损，京东配送快', '日期有点靠前，不知道国货如何，希望不让失望吧', '为什这次泡泡这么多啊，，，多啊多啊', '消化吸收：吃了消化不良']
36,10万+,500,100+,100+,14,60+,90,['奶粉特别好，宝宝混合喂养，吃的不多，所以小罐很合适，内含乳铁蛋白，宝宝吃了不爱生病，消化吸收好，不上火，京东物流效率高，送货上门。', '首先，我想强调的是，这款奶粉的口感非常好。它有着丰富的营养成分，能够满足宝宝的成长需求。同时，美赞臣蓝臻的配方很好。', '孩子出生就一直吃这款奶粉的。最近准备戒奶 所以又买了点。孩子挺喜欢喝的 准备回购大桶了 营养很全面含有乳铁蛋白增强抵抗力', '决定转新国标了，所以买了一个小罐的，蓝臻一如既往地给力，直播间购买搭配京东超市卡，物美价廉，宝宝也非常喜欢喝，免疫力持续在线，很好。', '作为一名带宝宝的妈妈，我最近尝试了让宝宝喝这一款美赞臣蓝臻A2奶粉，并对其进行了评价。首先的是，我对这款美赞臣蓝臻A2奶粉奶粉，香味很浓郁，孩子一下子就喝完了，而且奶粉对奶瓶完全不挂壁，很好溶解， 在使用体验方面，美赞臣蓝臻A2奶粉给我留下了深刻的印象，有爱之而无不及首先，它的口感非常好，喝起来很顺滑，闻起来也很香，让人感觉很舒适。其次，它的营养价值也非常高，奶源也很好，A2奶源，而且富含乳铁蛋白，能够很好地满足孩子的日常营养生长需求。而且宝宝喝完之后，完全没有拉绿便便，都是正常的便便此外，也没有出现肚子不舒服的情况，美赞臣奶粉的包装设计也很人性化，包装比较小，非常方便我跟宝宝外出时候携带，不占地方，蓝色的美赞臣蓝臻A2，包装也非常好看，除了极高的奶源品质，靓丽的外观也值得称赞！', '娃一直喝这个牌子的奶粉，喝的不多，每次就喝一点，,一罐字能喝一个多月。,喝完再来买，不能囤货，怕过期。,产品很好，送货也快', '奶粉收到了货了。产品很好价格也是真的贵很赞，很喜欢但是宝宝吃惯了母乳他不喝，买回来浪费了，等宝宝戒奶后就给他买这款产品，质量太赞了味道也不错', '宝宝很爱喝，一下子就空了。,营养配方：配方营养安排，又放心,消化吸收：很好吸收，不热气，宝宝喝其他奶粉会热气，不好吸收。强烈推荐', '质量很好哦，发货也很快，一家非常喜欢的店铺，我要疯狂推荐给朋友们质量很好哦，发货也很快，一家非常喜欢的店铺，我要疯狂推荐给朋友们', '孩子刚准备断奶，听同事介绍说这款奶粉的营养成分特别高，富含中国宝宝实证乳铁蛋白，能增强宝宝自身保护力，含有DHA能促进宝宝大脑发育，含有益生元促进宝宝肠道健康。特地买了一罐回来试一试，打开是淡淡的奶香味好冲泡，平时用40度的温水就可以冲泡开喝了一段时间不会上火，挺满意的！'],['官方店居然还卖23年2月的奶粉', '喝了这个就吐，喝官网买的就不会', '奶粉有异物，商家不理睬', '奶粉都已经生产1年了，隔太久都不知道质量怎样', '孩子吃了过敏，脸上都起红疹', '每次活动力度大一点，赠品就是显示没有货', '为何老是泡不开，结团挂壁？', '奶粉喝出异物，商家还不理睬，谁还敢来买', '宝宝喝了奶粉过敏，客服不给退。', '我就买了一次，给我打电话发短信的，搞什么？']
37,5万+,500,30+,60+,3900,30+,90,['我家的宝宝自从出生以后就一直在喝爱他美的这款绿罐奇迹奶粉，从1段到3段，这款奶粉质量不错，宝宝很爱喝，也没有上火等不良反应，我们很放心，爱他美奶粉真的是让我们很放心很满意的一款优质奶粉，宝宝自从出生后就一直在吃， 从1段到2段到3段，宝宝的健康成长离不开爱他美绿罐奇迹奶粉的陪伴！', '这款奶粉真是太棒了！👍👶宝宝喝了之后，皮肤变得嫩嫩的，头发也更亮了。❤而且宝宝晚上睡得很香，精神饱满！这款奶粉真的给宝宝带来了健康和快乐。十分推荐！', '奶粉非常棒，从别的牌子转过来的，宝宝很容易接受，原本怕这个牌子的清淡点甜味不重怕宝宝不好接受，没想到宝宝没反应，很自然的就转过来了，好消化不胀气，不错！', '宝宝断母乳，给选择了这款奶粉，好吸收，助消化，孩子很喜欢喝，吸收好，营养全面，一直回购，很赞的一款奶粉', '很好的一款奶粉，从一段吃到三段。配方很好，含有益生菌，不上火，不便秘。奶源很好，有机的。价格很便宜，每次有活动就买一大堆囤着。', '朋友推荐的这款奶粉，之前一直吃的超启能恩一岁多一点转的这款，适合肠胃娇嫩的宝宝！目前还在转奶！这款奶粉奶味很浓，有点甜，全英文的，不知道配方里有没有糖？', '本来只是打算喝其他奶粉，朋友推荐嗦这个奶粉很不错，对宝宝肠胃很好，宝宝之前老爱便秘，就索性换这个了，确实很少便秘了', '大宝容易便秘，脾胃也不干，对比了好几款奶粉，最终决定买绿罐，帮助她调理一下，也给小宝买了蓝罐。平时价格都要三百多，双十一210多一罐，真心不错。', '这款奶粉真的太棒了！宝宝喝了以后，长得胖乎乎的，皮肤也变得水嫩嫩的💪👶我家宝宝从小不爱喝奶，但是这款奶粉居然让他变得爱喝起来了！简直就是妈妈的救星😍✨', '京东下单快递真的快,当天下单当天就到,未开封 日期新鲜,价格还是通常的优惠,大概就305一罐,感觉价格还可以,期待下一次更大的优惠'],['我没有申请退款，凭什么给我退了', '罐都被砸成这样了还能卖出来', '****，居然退货不退钱', '去年6月份生产的 差不多过期', '还是老日期，这批库存啥时候能清完啊', '唯一的不好就是价格太贵了', '商家客户答非所问大家一定要留意', '为了销量，脸都不要了，一点信誉都没有!', '就是不知道赠品怎么领，搞得那么复杂', '奶粉里面有异物.找客户也没人管！只能说厉害']
38,20万+,500,600+,500+,48,400+,400,['飞鹤臻爱倍护一段奶粉，真的是一款值得推荐的婴幼儿奶粉！它专注于中国宝宝的体质需求，精心调配营养成分，为宝宝的健康成长提供了坚实的保障。奶粉质地细腻，易于冲泡，宝宝喝起来也很喜欢。而且，它还能有效促进宝宝的消化吸收，让宝宝的肠胃更加健康。同时，飞鹤臻爱倍护一段奶粉还严格把控产品质量，确保每一罐奶粉都符合高标准的安全要求，让妈妈们更加放心。虽然价格稍高，但考虑到它给宝宝带来的营养和健康保障，绝对物有所值。总的来说，飞鹤臻爱倍护一段奶粉是一款值得信赖的婴幼儿奶粉，值得每一位妈妈选择。', '这款奶粉我验证了，是正品。营养配方也达标。一开始买的三百克的，不够又买的这款大桶的。孩子喝了大便也很好。没有上火的表现。很容易泡开。', '之前喝的其他奶粉 ，宝宝喝了后老是吸收不了，拉奶瓣，后来换了这一款，就好了，宝宝喝了吸收也很好，宝宝也很爱喝，也很好溶解，价格要是再优惠点就更好了。', '快递非常快 一直喝这款 很放心 性价比很高 营养配方全面 宝宝涨肉很快 抵抗力也很好 是正品 好消化 特别好溶解 一直回购', '日期是24年1月份的 很新鲜 好吸收易消化 孩子没有胀气 没有拉奶瓣 自营店购买发货速度快 比外面母婴店价格便宜 应该是正品的', '物流快，包装完好，无破损服务好，之前的孩子一直喝的超级飞帆，我们也比较认可，现在肚子里的小宝贝要出生了，我们还是给喝这个超飞，真的特别好', '支持国产吧。就是现在飞鹤价格上去了，品类也多了。现在飞鹤主推卓睿。最终选的超级飞帆，价格合适。现在好多奶粉减重了，以前标配一罐900。提前囤两罐，看孩子出生喝不喝吧。', '物流快，包装好，当天下单，第二天就送到了。师傅态度特别好，宝宝一直吃这个奶粉，你刚想个给你想个，一月胖三斤,消化吸收：好,清火功效：易上火，拉粑粑前老拧巴哭', '发货超级快，到货超级快，京东已经想当给力了。包装很精致，对比了几款，这个主打性价比高，安全系数可靠，目前这个品大家用的也多，好评。', '验证是正品，京东买东西放心，一直在京东买的奶粉，安全可靠，物流很快，第二天就能到，送上门、很方便，快捷。非常不错，值得信赖！'],['正品验证：新收到的罐上有个坑', '溶解性：不好溶解，容易便秘。', '孩子挺爱吃的，物流很快', '你们答应送礼物都不送', '好多泡泡，和实体店的不一样的', '质量有问题，寄坏的商品过来，售后态度还不好。', '物流慢，一个礼拜多才到', '这样的包装，已经第二次罐变形了……………', '打开奶粉怎么有点潮，不知道可以吃不。', '吃了点，放一边了，又重新买，不合适']
39,10万+,500,500+,200+,2,100+,100,['非常非常满意的一次购物 京东自营商品有保障 大品牌值得信赖 孩子一直喝的这一款奶粉 非常好 其次 京东的性价比也比较高 送货也快 推荐购买。,正品验证：是正品,营养配方：很有营养,消化吸收：容易消化和吸收,清火功效：不上火,溶解性：溶解性好', '溶解很好效期新鲜上火从不,自营服务真的超级好，配送超快而且送到家门口，商品质量也有保证。这款奶粉很不错，性价比超高，我家宝宝一直在喝这款奶粉，感觉非常好，长肉也长个子，300g装的罐子很方便携带'],['上边的塑料盖呢！这么不负责任！', '不好再也不买国产奶粉', '没有送货上门，直接放置丰巢，误点直接支付55块钱', '一直在涨价 诱导人 越吃越贵', '涨两倍价格了，国产奶粉这尿性', '身边有俩个小盆友喝飞鹤奶粉长这个了', '刚买半个月不到价格就降了一半，还没有价格保护。', '也没给包个防碰撞的包装，罐子都瘪了', '有一罐抱着破损，总共三罐包装压扁', '不符合新国标的产品，建议不要买']
40,20万+,500,1500+,1400+,11,700+,1000,['正品验证：宝贝收到了，很惊喜，质量非常好，很满意的一次购物。我会继续回购的，店家值得信赖,营养配方：质量没得说，跟专卖店一样，特别特别喜欢，而且价格优惠,消化吸收：外观设计漂亮，尺寸大小合适，包装仔细完整，宝贝手感不错，感觉很好，发货速度快，服务态度一流，给力！5星好评！', '因为喜欢京东，买了京东PLUS会员，常在京东买东西，订单太多，不想每个产品都写好评，所以特地找个模板，以前不知道评论可以涨豆子，现在才知道好评的重要性，妥妥的每条都来评论下，赚豆子，下次还能抵现金用。评论80个以上，可以得到20个京豆，我无论买什么东西都会把这个段话复制粘贴下凑够字数。这是第N次在京东买东西了，东西便宜而且质量好，物美价廉，买的放心，用的开心，感觉都买上瘾了买买买根本停不下来，东西品种多而且又特奇全，划算方便，而且实惠，包装很好，而且没有任何损坏，会一直支持下去的，服务还可以，超级好，好评，下次再来', '奶粉不错，溶解度非常好，给孩子去学校冲，有浓浓的奶味！耶而且可以补营养，营养高，也能跟上日期很新鲜。很喜欢买认养一头奶牛家的鲜奶奶粉很容易冲开粉质细腻，很好泡开', '超出预期，质量很好，做工精细，满意特别特别满意，超级好看，客服很有礼貌，很客气，良心商家，支持！质量很过关，品质有保障，相当不错的选择，好多朋友看我用都想买，我都推荐了', '宝宝出生时在医院买的，京东物流很快，在小罐奶粉吃完之前就来了，宝宝吃的还可以，消化也行，不拉肚子，没发现奶瓣，宝宝挺爱吃', '好评！,正品验证：正品！,营养配方：好！,消化吸收：好,溶解性：好！,易吸收，不上火！性价比很高！物流也很给力，当日购次日达！国产品牌，值得信赖和推荐！必须好评一个！', '这个奶粉挺好的 我家小宝贝一直喝这个 从月子里吃的就是这一款奶粉一直到现在 还长肉 也长个 真的很不错 大家可以试试呀下次还会回购那 小宝贝也喜欢这个味道', '朋友推荐的，宝宝2个月了，长了差不多6斤，很满意的一次购物，商家服务好，发货神速，物流也很给力，宝贝收到后非常喜欢，买得放心，用得安心', '做了很多功课，最终选择了伊利的金领冠。,首先我选中它，主要他是中国的乳业大品牌，旗下自带牧场，最大程度上保证了奶粉的新鲜程度，其次，配方的第一位是生牛乳，这个也是我选择这个牌子最重要的原因之一。', '伊利这款配方奶粉多次购买，温水很容易溶解无奶粉残留，晃晃奶瓶就好了，平时买没什么活动，京东物流速度快，最快当日送达，开了京东会员购买优惠一点。'],['按规定的配送时间晚了一天。', '奶粉跟实体店的有点不太一样，', '不好，感觉和线下不一样', '外包装破损，奶粉罐瘪了', '孩子不怎么喜欢吃 包装还可以', '包装箱子都破了，简直了，幸好奶粉罐好着，', '包装有问题，小孩不爱喝', '一天一个价。这样搞，以后不来买了。', '不容易溶解，每次充奶粉都有渣子。', '没有第一次的好感觉有点潮']
41,10万+,500,70+,50+,1,60+,40,['不错、很不错、物流真的超给力、现在超市都不去了、这个日期很新鲜、大品牌喝得放心、一直喝的这个牌子、二宝也喝这个、真的很不错、易吸收！'],['不好，奶粉一冲一坨一坨', '一直喝着这个奶粉，有点便秘', '这次的奶粉居然是去年2月份的', '宝宝用的挺好的，很不错，', '日期不新鲜今天2023年3月5号，日期是2022年3月16号的，快递盒子没瘪但是奶粉罐瘪了', '2022年2月，日期过半了', '闻着高温，喝起来味道不怎么样了……还贵……', '是瓜子卖不出了吗？把奶粉涨价，还美其名曰送包瓜子，说白了就是变相卖瓜子，恶意营销！', '之前买了一次试用袋装，娃娃吃的挺好，再买听装回来，味道不对，很淡，娃娃就不吃了', '皇家美素，果然是皇家的人才能喝的，普通人不能喝。之前喝的荷兰版美素，一直不错，这次试了下国行版皇家美素，就拉肚子了。本来以为和奶粉没关系，可是六岁的大宝喝了也拉肚子（她经常嘴馋要求喝弟弟的奶粉），不要告诉我六岁的孩子喝个奶粉还要转奶']
42,2万+,500,20+,40+,4200,60+,60,['这款贝因美幼儿配方奶粉适合12~36个月龄的小朋友。能够促进骨骼发育，特别是消化吸收特别好，含益生菌跟dha，孩子很喜欢喝，购物还是京东发货特别快', '宝贝很好我很喜欢，赶上活动了，价格很实惠就拿下来了，打包的很好用了气囊袋加纸盒，生产日期是2023年九月份还算不错，保质期有两年的时间，可以的优秀的产品，很喜欢送货上门', '想找一款经济实惠安全又有保障的奶粉，,在各大平台都做了功课，最后选择了贝因美箐爱。,国产老牌子值得信赖，配方均衡，日期新鲜，冲泡方便不会结坨，孩子喝了不上火还长了肉肉。,非常适合我们普通老百姓，京东购买还有活动，立即购入三套囤着。', '配方好，有利于吸收挺好的，基础\u202e化强\u202c配方\u202e较比\u202c全面，有DHA，ARA，乳\u202e蛋铁\u202c白，益生\u202e，元\u202c左旋肉\u202e，碱\u202c牛磺\u202e，酸\u202c胆碱\u202e肌，\u202c醇、核苷酸，OPO等\u202e宝对\u202c宝生长发育\u202e分十\u202c重要的营养\u202e质物\u202c。下次继续回购的', '昨天晚上下单，今天早上就送来了，京东快递非常好用，买的这款贝因美奶粉，适合刚出去的小宝宝喝，配方很全，大品牌的东西能放心一些，尝鲜价格很优惠，挺满意的。', '奶粉非常好，，大宝喝这个也给小宝喝，，奶粉也不太甜 ，吸收好，长的也好，真不错，赠品可以多点小孩车车，这个实用性强👍，', '贝因美一段奶粉，小盒包装，方便携带，配料表干净，营养成分安全，大牌值得信赖，而且很实惠，京东物流很快到货，安全放心，奶粉日期新鲜，遇到活动就给宝贝囤上。', '正品验证：一直在这家店买贝因美奶粉，多次复购，专卖店买后更有保证,营养配方：贝因美青爱系列价格合适，营养整体也高,消化吸收：宝宝喝完后吸收很好，消化也正常,溶解性：这款奶粉得溶解性整体较好 这个商品真是物超所值！质量很好，价格也合理。卖家的服务态度也很好，及时回复我的问题，并提供了详细的产品信息。', '挺好的 宝贝现在喝三段的 喝的不多 所以在网上一罐一罐的买了 考虑了很久 才选择这款奶粉 大品牌 比较放心一点 包装很好 还送了一罐400g的 物流也很快 第二天就到了 很方便的 赞 以后都会在这买的 这个商品的性能真是令人惊喜！质量上乘，使用起来非常顺手。卖家的服务态度也很好，及时回复我的问题，并解决了我的疑惑。', '质量很过关，品质有保障，相当不错的选择，好多朋友看我用都想买，我都推荐了质量很过关，品质有保障，相当不错的选择，好多朋友看我用都想买，我都推荐了'],['宝宝喝这个缺铁，从出生到现在一直喝。', '都没有勺子怎么冲，什么比例，自己拿捏吗', '买3罐，发货不发奶粉勺子，问客服后，说补发3个勺子，几后天收到一个勺子。', '第一次买，没有小勺，你让我怎么配奶粉啊', '喝的婴儿肠胀气，肠绞痛', '没有给配置奶瓶勺子，', '连个勺子都没有怎么喝呢，难道要我每次喝之前用称称一下吗！', '买了就降价，喝了就便秘', '宝宝吃了这个奶粉又吐又拉，大人试了一下也是会拉肚子', '消化吸收：宝宝喝了就拉，这样的奶粉不行，,正品验证：正不正品不知道']
43,2万+,500,20+,30+,2700,10+,30,['奶粉比较细腻，主要是容易吸收，轻轻的一晃就可以溶解了，溶解性特别好，不会留残渣，孩子也比较爱喝，不是很甜，整体比较满意。', '宝宝一岁多，有点肠胃过敏，选了爱他美的白罐，一直吃的挺好，消化的也比较彻底，在小程序验证过，是正品，京东购买有保证。', '宝宝乳糖不耐受，换成适度水解奶粉。对比之后最终还是选了奇迹白罐。这奶粉溶解性很好，味道宝宝也能接受，推荐！', '奶粉粉质细腻，容易吸收，一晃就溶解了，不挂壁，溶解性非常高，孩子也很爱喝，整体很满意，买了很多次了，打算一直喝这款。', '我家宝宝过敏体质，不敢乱喝奶粉。从之前的深度水解奶粉转到现在这款适度水解奶粉后，一直在喝这款，宝宝很适应，没有过敏反应。', '我们二段吃的是其他品牌的，后来宝贝不太喜欢吃了，就换了爱他美，慢慢的也适应了，口感不是那么甜，宝宝比较喜欢。', '正品验证：正品保证,营养配方：很全面的，孩子从十几个月就开始喝这个奶粉了,消化吸收：消化吸收的也很好👍这次有活动，又屯了十罐呢，满满的安全感，不怕孩子不够喝 这个商品超出了我的期待！不仅质量上乘，而且功能齐全，性价比很高。卖家的服务态度也非常好，让我有了愉快的购物体验。', '宝宝从六个月到现在一直喝这一款奶粉，儿保数据也非常好，身高体重的趋势正常，口味的接受度也比较高，很爱喝。京东物流配送太方便了。 这个商品超出了我的期待！不仅质量上乘，而且功能齐全，性价比很高。卖家的服务态度也非常好，让我有了愉快的购物体验。', '爱他美这个牌子都不陌生啦，奶粉大品牌，喝着放心，,消化吸收：消化吸收很好，宝宝不会便秘,溶解性：很好冲的一款,2段喝的爱他美卓萃，前阵子去测了过敏原，牛奶轻度过敏，于是转这款适度水解试试看，希望宝宝可以接受，送货很快，推荐', '孩子有点过敏 深度水解过渡到适度水解了 孩子很愿意喝 奶量直接涨了 孩子说好喝 会一直回购的 不知道回购了多少次了 正品'],['商家好无信誉 赠品迟迟不发放', '无信誉商家 之前活动赠品迟迟不发货', '这次来的罐底有三罐都变形的', '说有赠品，买了快3000多，结果没有', '奶粉是苦的，购买慎重', '主图的赠品买了20天也没有消息，主图上啥也这不清楚了，就等着消费者把这个给忘了，就不用送了', '爱他美这么大牌子一直很信任，但是这款奶粉很让人失望，这款奶粉的主要营养成份含量只有爱他美其他奶粉和其他牌子的水解奶粉60%，包括蛋白质，钙，能量等等，这么差的营养能保证宝宝的生长需求吗？强烈建议京东下架这款奶粉！！！', '一直买这个奶粉，618看有活动就一次买了6罐，页面也没写清楚，结果下午买才算，我上午买的就没有。真是好气！', '分层严重，在另一家买的几乎不分层', '一次体验不佳，让人感觉智商受到极大侮辱']
44,200+,500,1,0,50,1,0,['美赞臣蓝臻，设计也很好，有防伪标识，盖子密封性好。开盖方便。,20倍乳铁蛋白，保护宝宝的肠道，提高宝宝的免疫力，冲着这一点，我家宝宝戒奶后一直在吃美赞臣蓝臻。', '溶解很好 效期新鲜 上火从不,小罐比大罐便宜，，这个款宝宝吃了不上火，抵抗力好，好吸收，味道轻淡，包装裹得严实。物美价廉的。', '在这里选购安全方便快捷💜，快递小哥态度非常好，这个价格非常给力💪，十分推荐，从没想过这么实惠的价格能买到这么好的宝贝，下次还来你家', '从出生一直喝的美赞臣蓝臻，感觉挺好的，娃娃一直比较习惯也很喜欢，乳铁蛋白含量比较高。最近出了新国标，也准备转奶尝试，希望越来越棒！', '很满意的一次购物质量很好, 希望更多的朋友信赖. 店主态度特好, 我会再次光顾的好卖家 赞，发货迅速，态度很好，很满意！很好很好！网上购物这么激烈，没想到店家的服务这么好，商品质量好而价低廉， 很热情的卖家', '质量非常好,与卖家描述的完全一致, 真的很喜欢,完全超出期望值,发货速 度非常快,包装非常仔细、严实,物流公司服务态度很好,运送速度很快,很满意的一次购物质量很好, 希望更多的朋友信赖. 店主态度特好, 我会再次光顾的好卖家 赞，发货迅速，态度很好，很满意！', '蓝臻是一如既往的爱吧，儿子马上三岁了，一直喝的是蓝臻，怎么说呢，互相信任吧，目前身高体重都不错，也没有什么病，一切都顺遂。感谢。', '挺不错的，家里的小朋友一直喝，就是三段还没有尝试，现在马上3岁了，还是二段，感觉还不错，身体结实，没有什么病，比较省心就是了？', '爱喝奶的宝宝👶🏻，蓝臻二段奶粉，宝宝无缝从母乳过度到奶粉，基本没有不适。奶粉还可以和米糊糊一起吃，又有营养又有口感，吃得很想，天天都要奶奶喝。', '一直在坚持美赞臣，真的挺不错的，儿子马上也三岁了，奶粉没有换过，感觉挺不错的。配方合理，就是品牌现在有点没落了，不过价格更实惠了。'],[]
45,50万+,500,2400+,1600+,19,1400+,1500,['宝宝很喜欢喝的一款奶粉，从出生到现在一直都,是喝的星飞帆，还在喝，有营养味，味道好，好吸收，不上火溶解度很好，日期新鲜，吸收消化好', '星飞帆奶粉，宝宝一直用的口粮奶粉，这款奶粉来自京东自营平台，放心有保障，口感清淡，易于宝宝消化和吸收，特别适合宝宝肠胃，易溶解不上火，包装精美，密封性好，易于保存，特别棒', '给小宝宝准备的。朋友推荐飞鹤星飞帆，她说很不错。就给小宝宝准备上。省的我费心去比较。后面喝着没有不良反应，就准备一直喝这款了。', '感觉很好，孩子没有不适应，多次购买了， 很好喝，很细腻，浓浓的奶香，不愧是大牌子，安全放心，比超市便宜好多，下次还会购买，发货速度快。', '提前为小朋友准备，相信并且支持飞鹤这个国产老牌子。日期新鲜，等孩子喝了以后再来反馈。,趁着活动入手划算，发货快，包装得好，非常不错，全新体验，赞赞赞！', '发货速度很快。感觉很好，孩子没有不适应，多次购买了， 很好喝，很细腻，浓浓的奶香，不愧是大牌子，安全放心，比超市便宜好多，下次还会购买', '京东快递就是快，感觉很好，孩子没有不适应，很好喝，很细腻，浓浓的奶香，不愧是大牌子，安全放心，比超市便宜好多，下次还会购买', '国产品牌飞鹤奶粉，质量保证,溶解性：很好溶解,营养配方：国标质量,其他特色：品质一如既往，新鲜生牛乳配料表第一位,支持一下国产品牌，不过买回来的好像不是新国标', '是正品，一直买这款。不过感觉这次换包装了呢。跟以前不太一样。不过奶粉很不错，很有营养，很好吸收，一直回购呢。宝宝喝了没啥异常，很好吸收。奶粉溶解性很好', '混合喂养，就选了这款大品牌的奶粉，两个月的宝宝一直吃这款，挺不错的。奶粉溶解度很好，不结块挂壁，日期都是最新的，物流速度也很快，隔天就到货了，特别nice！'],['勺子不没有，是让用手抓吗', '买奶粉不配勺子，请问让我拿手抓吗', '买了3罐都没送勺，这个怎么吃', '勺子都没有，拿手沾着吃吗？', '不好，连勺子都没有怎么打奶粉', '**的客服，**的解答。', '这个不知道是不是正品，吃了宝宝舌头发紫', '不是最新生产日期，拿尾货给我', '拿尾货给我，不是最新生产日期', '没给勺子是几个意思，用手抓吗？']
46,1000+,500,0,1,80,0,0,['发货很快是京东快递。而且活动也很合适 宝贝喝的少 280也不怕浪费 还是新的包装的 客服小姐姐也特别好 耐心的解答问题 宝贝很喜欢 后期会回购', '特别特别特别好，没有任何破损的地方，外观也好看，好评！总体来说，确实很不错，客服的服务态度也很棒，说话几乎马上就会回消息，物超所值，真心推荐', '选来选去最终还是选择了这款奶粉，孩子吃了几天感觉还不错，这一桶先吃完看看效果以及孩子的体重变化，如果效果满意就准备继续购买给孩子继续吃了', '回购了，很好的一款奶粉，宝宝接受度很高，很喜欢喝这款奶粉，买了很多罐备用着吃，粉质很细腻，宝宝吃了也很爱长肉，购买方式也方便。', '买了几天就到了，包装还是很不错，打开后没有问题，性价比还是很不错的，小罐用起来要方便很多，不是那么容易受潮，携带也可以。', '宝宝从出生就喜欢喝这款奶粉，口感香醇，易消化好吸收。旗舰店买的奶粉日期新鲜，包装严实，质量非常好，有保障，价格也很实惠，性价比很高，京东发货迅速，物流速度也非常快，大品牌值得信赖。', '产品包装严实，质量非常好，有保障，价格也很实惠，性价比很高，发货迅速，物流速度也非常快，多次购买了，大品牌值得信赖，买它准没错。', '金领冠系列值得信赖，新生儿快满月了一直吃这款，好消化好吸收，溶解轻松方便不挂无颗粒，随吃随打，宝宝吃的安心妈妈买的放心，会一直回购不转奶！1-4段持续下去？', '奶粉出生选择了金领冠，朋友家孩子很多喝这个的，不便秘，吸收也挺好，奶容易摇开，现在孩子才9天，已经大量囤货，只认准国货，', '娃一直在喝珍护，从130-280-900克。目前娃喝着挺好。因为老大也喜欢这个味道，消耗的更快了。继续回购，'],[]
47,1000+,500,8,10+,400,7,7,['宝宝很喜欢吃这款奶粉，不上火，里面的opo益生元含量高，有助于宝宝吸收。粉质细腻，好冲泡，适口性好，不用担心宝宝转奶🥛', '奶粉质地很细腻，价格经济实惠，奶香味浓，第一次购买，奶粉容易冲泡没有结块，宝宝也喜欢喝，OPO益生元含量高助吸收，宝宝吸收消化好，肠道健康，晚上睡得,很香，当妈妈的也能睡个好觉,', '奶粉收到啦，也是我关注很久的，看着奶粉含着opo益生元对宝宝吸收消化好，DHA含量高，帮助眼脑发育，成分好吸收，对宝宝肠道友好，这样宝宝晚上睡觉很香，然后价格也很友好[强]', '儿子之前喝诺优能奶粉，吸收好，长得很好，儿保也说各方便发育都很好，身高体重都比较优秀，新升级的诺优蕴也接着入手，配方也做了升级，宝宝马上满6个月了，2段准备喝这个', '为宝宝选了很久奶粉最后决定买这款试试，因为这里面含有较高的OPO益生元对宝宝的吸收和消化非常好，宝宝晚上睡觉睡得也很好，所以我很看重这个成分，而且呵护肠道，真的是害怕有些奶粉宝宝肠道不适应，时间长宝宝大了肠胃还是不好。这款奶粉不会有这种担心。', '研究了配料表诺优蕴的益生元含量很高，有助于宝宝的肠胃吸收消化，大品牌值得信赖👍🏻，打开看了下奶粉粉质很细腻，还有淡淡的奶香味，宝宝肯定很喜欢。京东快递速度也很快，昨天晚上下的单，第二天就到了。', '看着奶粉含着opo益生元对宝宝吸收消化好，DHA含量高，帮助眼脑发育，成分好吸收，对宝宝肠道友好，这样宝宝晚上睡觉很香，然后价格也很友好，物超所值，物流也很快。', '奶粉营养丰富，粉质细腻易冲泡，没有结块，宝宝很喜欢喝，吸收不错睡得安稳，宝宝健康成长妈妈就很放心了。', '看了几款新生儿的奶粉，最后选择了诺优藴，它里面的,DHA含量高，对宝宝大脑发育好。而且宝宝喝得习惯，奶味淡淡香香的。奶粉包装得很好哦，有气泡保护。', '不得不说这款奶粉确实很不错，粉质很细腻，冲泡起来很容易不挂壁，淡淡的奶香味，我家宝贝很喜欢喝，里面添加的OPO益生元能够让宝宝很好的吸收，对宝宝的肚肚很友好，吃的香睡的也踏实，京东快递隔天就到货了，很不错👍🏻'],['已经不是诺优能了 冲不开 挂壁严重 国产了', '差评差评差评！！！一直认准诺优能这个牌子 没想到这么不靠谱 买了经典版一罐 之后客服说没货了 又转奶活力蓝罐 没多久又没货了 客服说不产了 诺优蕴会一直产 又转奶诺优蕴 没多久又没货了 客服说让等 我想请问一下宝宝没奶粉吃能等吗 转奶很容易吗 一点都不靠谱 客服说话也是轻描淡写的就让等 一开始是客服说的诺优蕴会一直有货的会产 没多久就没货了', '商品质量特别差劲，我们家宝宝原来喝的诺优能蓝罐，那个停产了，想着趁家里还有蓝罐儿先买这个转奶，买完之后，孩子吃了就拉不下来，也睡不好，并且这个奶粉，冲泡摇匀之后，孩子还在吃着时候，瓶壁上就会沉淀、粘瓶、诺优能蓝罐就没这问题，买了6罐儿其中一罐儿是mini罐儿，刚刚退了四罐儿。这新国标的诺优能是真的垃圾', '奶粉挂壁很严重', '不好', '挂壁非常严重', '宝宝的东西慎重购买，评价的内容竟然无法复制，请看图。,综合来看，新款绿色包装不再是荷兰原装进口。且价格上涨📈22.3%。最重要的是的非常不好溶解。请看图!!!!']
48,100万+,500,4300+,3900+,51,2000+,1600,['买了很多次了，小朋友很喜欢，目前没发现有什么不适应的。比较容易冲泡，没有起泡或者起块！整体来说营养比较均衡，性价比也很高。', '曾经我油扁塌头发经常一缕一缕的很难受，直到用了这款控油洗发水，我的头发直接来了个大逆袭，现在感觉头皮都会呼吸了，香味也很持久，很喜欢', '物流很快，次日达，很方便，有追溯码，是正品可以放心购买，很信任京东自营，宝宝一直在喝，还不错。比罐装的经济实惠，而且也环保。性价比很高', '宝贝出生就一直喝的伊利家珍护，现在大了就换性价比很高的伊利育护，营养很好，而且好吸收，宝宝喝了白白胖胖的，一点不上火，相信伊利！', '妈妈煮饭，担心的就是小孩营养给不到，所以就添加奶粉，贵的又舍不得，因为小孩大了，奶粉的要求也没那么高了，这个比想象中的要好，小孩很快适应，也不上火，口味很清淡，小孩子们都很喜欢', '奶粉营养全面，易消化，不上火，不腥，味道淡淡的，孩子非常喜欢喝，奶粉细，易冲调，不挂杯，买了盒装款，性价比更高，还会继续购买👍🏻👍🏻👍🏻👍🏻👍🏻👍🏻', '伊利金领冠儿童配方奶粉口感细腻，不粘腻，孩子很喜欢喝。而且这款奶粉添加了多种营养元素，opo、a+b、DHA、铁、锌等，有助于孩子的生长发育。伊利金领冠儿童配方奶粉的包装设计很方便就是不太好保存，使用非常方便快捷。总的来说，我对伊利金领冠儿童配方奶粉的购买体验非常满意。', '奶粉正品，跟罐装的没什么区别，冲泡好溶解，宝宝转奶换了这款后喝了没什么问题，不会上火，吸收也好，这个盒装比罐装价格更优惠一点，物流也很快', '宝宝们一直在喝的奶粉.价格便宜的，日期新的，包装是好，爱喝的，味道不错香浓。好喝不上火，好吸收，也好溶解的。是很好👌，比母婴店便宜的多！支持京东购物！很方便！非常好！👍👍', '现在的小孩格外的金贵，每次做饭都担心营养不够全面，有了这个就没有那种担心了，可以让孩子健康的成长，少生病，妈妈少担心。，过的舒心，玩的开心！添加奶粉很重要哦，选对品牌更重要，这个品牌挺好的，口感清淡，小孩比较容易接受，宝宝也很喜欢我家大宝，小宝都喜欢这个品牌'],['东西不是正品，大家注意', '包装真简陋，就一破塑料袋', '不是很好买回来盒子就开了', '宝宝吃了起热，要买的要注意了', '奶粉有点潮，勺子就一个，chap', '刚买完就降价，还不让退货。', '买了立刻降价，把客人当猴耍呢', '已经买了好几回了，就是贵了点，', '宝贝一直都喝这个牌子的奶粉，真的很好', '为了那个小水杯赠品😂结果……是这样的……好丑……']
49,1000+,500,0,2,100,1,0,['我朋友推荐买了这一款绿罐奶粉，感觉真的非常的可以哦。我家宝宝经常便秘，一直都很头疼。这款奶粉很好的满足了我的需求，宝宝也非常喜欢喝，下次还会回购。', '从孩子断奶开始一直就在这家购买奶粉，现在已经喝了快三年了，一直喝也不上火，发货速度也很快，目前家里的箱子都快堆成山了.', '孩子从小一直就喝的是爱他美奶粉。之前因为过敏体质，一直喝奇迹白罐。效果不错。没有过敏了，现在大了，一直喝绿罐有机奶。大品牌值得信赖，安全品质有保障。', '爱他美是很认可的奶粉品牌，孩子小的时候都一直买。新出的奇迹系列刚刚关注到，就下单了。想给孩子找有机奶粉，又想要a2奶源的，刚好奇迹绿罐都符合要求。就毫不犹豫的下单买了，孩子喝了习惯的话会一直买。', '家里两个宝贝，从小到大一直都是喝的这款，有活动就囤起来了。送的礼物也挺有意思，推车可以拉快递，脚踏车大宝挺喜欢骑的。', '两天就收到货了，扫了里面的二维码是正品，包装精美，保质期很好。之前吃了爱他美另一款，孩子肠胃不好，特换了这款绿罐试一下，相信会更好。这个包装比前面吃那款包装更精致，更卫生。30ml每勺，遇水不起坨。', '奶粉孩子们喝了说好喝，总体来说，确实很不错，客服的服务态度也很棒，说话几乎马上就会回消息，物超所值，真心推荐超出预期，质量很好，做工精细，满意宝贝收到了，和描述一样，很喜欢', '非常满意，宝宝出生就一直喝爱他美，感觉她已经习惯了这个奶粉。到货有塑料泡沫包着，包装完好。配料表里成分很全面营养均衡，宝宝实际也很喜欢吃 。奶粉冲泡后的溶解度也很好，不会出现冲泡后有疙瘩的现象，味道闻起来很淡，不会有腥味。', '老大小时候吃的就是爱他美，一直挺好，老二继续吃，现在出新品又换绿罐试一下。更精致，而且有放勺子的地方了，更卫生了。活动送了保温壶也很好看。', '一直以来都是爱他美绿罐，宝宝非常喜欢喝，每次至少囤十罐以上，活动力度也很大，宝爸宝妈的不二之选，住所有宝宝都可以茁壮成长。'],[]
50,2万+,500,30+,30+,3300,30+,10,['宝宝入口的，挑的很仔细，爱他美大品牌，值得信赖，这一款成分种类多，打开后也好闻，冲起来很容易分散，宝宝也不抗拒，以后就准备常喝这款啦啦', '宝宝断奶后，身边人推荐这款奶粉，口感很好，宝宝很喜欢喝！很容易冲泡不结块！先买的小罐体验装，现在喝到正装了！很不错的奶粉！推荐！', '爱他美奶粉是我家宝宝的最佳选择！它的口感细腻顺滑，宝宝每次喝都开心得不得了，让喂养时间变得轻松愉快。更重要的是，这款奶粉提供了全面均衡的营养，助力宝宝健康成长，体格强健。作为父母，我们,非常放心，因为成分安全可靠，让我们无后顾之忧。每次看到宝宝健康快乐的样子，我们都深感这款奶粉的美好。爱他美，让爱更温暖！', '这个奶粉小孩子很喜欢，小孩子很爱喝，味道很香甜，每天自己抢着喝。发货速度又快随时可以下单，非常方便！有时碰上活动更加划算！', '日期没过半，包装精美，价格也算实惠，宝宝能接受，好消化易吸收，溶解性特别好，小包装不浪费，出门携带很方便，以后还会继续回购的', '奶粉到货快，包装好，京东到货快一流！回来就给宝宝冲泡了，粉质细腻，好溶解，孩子特别爱喝，感觉给力，大品牌值得信赖！以后回购！', '小罐的很好携带，出门很方便，不用装到小瓶里面，直接带走，省心省力又实惠。儿子一岁两个月，吃了后期再来追评。小罐的奶粉。。。', '小孩一直喝这款奶粉，生长发育都挺好，喝这款奶粉也不便秘，很适合，买的小罐方便携带出远门喝，京东购物有保证，物流很快，很满意', '自营店买的，正规价格合适，物流很快，第二天就到了，换成新配方，先买点试试，没想到宝贝很快就接受了，喝了不上火，味道清淡，好吸收', '正品，好吸收！！味道淡淡的，今天拍下第二天就收到了！！发货很快！不耽误喝！孩子喜欢喝下次再买！！京东值得信赖！！！！！！'],['盖子没有封塑膜，包装真差', '泡泡多得像洗衣粉一样🙁', '奶粉还没有喝不知道怎么样 反正就是店大欺客 客服也不怎么样 买的时候页面显示返10元e卡结果第二天商品到了说活动结束了 有什么活动难道不应该按照买的时候算吗 如果我买的时候没显示有e卡 收到货显示有e卡了你们还会给我吗 就又该说买的时候没有这个活动了 反正怎么样都是商家说了算的 做不起活动就不要做', '东西是好的，客服很差，客服很差，客服很差，客服很差，很差劲👎', '收到包裹是很烂很烂，不知道里面东西有没有调包。', '挂壁现象严重，还有冲不散泡不开的坨坨', '建议不要买，全部都是泡泡也不知道是不是质量问题，小孩喝吐了一次，购买的时候说30天有问题售后，结果在售后期找客服售后拒不接受，还是大品牌，售后服务特别差', '简直是传说中的**，刚买的时候挂在首页上写的评价返E卡，也没说结束时间也没说E卡有多少，是不是存在得不到的情况，结果下单后拿到商品第一时间过来评价就告诉我活动结束了，你们这是耍人玩呢？', '京东的A+会员简直就是个大垃圾 谁买谁是冤种 垃圾垃圾', '宝宝喝了就拉肚子，之前在~官方旗舰店买的喝的都没问题，就在京东买的时候出现了这种情况']
51,10万+,500,300+,100+,9200,100+,100,['我家二宝从这款2段奶粉开始，一直在喝，很喜欢，A2型蛋白质挺好吸收的，进口品质很放心，也改善肚子不适的情况，睡眠也好多了。购买后也经常可以兑换一些礼品，蛮不错的，会无限回购的!', '以前一直都是在实体店买，这次选择了网上买，不光是正品，价格还实惠！正品店铺，放心购买，客服态度也很OK，整个购物过程非常顺利！下次还会再来的！赞！高颜值，高品质，非常好，一分钱一分货，材质外观和质量一看就很上档次，非常喜欢', '给宝宝买的奶粉，非常喜欢喝，味道特别纯正，非常好喝，宝宝喝了每次都特别开心，希望下一次还要买它，买它就买它AR奶粉，真的很好喝，味道纯诶诶包装大气AA', '终于拿到了，外观很好，看着很舒服，宝贝质量很好，真的很开心买到自己想要的宝贝，是一款性价比比较高的宝贝，值得推荐，值得信赖。', '澳新版A2奶粉，正品保证、营养配方、消化吸收、非常适合婴幼儿使用。感谢京东商城、感谢京东快递、感谢京东国际，购物方便快捷，海外直采，放心使用。一直信赖京东。 这个商品的质量非常可靠！经过使用测试，它表现出色，没有出现任何问题。卖家的服务态度也很好，给予了及时的售后支持。', '澳新版a2奶粉，来自新西兰天然牧场，包装精美、溯源清晰，溶解性好，好吸收易消化，宝宝也爱喝。感谢京东商城，购物方便快捷，品质保证，服务周到。全球购物选京东，买的是放心，用的是舒心，吃的是安心。', '已经给宝宝买了很多一段和二段的奶粉，我们给宝宝选的这个奶粉，整体来说对宝宝肚肚还比较友好，我们家宝宝用这个消化吸收还不错，晚上睡觉也比较踏实，宝宝也很喜欢这款奶粉，比较喜欢喝！', '尝鲜装还可以，新用户没有买过这个牌子，买一小的罐。不错，比线下便宜很多，京东还是蛮保真的，毕竟比线下的母婴店靠谱点，看看宝宝能不能接受这个口味', '从美素力换过来的，二段开始吃这个牌子，不是最优选择，但是价格在这里还是比较划算的，味道比美素力浓，也甜一点，这个可能是宝宝接受的一个原因，比较难融化，买了转奶器解决，正品是不是也没有去验证', '老婆喜欢这个牌子，就买来试试，发现这种进口版本的比国内罐装的便宜了很多，第一次购买还优惠不少买大送小，溶解跟美赞臣差不多，喝完感觉小孩子便便更好一些，没问题再买。'],['奶粉不给勺子真是醉了', '这个盖子怎么是这样的', '日期是旧的，都过了一年的日期发过来', '喝到最后发现奶粉里面有铁珠子！', '一吃这就会吐，搞不明白', '勺子在奶粉里面埋着，我真是服了', '喝了后导致发烧了 已经不敢给他喝了，怀疑有问题', '新客一堆活动全都没享受到，也不给补……', '宝宝喝了拉肚子，不会再买。', '冲都冲不开。喝到最后奶嘴都**堵了']
52,500+,19,1,0,40,0,1,['一直都在喝，挺好的，', '孩子渐渐大了对奶粉的需求也在同步增长，自从从别的品牌换成金领冠后，之前出现的各种不正常的情况都没有了。关键是孩子确实也很喜欢！', '很不错，我们三段开始换成它，不容易上火', '用了觉得很不错，商品质量好，发货也挺快的，总之就是很赞了', '很满意的一次购物，日期新鲜，包装完好😊关键价格很实惠，比母婴店便宜好多！值得推荐！🤓👍', '快吃完了，一岁之后一直用这个牌子，又便宜实惠。。', '这个品牌在用的同事朋友还是蛮多的，也是通过朋友能的推荐才把原来吃的品牌换过来试试的，现在也吃了半年多了，各方面确实挺不错的！', '奶粉还是不错的，一直喝这款，就是这次的外包装盒子有破损，不是很好', '大品牌，多次购买了，物流快，还保真', '小孩喜欢喝，还会回购'],None
53,5000+,500,6,4,500,4,4,['很难得的正品，网购以来最满意的了。营养很全面，也比较好吸收，IBM溶解，京东送到家非常方便，已经买过很多次了，真的不错呢，', '首先来说一下京东的效率，当天早上下单，下午就收到。然后产品包装很用心，不担心磕碰。最后产品本身，溶解性很好，一冲就化，宝宝好吸收，非常好！', '回购多次了，一直在这家买，质量很好,宝贝特别喜欢，颜值高质量好，中看又中用，有需要的朋友不要犹豫了，最后祝商家生意兴隆！质量非常好，完全超出期望值，发货速度非常快，包装非常仔细、严实，很满意的一次购物', '一直在喝的奶粉，很不错孩子很喜欢喝，在这个时候喝会更好特别特别满意，超级好看，客服很有礼貌，很客气，良心商家，支持！口感味道还可以溶解易比较容易泡开，很喜欢。宝宝健康成长！', '东西不错，查验是正品，还有优惠，可以放心省钱购买，不要犹豫了质量很好，收到货第一时间打开看了，很不错，很满意，还会回购的', '自营的一个账号只能买几盒就限购了，我觉得这个小盒的更具性价比，囤了挺多小盒的，简直不要太香，一直喜欢京东购物，又好又快。。。。。。', '收到宝贝真心不错，性价比很高， 经济实惠。快递的速度也是给力，收到之后打开看，各种东西放的非常齐全，包装完整。找到一家品质一流的商家真的是不容易，你家的货我会一直买下去的，给你五星好评！', '每一次都很满意，这次选的宝贝更加满意，以后还会一如既往地买下去物美价廉，物流给力，值得回购东西已经收到！手感不错！用料扎实！质量很好！平常用基本没有问题！东西已经收到！手感不错！用料扎实！质量很好！平常用基本没有问题！终于收到货了，非常非常喜欢，做工精致漂亮，已经被很多人夸了，真的太开心了，已经是他家的忠实粉丝了，以后还会继续买买买的终于收到货了，非常非常喜欢，做工精致漂亮，已经被很多人夸了，真的太开心了，已经是他家的忠实粉丝了，以后还会继续买买买的', '试用装我买了好多次了，有时候有新人体验价，特别家里大罐吃完了没来得及补，买个小盒的顶一下挺好的，物流也快，第二天就到了。', '正品验证：京东自营店我还是很放心的,营养配方：营养丰富科学,消化吸收：孩子吸收挺好的,清火功效：孩子喝了没有便秘上火,溶解性：奶粉非常好溶解，勺子搅一搅就化开了,其他特色：物流挺快，特别不错 这个商品的质量真的很好！外观精美，手感舒适，使用起来非常顺手。卖家的服务态度也很好，让我购物无忧。'],['店里的不会不知道是不是版本原因', '需要自己去快递点取，不是送货上门', '物流打包不行就用个袋子压的扁扁的', '非常非常差 宝宝喝了过敏不说 客服一直让我等售后打电话。一直也没给我打 就这样等了4天 不推荐']
54,2000+,105,4,2,200,2,1,['东西很不错，发货速度也快。选择这一家因为价格比较划算，同时也是大平台，品牌也有保障。买来自己用也放心。下次还会回购的。希望用起来好用。', '回购了很多次了，质量很好，宝宝很喜欢喝，泡奶溶解也很快，居家一阶段蹲着2瓶很快可以用完，如果能再有活动优惠就好了，下次还要买', '第一次购买，买一罐送一罐，非常的nice，速度更快，真的不错，正品品质，官方旗舰店品质放心，非常的不错和安心，真的非常好用。', '母乳最好的替代品，小罐装，更方便，一段有母乳，大罐喝不完，小罐正正好，买一罐送一罐，简直太划算了，在过渡到2段前是性价比最高的选择。', '京东活动就是给力啊官方真品还能这么便宜立马下单跟我在小区楼下店里买的一模一样不存在有任何区别发货也特别快基本上第二天就到了非常棒', '质量好，物超所值，真的是物有所值，价格实惠，质量真的不错，与卖家描述的完全一致，收到的时候包装完整，包裹的严严实实没有任何破损，品质依旧，客服服务态度很好，详细的解答了我的问题，卖家很好，对这次购物非常满意，如有需要会回购！！超出预期，质量很好，做工精细，满意是理想中的产品💖，质量不错，物流也很快，值得点赞！实物与描述的一样，质量相当好，卖家态度也好，有问必答，发货速度杠杠的，值得购买哦~', '宝宝一直喝这个奶粉，经过我的亲身体验，这家店信誉是相当得不错。宝贝的质量更像钻石一般。太感谢了！特意用了两天才来评价，这是对自己和大家的负责！', '飞鹤奶粉一直在喝，已经多次购买飞鹤卓睿，宝宝非常喜欢喝，价格很实惠，商家京东快递送货速度非常快，希望商家多多推出活动，以后会继续购买', '飞鹤卓睿奶粉是一款比较受欢迎的产品，其配方设计遵循中国标准，采用新鲜生牛乳作为原料，通过湿法工艺加工而成。这意味着它是一款营养丰富、口感新鲜、易于消化的奶粉。,卓睿奶粉还添加了多种特色强化配方，如乳铁蛋白、OPO结构脂、益生菌等，这些成分有助于提高宝宝的免疫力、促进消化吸收、维持肠道健康等。此外，卓睿奶粉还添加了叶黄素等成分，有助于保护宝宝视力。,飞鹤星飞帆卓睿 幼儿配方奶粉', '正品验证：特地每一瓶都去扫码查验了，是正品。不过旗舰店买的也不存在二次分装吧,溶解性：最看中的就是这个奶粉的溶解性，基本上倒进去就慢慢溶解了，轻轻摇几下就都化开了，挺好。,消化吸收：挺好吸收的，娃吃了没有拉肚子的情况。'],['不知道是不是批次不一样，我家孩子喝了拉肚子']
55,100万+,500,1100+,1100+,97,700+,1200,['澳洲原装进口奶粉货真价实，大品牌值得信赖，已回购N次，科学技术配方更加丰富的营养成分，好消化易吸收，不上火，溶解性强，宝宝超级爱喝，效期新鲜，值得拥有！', '女儿从一岁开始喝这款奶粉，选了很久，最后决定选择爱他美，喝着比较放心，奶粉很好冲泡，宝宝吸收也很好，暂时也不决定换了。', '澳洲版的爱他美白金产地是新西兰的，纯净无污染，这对于奶粉的品质来说至关重要。白金版的爱他美营养成分丰富，里面还添加了特有的益生元，对宝宝的肠胃发育很有好处。爱他美的历史悠久，更加可靠，值得信赖。购买方便，送货到家', '这个是姐姐推荐的，她家孩子喝了好长时间这款奶，大品牌，反响都很不错，物流很快，而且还可以查询真伪，值得信赖，没有奶腥味，粉质很细腻，很好冲泡，给个赞', '很多次回购了，真的很好，宝宝喝着放心，大人真的舒心，营养成份均衡，不会出现吐奶厌奶，并且宝宝特别爱喝，吃的也香，消化也好，真的很不错！', '奶粉已经开了，吃了几天了，味道甜甜的，冲水很容易化开，比较喜欢爱他美美澳洲版的3段奶粉，因为有叶黄素在，价格也便宜，性价比高。', '正品验证：正品不错哦的，下次再购，价格涨价了,营养配方：3段的胡萝卜素和dha看中这两点,消化吸收：宝贝从德版1段直接过渡过来爱好的,清火功效：京东买的自营还是很有保障', '包装精美.没破损.物流快.客服态度很好.奶粉好吸收.溶解性好.喝了不便秘.宝宝喜欢喝.验证过是正品.值得推荐.', '孩子从3段开始一直喝的这个系列的奶粉，确实挺好的，孩子也很喜欢，每次都是一口气喝完，搞活动性价比也很高，值得推荐', '72个月的大宝宝最近突发奇想，想喝奶奶，选来选去选择了澳版白金爱他美，看成分各种营养强化配方都很不错，dha和叶黄素含量高，大宝宝完全也可以买来补充营养解馋啊'],['浪费了，同一商品居然孩子不喝', '3罐货，二罐有碰凹陷，差差差', '罐子都压变形了，还有划痕', '打开后量勺都没有，买奶粉自己配勺子吗？', '东西一般，价格是越来越贵了', '全是拆封的 不知道是不是正品', '罐子都变形了，哎，暴力运输啊', '罐子都是扁的，退换货税费又不给退，客服也不给解决', '奶粉生产日期有点早都10个月之前的了。四罐都是', '孩子喝了腹泻客服说是消化吸收好 搞笑']
56,2万+,500,200+,200+,16,100+,200,['正品验证：确实是正品，从一段开始喝，到后边二段，都是喝的这个奶粉。,营养配方：营养配方比较全面，孩子长得白白胖胖的，很好。,消化吸收：消化吸收不错的呢，很好。', '正品验证：是正品的哦，很不错的奶粉，孩子从出生开始就开始喝这个奶粉，很好的一款奶粉,营养配方：营养配方很全面，宝宝爱喝，家长也放心。很不错的呢', '一直都在喝伊利的奶粉，国产品牌质量信得过！两个孩子都是喝这个长大的，奶粉容易冲泡，不会起疙瘩！营养丰富全面！', '买第二桶了，一开始不知道哪个好，反正买着喝也还行，宝宝便便也挺好，现在就是母乳加奶粉混合喂，所以奶粉费一些，喝完还会再买的', '正品验证：是正品，可以扫码溯源还可以积分,营养配方：比较全面含有乳铁蛋白，吸收也可以，宝宝长得挺快，排便也比较正常，溶解度不是特别好，会挂壁，有的时候会成坨', '从孩子一出生就在喝伊利奶粉，大品牌，信得过的品质！奶粉容易冲泡，不会起疙瘩！孩子吃了也不上火，吸收好！不错不错？推荐入手', '这款奶粉整体性价比还是可以的，各种营养成分比较全，就是溶解度没有那么好，挂壁，有的时候有奶块，但是孩子喝着体重涨的不错就没换', '宝宝出生就开始喝这款奶粉了。。刚开始购买了几听试用装。后来就买了大桶。我是看这款含有乳铁蛋白。所以选择这款。价位自己也能承受。', '老大喝的就这个金领冠菁护，老二还买这个，比较放心，还是不容易生病，身体健康，吃嘛嘛香，身体倍棒，抵抗力好', '这是我家孩子吃的第三罐了，孩子长的挺好的，拉的也挺好的，从出生就吃的这款没换牌子，研究过配料表，对比后觉得这款性价比高，一开始吃的是小罐的，吃完也是拉的稀有奶瓣，吃完吃第二桶时有天突然就拉的好了，还好坚持没换牌子，要不老换牌子孩子也不容易吸收'],['为什么奶源追溯查不到商品？', '买奶粉 不给奶粉勺 你说怎么给孩子量？', '买了两次了为什么还是老包装？', '不算太好，奶源不一样吧', '店铺售后不行 半天没有人回复信息 那还要什么店铺客服', '奶源追溯码查不到商品', '没有勺，不贴心。质量有待考证后评价', '买奶粉不给 奶粉勺 怎么给孩子量', '买奶粉不给 奶粉勺 怎么给孩子量？', '东西没有收到 就签收了 我也是服了 那快递丢了我找谁']
57,2000+,124,5,7,200,5,3,['质量非常好，完全超出期望值，发货速度非常快，包装非常仔细、严实，很满意的一次购物质量非常好，完全超出期望值，发货速度非常快，包装非常仔细、严实，很满意的一次购物质量非常好，完全超出期望值，发货速度非常快，包装非常仔细、严实，很满意的一次购物质量非常好，完全超出期望值，发货速度非常快，包装非常仔细、严实，很满意的一次购物', '娃一直在喝这个奶粉，很适应了！不错！', '囤了好几桶啦，在家里放着安心，娃已经吃了五个月左右了', '乳糖不耐，没办法只能买这个吃，一下买六桶，价格比较划算，还有赠品', '满意，就是容易缺货，多买几桶在家里比较安心', '买了几次了，满意，价格能优惠一些就好了', '一直在这家买，是正品', '一直在这家买，是正品！！！', '一直在这家买，是正品！！', '多次购买这款爱他美奶粉了，第一次是买一瓶，日期很新，小宝宝也接受这个味道，现在都是三瓶三瓶下单，正品保证'],['感觉这奶粉好假，看包装像是小作坊生产的一样，奶粉罐身的贴纸也不整齐还开口，掀开盖子里面好脏有粉尘，而且盖子上面有污垢', '此用户未及时填写评价内容', '此用户未填写评价内容']
58,1万+,500,10+,20+,1100,2,9,['外观设计漂亮，尺寸大小合适，包装仔细完整，宝贝手感不错，感觉很好，发货速度快，服务态度一流，给力！5星好评！价格实惠，质量杠杠的，非常好的一次购物，下次还来', '商品收到啦，到货速度超快，京东靠谱，奶粉打开味道很浓郁，是我喜欢的那款，六个月以上就可以吃这个了，早上来一碗精神饱满，官方正品，营养超级多，各种维生素补全，增强体质还得喝这种，婴幼儿肯定不错，宝宝以后长大了可以买了，家人们可以试试，溶解很快，温水冲泡，以防营养流失。', '惠氏奶粉是大品牌，一直以来值得信任，配方健康，非常适合中国宝宝的体质，口味不错，宝宝非常爱喝，京东物流也很快，售后服务非常好👍', '1段喝的惠氏启赋蕴淳，现在转2段，做了功课最后选了铂臻，孩子喝也不反感，过度阶段1段2段混合吃，等娃完全接受2段就回购大罐的，验证是正品，物流也很快，再购！！！', '喝了很多品牌的奶粉，对惠氏的印象最好了。新国标营养成分足够 宝宝生长发育情况很好，消化吸收良好，没有上火的情况，天天拉臭臭 肚肚很健康。', '奶粉收到，卖家发货速度，物流很快，运输过程安全，快递小哥第一时间派送，👍👍👍！奶粉包装精美，营养丰富，价格实惠，好评！', '物流非常快，送货超级快，得益于京东仓库，一直购买惠氏自营，靠谱，毕竟小孩吃的，一直都在吃这个，现在都是回购了，好评，赞一个……', '我家宝宝从出生就开始喝惠氏铂臻奶粉，一直都很喜欢，这款特别容易冲泡，不结块，大品牌有保障，京东自营是正品，物流很快，推荐购买！', '性价比很高，多次购买了，优惠力度很大的时候，建议大家囤货多买几个，整不错的，京东物流上午下单，下午就配送到家，真心不错。', '从一段到二段都是喝惠氏铂臻，我觉得惠氏质量挺好的，市场上口碑也很好。对比了好几款的测评和评价，最终决定选铂臻，相信选择没错！'],['优惠活动暗改，买完商品后不给优惠券，黑店。希望家人们擦亮眼睛再下单。', '非常难冲泡，容易结块，谨慎购买，一段不会，二段无语', '没见过这么难冲泡的奶粉，老年奶粉都没质量这么差，卡在奶瓶上用水还是带压力的，怎么冲都冲不掉，拿筷子也清理不掉，无语。', '不愉快的消费，当时参加活动买的，最后因为一些原因，未享受到任何活动支持', '瓶身变形', '不如蓝钻 不容', '此用户未填写评价内容']
59,200万+,500,5100+,5600+,109,3900+,3500,['已经吃了好几天了，孩子很喜欢吃，家里其他的奶粉已经不想吃了。扫码查验是原装进口的，快递速度第二天就到了。非常棒的一次购物！！！', '刚开始图便宜来买的，给孩子喝发现孩子也挺喜欢喝的，就一直买这款了，纸质罐子也环保，不必花高价格买包装，用心做好奶粉就很好了，希望爱他美奶粉健康安全营养。', '从宝宝出生就一直喝的爱他美卓萃，后来换成a2，现在又换回了爱他美，一直很棒，纸盒子装的不比铁盒子差，推荐的，二维码扫一扫可以溯源', '这款爱他美幼儿配方奶粉3段,非常不错，小孩一直,喝，奶味香浓可口，入口顺滑细腻，容易冲容易,清洗，吸引好，不上火，补充营养丰富，送货很,快捷方便，推荐购买。关键还是很实惠的。', '爱他美幼儿配方奶粉3段，非常不错，小孩一直喝，奶味香浓可口，入口顺滑细腻，容易冲容易清洗，吸引好，不上火，补充营养丰富，送货很快捷方便，推荐购买。', '爱他美奶粉，宝宝喝了不少，没有什么不适感，宝宝很喜欢喝。,产品包装精致美观大气，目前用着非常不错，真实评价，希望可以帮到集美们。,跟我在实体店买的一模一样！还是一样的好用，开心物流满分💯，包装快递满分💯，配送员态度满分💯，购物让人开心，吃土使我快乐~ʜᴀᴘᴘʏ̆̈◞̆💌终于对它下手了，颜值是真的没话说❤，材质很好，物美价廉，趁活动赶紧囤起来', '打开之后，看到每一罐奶粉的都是单独用气柱袋包装的，这点值得点赞。奶粉罐上面贴有，商品溯源码，可以查询进口商品溯源信息，奶粉的融水速度非常好，稍微摇晃就完全溶解了。小孩也蛮喜欢喝。', '他家奶粉买过很多次了，包装严实，物流也快，到手没有破损。奶粉正品，营养配方，宝宝喝了好上肉，也爱喝，不会拉肚子。奶粉溶解性好，好冲泡，起沫少。', '他家买了很多次了，喝着很好，宝宝也爱喝。品牌放心，东西也放心。赶上搞活动的时候也很优惠。营养搭配好，好冲泡，不拉肚，好上肉。', '正品保证质量，相信京东自营商品，宝宝非常喜欢喝，吸收好，溶解性也非常好，德国🇩🇪进口品质保证，一直喝爱他美这个牌子，非常满意，下次再来光顾！'],['买的两罐有罐是漏的我晕死', '发的日期不是新的，是19年的', '买二箱奶粉说送的东西，啥也没送', '为什么结成一块一块的', '宝宝喝了拉肚子，以后不买了', '日期怎么是去年的？有压痕。', '儿子吃了拉肚子，不敢给他吃了', '价格忽高忽低，前后不一，时不时断货。', '喝了容易上火，以后再也不买了。', '寄过来都没有好好的包装，过来都已经坏了']
60,5000+,500,3,5,400,3,0,['五星好评！因为之前吃了一年多别的高能量大品牌，都不长肉。朋友推荐了这款什么营养都齐全的也没有添加剂。两岁八个月宝宝了。试试转奶。这个味道比较甜。他还接受。', '已经是第五次购买了！质量真的超好！穿上很舒服！同事朋友都叫我帮买！买到就是赚到！商品质量不错，细节、品质、做工都非常好，发货贼快，快递也给力，棒棒哒~', '买来给孩子做溶豆用的，很好，很香，倒进蛋白霜里不会消泡，孩子吃着也没有别的奶粉出现的便秘的情况，超级好，已经加购物车，会多次回购，', '朋友推荐的，配方很全面，好消化好吸收，现在换了新国标，DHA是来自人工养殖的海藻油，没有重金属富集的风险，比鱼油更加纯净，并且没有鱼腥味，乳铁蛋白也提高了，对宝宝的自护力提供了很大的帮助，并且奶的味道不是很甜，接近母乳', '海普凯诺1897奶粉是相当好啊。儿子很喜欢喝，易吸收而且喝完没有任何便秘等不适症状，体重涨的也很好。白白胖胖的有奶粉一半功劳，说是奶中贵族也不为过呢，推荐购买。', '奶粉买了好久了，一直忘了来评价，这款奶粉宝宝很喜欢，试用装的价格便宜，平时也一直在喝这个，好溶解，易吸收，甜度适中，很不错', '溶解很好上火从不效期新鲜,宝宝两岁了，一直喝的这款奶粉，宝宝吸收得好，不上火没有眼屎，也不见便秘，有追溯码验正品，趁着双11有活动，两公婆的手机都下单了，这次可以喝蛮久了,大牌子很放心，荷兰原装进口，质量方面绝对没问题，价格也很亲民，不错。', '宝宝一直喝的海普诺凯荷致老版本 好吸收 粑粑很正常 配方很全面 价格也很合理 新版本乳铁蛋白含量高了很多 配方更好 买个小包装回来看下', '很好的购买平台，质量不错，特别是有品牌的，值得信赖是正品，跟商店里买的是一样的，在这网购方便快捷，品质放心，还会光顾！.^◡^.', '大宝，二宝都很喜欢这一款奶粉，从小吃到大的。在外地奶粉突然间吃完了。还好有试用装。试用装的质量和听装的都一样，非常的好，宝宝都非常喜欢。重要的是发货非常快。'],[]
61,5万+,500,20+,40+,4200,20+,40,['营养配方：就是看中了配方买的,消化吸收：不长肉，但是体质很好，不怎么生病,溶解性：很快，真的不错的奶粉', '一直喝，非常好，出生到现在，唯一的缺点就是现在有点小贵了，俩孩儿喝起来太快了，其他什么都好😀😀😀😀😀', '正品验证：是正品，质量有保证,营养配方：这个配方很到位，营养很全面，适合敏宝,消化吸收：小分子更加容易消化和吸收,清火功效：一点都不上火,溶解性：溶解于水，也不结块,其他特色：性价比很高', '雀巢beba奶粉全面升级6种hmo，又多补充营养，全面进一步提升。这款奶粉非常容易水解，原来宝宝因为乳糖不耐受转奶过来，奶粉细腻，清香，宝宝非常爱喝，一直喝一路体检也比较顺利。再说说京东服务，配送很快，价格美丽 ，送货上门，非常满意。', '找了很多个商城，一致评价这款奶粉很好，于是买了试一试，口感很舒服，不是很甜，喝起来很顺口。宝宝一开始不是很喜欢，但是喝着喝着就喜欢了。说实话，我也挺喜欢喝。是给宝宝转奶，没有出现消化不良等症状。挺好的。', 'BEBA至尊升级版相当于站在巨人肩膀上看世界，原基础已经很扎实了，德系奶粉还在超越自己，a新版本更好吸收，营养更全面', '宝宝容易便秘，吃了至尊很不错，肚肚舒服，排便也规律了。京东自营的也值得信赖，适合消化有点小敏感的宝宝。', '一直购买的至尊，从没有失望过，孩子也很喜欢，现在刚换新3段，因为刚喝，期待有更好的效果，😀😀😀😀😀', '正品验证：正品！,营养配方：营养成分全面,消化吸收：我家宝宝吸收很好，从小就是吃这款一直到现在,溶解性：溶解性应该好于大多数奶粉，不管用机器摇还是手摇都很顺利，不会结块,其他特色：宝宝比较喜欢，喝得很好', '俩宝出生到现在3岁了，一直都在喝babe，从pre，到1段，2段，到现在的3段，什么都挺好，孩子也喜欢喝，唯一的就是价格，俩个宝宝喝，实在是太快了，而且一直在京东买，值得信赖，'],['感觉不值这个价钱，换奶粉', '申请的售后没有人通知我就直接关闭了', '甚购，以后不会回购了，有异物', '奶粉吃了也是不长肉，脸上长红疹', '也不知道吹嘘的这些成分怎么检测，总之就是不值这个价', '挤压变形成这样，包装简陋至极，也不知道怎么发货的，呵呵', '假奶粉，我儿子喝这种奶粉，问我为什么不同味道的', '喝了不长肉，按说明书规范冲奶，奶粉挂杯厉害。感觉不值这个钱。动不动就缺货，后来才知道这是商家惯用的营销手段。买个噱头根本不值这个钱。问客服一些问题，这是复制粘贴，还是自己对比了其他品牌的营养成分，准备换配方奶。总之一句话，不值这个价。', '以后不会回购，有异物', '差评，店家活动玩不起，赠送礼品耍赖']
62,10万+,500,200+,50+,13,60+,100,['大品牌，已经多次购买了，产品包装很好，奶粉质量也很好，价格还特别优惠。物流也很快，晚上下的单，第二天就送到了，下次还会再买的！', '大品牌奶粉，已经多次购买了，产品包装很好，奶粉质量也很好，价格还特别优惠。物流也很快，晚上下的单，第二天就送到了，下次还会再买的！', '星飞帆奶粉大品牌，已经多次购买了，产品包装很好，奶粉质量也很好，价格还特别优惠。物流也很快，晚上下的单，第二天就送到了，下次还会再买的！', '飞鹤星飞帆奶粉，已经多次购买了，产品包装很好，奶粉质量也很好，价格还特别优惠。物流也很快，晚上下的单，第二天就送到了，下次还会再买的！', '买了很好吃，很宽松一点也不起球，也不捂脚，洗的也特别干净，泡沫很绵密买了三包了，质量非常好，与卖家描述一致，孩子们都特别喜欢吃，版型很好，面料舒适，尺码标准，不沾杯持妆久，橘色系更加显白，洗完也很柔顺头发也不油了，屏幕清晰运行流畅，敏感肌用起来毫无压力，握感舒适不伤牙龈，每次炒菜都会放几滴，用起来和真人差不多，很舒服。很满意的一次购物。', '同事二胎，知道她一胎孩子就是喝这个奶粉的，就下了一罐给她。配方简单，没有那么复杂。听同事说，她家孩子很适合喝这款奶粉。', '我家宝宝不喝奶粉，换了好几家了。飞鹤卓睿还算接受度比较高的。冲调也非常容易融化，没有结块。营养也比较丰富，含有乳铁蛋白和生牛乳。', '正品验证：有二维码可溯源查到厂家信息和批次号。,营养配方：配方营养,消化吸收：宝宝好吸收，不是很甜宝宝很喜欢喝。,溶解性：遇水很快很好化开，不不结块。小罐装出门携带很方便，不需要再购买奶粉盒奶粉袋。', '一段喝的星飞帆，还可以，二段换了卓睿，转奶成功，大便也正常，里面加了乳铁蛋白，可以增加孩子的抵抗力，京东购买当天送达，很好', '喝这款奶粉的宝宝好多呀，长的也挺好，溶解起来很快，摇一摇就溶解的很好了，宝宝不用等特别久，配方挺合理的，味道也挺好，好评！'],['产品质量不错，宝宝爱喝', '买了五单，有一单朋友买的发错了客服没处理', '一般般吧不好贵贵贵贵b吧', '说是复购6罐返买的这个的金额，并没有！', '这个奶粉日期都是不一样的 太水了', '大客户杀熟，请大家注意', '大客户杀熟，请大家注意', '买奶粉没有勺子，客服态度差，不处理问题', '吃了过敏，申请退货，还要医院诊断证明', '此用户未填写评价内容']
63,5000+,500,10,10,800,10+,10,['爱他美奶粉，是最值得信赖的奶粉品牌呢！它的品质真是无可挑剔，从源头严格筛选优质原料，保证了每一罐奶粉的纯净与营养。给宝宝喝，真的是放心又安心。而且，它的口感细腻，宝宝每次喝都津津有味，真是让人爱不释手。最重要的是，喝了爱他美奶粉，宝宝的身体更健康，更活泼可爱了。每次看到宝宝喝完奶粉后满足的小模样，心里都暖暖的。总之，爱他美奶粉真的是一款值得信赖的好产品，如果你也在为宝宝的奶粉选择而烦恼，那就赶快试试爱他美吧！', '包装完好，日期新鲜，溶解性比较好，奶香味很足，不容易上火，宝宝爱喝，长得也很好，就继续回购了，京东物流速度也很快，正品没问题', '简单一点说，就是升级了，比之前更好,细节：,卓傲蛋白质含量减少，宝宝消化更没负担,维生素口增加，对骨骼发育方面更好,能量，脂肪有所添加，对于不涨肉肉的宝宝是很好的选,择,卓萃卓傲都主打宝宝自护力，消化吸收方面一直做的很,好,口味清淡，全阶段不含蔗糖，香精,价格比卓萃贵,老粉可适当国货，新粉可直接购买卓傲', '这款奶粉买了之后经过验证是正品，营养全面均衡，适合中国的宝宝，宝宝吸收的也很好，喝了也不上火，京东的物流也很快，快递小哥服务态度很好，值得购买', '快递当天下单，第二天就到了，物流很快。打开快递，奶粉外包装很好，没有破损，日期很新鲜。下次喝完继续回购，价格也不贵，很好。', '包装好，物流快，价格实惠，比超市便宜多了，很好的购买平台，质量不错，特别是有品牌的，值得信赖。,宝贝收到，一如既往的好，包装很到位，质量还不错，很喜欢，大品牌值得信赖', '是正品哒，日期也很新鲜的，和官网买的对比了没有区别，性价比超高，口感不错，奶香浓郁挺好接受的，孩子喝了也没有不良反应！！', '宝宝出生后一直吃这款奶粉，便便是黄金的，一直在长肉，很好，虽然不好溶解， 但拿勺子搅拌下也能溶解，会继续回购，物流速度也很快。', '爱他美的这款奶粉宝宝喝这很不错，东西质量非常好，与卖家描述的完全一致，非常满意，真的很喜欢，完全超出期望值，发货速度非常快，包装非常仔细、严实，物流公司服务态度很好，运送速度很快，很满意的一次购物。', '爱他美的奶粉(●.●)🍼，吃起来口感很好，东西很喜欢，质量也很好的，这个价格能买到是真的很划算👍宝贝收到了，和实物描述的一样，首先这家，发货速度很快，物美价廉，值得大家放心购买。'],['日期不新鲜虽然没过期', '吃了宝宝便秘，已经换其他喂奶粉了', '大家不要买，吃了拉肚子，涨了一身的痘痘，宝宝也不爱吃，吃一半到一半。', '不能买，不好，不知道是不是真的，沏出来有好多奶块，不能买', '奶粉说的升级，结果气泡多，而且容易结块，孩子喝了以后不好受', '奶粉不好融总是有沉淀。今天看有好多块块没溶我就摇了好久才溶掉然后就发现底部有黑色沉淀物', '奶粉非常多的泡，比洗衣粉还多，然后溶解不了，我不知道京东和京喜有什么脸说是自营正品，相信京东才买，老卓然又容易融又没泡，我不知道是别人技术不过关 还是买的是彻底的假货', '为什么给我发了一罐瘪的。你们是卖尾货 次货的吗？', '差，太差了。紧慎选择这个什京喜破店', '这个店真垃圾，没有售后，联系不到客服，买的奶粉挂壁很严重，找客服找不到没人搭理，卖出去东西就没人管']
64,5万+,500,100+,100+,13,100+,100,['这款臻稚有机系列奶粉等了好久终于有货了，看了日期是2024年3月2号的，日期很新鲜，也不枉费等了这么久，宝贝很爱喝这款。', '已在京东超市多次购买奶粉，每次收货都特别快，前一天下单第二天送达，而且送货上门，非常方便。奶粉很容易溶解，孩子消化吸收好。', '这款奶粉真的太赞了，口感超级好！宝宝爱喝，我也能放心。[花痴]这款奶粉真的太赞了，口感超级好！宝宝爱喝，我也能放心。[花痴]', '飞鹤这款臻稚有机系列奶粉等了好久好久都一直没货，终于等到来货了，日期很新鲜，是2024年3月2日生产的，飞鹤国产奶粉很放心。', '这款奶粉真的很不错！口感清淡，宝宝很喜欢。营养丰富，容易吸收，也不上火。而且品质有保障，让我很放心。推荐给各位宝妈们！！！', '儿子出生就一直喝这个奶粉 体重长的特别好 排便也正常 大罐中罐小罐全买过 都在京东上 特别省心 没有了立马买 跌入就到货', '多次购买了，宝宝喜欢吃得很，母乳都不爱吃😅,旗舰店买的基本都是当月出厂的；,京东自营发货也快，第二天就到了。', '产品很好，是飞鹤有机奶系列的，不甜腻，奶香浓郁，营养表也很优秀，宝宝很喜欢吃，易吸收且不易上火，日期是较新的，物流也很快值得购买。', '我儿子从出生就开始吃的奶粉 有机奶 也一直就是京东上买得 排便正常 吃的挺适应 体重也涨的挺好 京东上买得放心 到货速度快', '宝宝从出生开始就喝飞鹤这款臻稚有机系列婴儿奶粉，没有出现厌奶情况，之前一直买的是新生儿礼盒活动那款，但是现在没有了，很新鲜。'],['罐子都变形了，还往外发', '孩子不爱吃，吃了就往出吐', '送的东西没有收到货，却已签收', '有奶粉没勺子，等了两天还是没发货。真是服气了。', '收到产品时没有奶粉勺，在这里买奶粉的朋友记得自己准备个勺子喔', '宝宝吃了拉绿便，不适合我家宝宝', '想退货无法退货，客服不理…请商家给予帮助。', '日期是去年的，不满意！店里去年的都搞特价了！不愿意买', '没配有勺子说一声啊，大半夜的叫我去哪里找？', '多次购买，这次竟然这样，唉']
65,2000+,67,0,7,200,2,4,['不得不说，这款奶粉的配方真的真的很好！！！全是二段奶粉的上等奶粉了。真的是千挑万选选了这款奶粉，当时也是正在因为选哪款奶粉头', '收到货后，第一时间打开包装，感觉质量还是比较好的，与卖家描述的还是一致的，挺满意的，个人真的很喜欢，完全超出我的期望值。', '这款奶粉，好溶解，好消化吸收，日期也很新鲜，是正品，营养全面，刚出生的宝宝非常适合，关键是这小罐真的便宜，比大罐便宜多了，真的很实惠。', '奶粉收到了，虽然只有一百多克，但是还是用罐子装好了，奶粉里面还带了一把勺子，使用起来就方便了。奶粉的颜色是黄色的，奶味还是挺浓郁的，我一般是三十毫升的水泡一勺的奶粉，奶粉的溶解性还是挺好的，不用特意搅拌，直接盖好盖子晃动奶瓶几下奶粉就完全泡好了。在母乳不够的时候泡点奶粉，宝宝很喜欢吃。', '奶粉不会挂壁，也很好溶解，我家小宝贝吸收应该也还可以，粑粑是正常的，小瓶装的出门就很适合，不用另外分装', '相信京东，奶粉味道不错，京东线上购买方便快捷，就是京东自营买的放心，产品质量有保障买的安心，基本上家里用的吃的都是在京东线上采购，真的是太方便了，偶尔遇到问题售后解决问题也是很快捷。', '实用性和颜值都非常的赞，我很喜欢，还会再来买的完美，产品很惊艳，性价比合适，希望用的长久！完美，产品很惊艳，性价比合适，希望用的长久！', '这款伊利奶粉挺不错的，正品可溯源，营养配方也很好，小月龄宝宝喝了很吸收，比较清淡不便秘，已经推荐给好友了。 正品验证：是正品,营养配方：营养丰富,消化吸收：好消化 易吸收,清火功效：不上火,溶解性：非常好溶解,其他特色：宝宝一直食用', '看起来不是很大的，孕妇专用的乳头霜，刚刚生完娃儿用比较好，刚开始乳头发紧，发涨，疼的朋友可以选择用，淡淡的清香味，抹后非常滋润，乳头不紧不疼。没有什么副作用，用着安全放心。帕玛氏老牌子了，一开始是同事推荐使用的，就买了，也不贵。', '这是一个好评模板。因为本大佬很懒不想每个产品都写好评所以特地写下这个模板，以前不知道~评论可以涨积分，现在才知道好评的重要性，妥妥的每条都来评论下，赚积分，下次还能抵现金用。评论80个字以上，可以得到20个京豆，我无论买什么东西都会把这个段话复制粘贴下凑够字数。这是w次在网上买东西了，东西便宜而且质量好，物美价廉，买的放心，用的开心，感觉都买上瘾了，买买买，根本停不下来，东西品种多而且又特别全，划算方便，而且实惠，包装很好，而且没有任何损坏，会一直支持下去的，服务还可以一超级好用，好评'],['不送货上门，虚假签收，一直没人处理。', '生产日期不满意，十一月底买的发7月初生产的？。。。卖不出去了吗发库存货！', '快递给我放在哪的都没给我打电话，我到今天都没收到，我晕死', '日期为去年七月份的，打开奶粉表面有结块的情况，不敢给小孩喝。']
66,1万+,500,20+,8,1000,7,7,['用了很久这款奶粉，营养配比合理，奶源地有保障，冲调性非常好，宝宝喝了吸收也挺好的，便便什么的都很正常，性价比非常高的一款奶粉。', '姐姐打算断奶的时候，一次无意的逛街让我了解到了惠氏铂臻这款奶粉。刚好领了试用，发现口味清单，姐姐也愿意接受，没有宝宝上火便秘问题。后来弟弟也一直喝这款了！最主要的就是这款性价比这么高的奶粉它的价格是很亲民的！！', '奶粉是正品。已经回购很多次了。小桶比大桶便宜。而且送货速度也很快。容易冲泡。不会起沫。营养均衡，利于消化吸收，整体不错。', '奶粉日期很新鲜，奶粉也很好喝哦而且营养很高，有营养，喝着放心爱心口感味道好,主要是他们家很专业。毕竟很多育儿评测都说他们好,适合孩子,不占地方。', '铂臻3段奶粉是我家宝宝一直在喝的一款奶粉。从宝宝1岁多开始，我们就选择了这款奶粉，一直喝到现在。首先，这款奶粉的口感很好，宝宝很喜欢喝，每次都能一口气喝完整整一瓶。其次，铂臻3段奶粉的营养成分很全面，涵盖了宝宝所需的各种维生素和矿物质，让我们很放心。另外，宝宝的身体状况也一直很好，没有出现任何不良反应。总的来说，铂臻3段奶粉是一款值得信赖的奶粉，我会继续给宝宝选择这款奶粉。', '很好 没有很甜 口味非常非常清淡，稍微有点结块，溶解还不错，日期也非常非常非常非常新鲜，没有额外加糖 ，粉质非常的细腻，松散', '奶粉已经回购很多次了，孩子很奶喝，而且又营养，利于孩子的消化吸收，而且不上火，小桶比大桶更加优惠，发货快送货速度快，整体很好。', '嘻嘻!开始我原以为质量是一般般的,想不到拿到手上后的感觉就是不一样,坠坠的,有点沉.当初的凝虑没有了,真是太开心了!在这店里购物就是一种享受,很值得购买....哈哈!又一次淘到好东西了...好评,绝对的好评!下次再来，介绍倾情的同事朋友来购买,希望老板能便宜一点，真是太有魅力太显修身了,走在大街上回头率超多啊。', '三段还是屯回了惠氏的奶粉，新国标没有了香兰素等各种爹妈敏感的添加物质，非常友好。营养成分均衡，消化吸收不错，宝宝吃了也不上火 。', '这款奶粉非常不错，已经回购很多次了，容易冲泡不起墨，价格比大桶要便宜，但是每个月只能限购一桶，京东自营是正品，营养均衡。'],['奶粉结块，根本冲不开，孩子喝完还拉肚子', '这个水量配比很奇怪，不能勺子做大一点吗？,210➗8=26.25', '非常不好溶解，每次都很多黏奶瓶上，很难洗！给大宝喝了', '包装垃圾，不好，商家太能糊弄了', '此用户未填写评价内容']
67,2万+,500,50+,70+,3800,30+,60,['儿子爱喝，质量非常好，与卖家描述的完全一致，非常满意，真的很喜欢，完全超出期望值，发货速度非常快，包装非常仔细、严实，物流公司服务态度很好，运送速度很快，很满意的一次购物。我觉得挺好的，买的时候看见评论里都说好就买了，看到发货的时候挺激动的，到了之后，满怀期待一激动得从快递员那里拿回了家，而且客服小姐姐也特别的好，很有礼貌，客服小姐姐也是秒回我的疑问呢，嘻嘻，下次还会回购哒。', '宝宝不怎么长肉，在朋友的推荐下买了爱他美蓝罐，抱着试试的心态，但是真的没有失望呀！营养全面，颜值高，宝宝没有抗拒很自然的接受了这款奶粉，好开心呀！', '之前都是线下买的这次线上一次性囤够，之前从别的奶粉换过来孩子也没有抵触，没有腥味，客服态度很好，主要是性价比很高，适合囤货', '大宝喝奇迹蓝罐，小宝牛奶过敏，喝了半年纽康特成功转了奇迹白罐。有活动囤还比较划算，送的露营车和滑步车两个娃很爱玩。', '宝宝从出生就喝的爱他美的奶粉，这次3段选的蓝罐，蓝罐适合乐动宝宝，吃了长肉长个，而且还有益生元等，比较好消化，加上抵抗力，喝了宝宝的抵抗力真的变好了太多了。', '相比于2段略微腥一点，但孩子还可以接受，比起白金版贵一些，但是比绿罐也便宜些，总的来说性价比还可以。主要是换着喝，会回购。', '宝宝一直喝这款奶粉，喝得还是蛮好的，每天大便正常，一罐可以喝一个星期左右，喝的快，经常购买，物流速度也快', '我家宝宝换了好多奶粉后只有这个牌子喝着效果好，之前喝的是绿罐，气色都变白不少，但是感觉不长肉白，换了这个蓝罐，脸确实也胖了点，爱他美真的很适合肠胃不好爱挑剔的宝宝', '喝过一次就一直回购的款 家里小朋友之前皮肤一直有些过敏 换到这个奶粉以后 就明显好很多 感觉对轻微过敏的宝宝会有帮助', '宝宝很爱喝。趁双十一活动买的，比平时买划算。奇迹蓝罐富含的营养非常适合宝宝。特别看中里面的HMO成分。领燿有点贵，所以入手的蓝罐。奶粉日期非常新鲜。目前宝宝一岁多，每个月四罐奶粉，算好的，正好能等6.18活动再囤货。'],['不好，咸咸的，小孩都不吃', '2021.8.2到期，要囤货的妈妈慎重', '没有溯源，二维码扫不出来，无法验证真假', '贵。天猫才99.9，而且包装比这个好。', '都不是说新鲜日期吗？都过了一年了！！！', '赠的京东会员码被人用了', '保质期540天？！都出来一年了！因为活动？所以包装这么简陋？！！', '一次比一次包装简陋，直接连气泡袋都没有就一个薄薄的纸箱。日期么永远就一个2020年2月1号的，每次就发新鲜的都不发', '东西还行，就是买完第二天送100京东卡，也不支持退换货，垃圾，价格虚标悬殊', '拜托能不能不要再给我发2月 1号的日期的了，都结块的了，买了半年了都只有这个日期饿也是服了']
68,5000+,500,7,9,500,7,7,['是正品，比线下划算，娃娃之前喝的飞鹤，不怎么长肉也不长个，纠结了很久，多方面对比，终于选择了这款，对比派星多了乳铁蛋白，不甜腻，也不腥，孩子还是很爱喝的，感觉比飞鹤的长肉一些，希望身高也多长点。奶粉确实没飞鹤的好摇，摇奶器摇五分钟才摇匀。', '这个品牌活动力度还是挺大的，就迅速购入了，一罐付款之后，次日就送到了家门口快递很迅速日期也很好，喝这个奶粉宝宝少生病，妈妈很安心，希望还能有这个活动，以后会继续买的，推荐大家购买', '物流很快，宝宝喜欢喝，就是看奶粉的乳铁蛋白含量高才选择这款奶粉了，宝宝抵抗力杠杠的，当父母的少操心，对奶粉很满意，相信品牌。', '这个合生元派星天呵系列的奶粉品质和奶源都很好，宝宝很爱喝，配方均衡营养也很全面，而且还含乳铁蛋白，防护力也是非常不错，好评～', '宝宝一直喝这款奶粉，比较爱喝，不上火。京东活动又买了一罐，京东价格超级给力！快递服务一如既往地好，以后会继续支持京东，祝京东越做越好！', '趁着优惠，赶紧入手，是正品，包装也非常的好，没有破损，质量也是没得说，棒👍真的推荐啊，快递速度特别的快，爱了爱了(*^__^*)非常满意的一次购物，物有所值，比实体店里实惠多了！在这里选购安全方便快捷💜，快递小哥态度非常好，这个价格非常给力💪，十分推荐，会继续回购', '发货很快，已经收到货了，商品和描述的差不多！没问题，关键价格也合适，在这里买还是很放心的，好评!包装好，物流快，价格实惠，比实体店便宜多了，这个商品真的很好!外观精美，卖家的服务态度也很好让我购物无忧。', '乳铁蛋白乳桥蛋白双蛋白更好哦，我发现这款奶粉的口感非常好，不会有甜腻感，宝宝很喜欢喝。同时，它的质地也很细腻，易于溶解，不会形成结块。', '收到商品后，我非常满意，首先商品的质量超出了我的预期，与卖家描述的一致，没有发现任何瑕疵。其次，物流配送迅速，快递员\ue641的服务态度也很好，整个购物过程非常顺利。最后，商品的价格实惠，性价比高，是我购物以来最满意的一次体验。希望卖家生意兴隆，我会推荐给我的朋友，也期待下次再次光顾。', '两个宝宝一直用这个牌子，大品牌值得信赖，京东物流很快今天下单明天到，客服态度很好，奶粉没那么甜，宝宝喝了不会上火，包装很好，小瓶优惠大，大家伙值得购买'],['新国标国产的派星不好，奶粉根本摇不开', '溶解性差，宝宝吃了容易便秘', '这款奶粉不行，皮肤过敏，给宝宝喂了一次就过敏了，皮肤起了红疹，我还拍了照片，反正不敢喂了。', '一直喝派星，第一次差评，但是这个新版天呵 太差了，不好溶解 挂壁严重，严重到喂个奶粉都能把奶嘴堵了', '不是进口的，是长沙生产的，次法国原罐的差多了，结了一坨一坨的，把吸管都堵了。不会再买这款。', '此用户未及时填写评价内容', '差评']
69,20万+,500,1200+,1200+,14,500+,600,['闺女之前蛋白过敏，一直没有尝试过奶粉，到十个月才开始加的奶粉。朋友推荐金领冠珍护身边，好多朋友都在吃这款奶粉，一开始抱着试试的心态买了一小罐不过敏，然后就开始一大罐一大罐的买，现在都已经吃了四五罐了。很好，国民品牌值得信赖', '宝宝出生第一口奶粉就喝的金领冠珍护，中间纯母乳喂养，七个半月开始了奶粉依然选择了珍护，因为我家宝宝喝着吸收消化都很好，三段还是决定选择珍护。', '小宝贝从小就喝金领冠珍护，好吸收，腥味不重,物流很快，质感很好，很漂亮，很喜欢不太爱评价，但这个是真的棒！质量很好，做工细致，包裹很严实，快递服务态度好，绝对好评！', '伊利金领冠奶粉是一款优质的婴幼儿奶粉，它以其天然牧场的优质奶源和先进的生产工艺，为宝宝提供了丰富的营养。很多家长反映，使用金领冠奶粉后，宝宝的免疫力得到了显著提高，便便也变得更加规律。奶粉口感清淡，宝宝很喜欢，而且里面含有益生菌和益生元，有助于宝宝的肠道健康。总的来说，伊利金领冠奶粉是一款值得信赖的高品质奶粉。', '孩子一直选的金领冠珍护这款奶粉，宝宝吃起来不错，吸收消化不错，已经吃了好几罐了，下次我还会买，很不错！每次生产日期很深！下单送货速度很快，非常感谢京东小哥！', '二段开始转的这个奶粉，宝宝接受的也很快，溶水性不错，泡好以后基本没有颗粒感。升级以后都是A2奶源，宝宝吃着也放心，选择购买也更方便。', '这款金领冠珍护奶粉的奶源、营养与配方是比较好的，尤其是益生元、OPO和益生菌的三重搭配很好，有助于宝宝的胃肠道健康。有特价赶快下单购买。希望宝宝健康长大', '宝宝妈妈从怀孕开始就喝金领冠奶粉，宝宝出生非常健康，所以后面给宝宝买奶粉也是买金领冠的，喝现在这个珍护长得很快，身高和体重都非常不错', '家里宝宝妈妈从怀孕开始一直喝的这款金领冠奶粉，妈妈和宝宝都非常健康，宝宝出生之后也喝的金领冠奶粉，目前宝宝的身高和体重都非常不错', '口感味道口感味道日期非常新鲜的日期！吃完还会继续回购会一直回购下去的一款奶粉孩子迫不及待的打开了说很好喝，而且是高钙的包装品质包装非常好，很不错，服务一如既往的优。继续给店家五星优评。会回购的，没有很腥的奶味，很合我的口味'],['快递不送上门不打电话', '日期不新鲜,娃都不爱吃感觉好假', '买过就降价几百块不爽', '这家奶粉是假的吧，买回来孩子不好好吃。', '随机发货新老配方奶源不一样', '这次买的奶粉不好冲散', '我本人的京东账号被盗用 这些物品全都不是我本人买的', '包装和以前不一样了是秒杀的原因', '现在都8月了 购买的奶粉生产日期是3月的', '怎么有杂质，是必须还是无意？']
70,2000+,163,0,5,200,1,2,['非常满意，适合我家宝宝的就是最好的！自己和家人本身爱喝羊奶粉，所以宝宝出生也给他准备了这个，满意，孩子也长肉，囤了不少呢', '奶粉收到了，物流很快，宝贝很喜欢喝，一直在这家店买，吸收比平时要便宜，囤了不少，特别特别满意👍，超级好看😍，客服很有礼貌，很客气，良心商家，支持！', '第三次购买了，非常好的一款奶粉！宝宝喝了非常好吸收消化，推荐大家购买一款。优惠活动买的，很实惠。 这个商品的质量真的很好！外观精美，手感舒适，使用起来非常顺手。卖家的服务态度也很好，让我购物无忧。', '商品收到咯，特别喜欢，一收到就迫不及待地打开了，家人也很满意，这次购物体验不错，非常不错，多次购买了，东西很棒，发货快，物流不错，送货上门，快递没得说!价格也实惠，还会回购的。质量还可以，价格有点贵，如果～大点就好了商品收到略，特别喜欢，一收到就迫不及待地打开了，家人也很满意，这次购物体验不错早上下单，晚上到货，强大的物流体系。产品性价比很高，快递小哥也很不错，提前联系送货上门，一百个赞!现在东西基本都在这买，已经成为习贯了，又快又方便，服务还好，价格很实惠价格刚刚好，发货很快，做活动买的很划算，经常做活动，比在实体店买的还便宜，以后做活动了还要继续买', '悠滋小羊，宝宝出生到现在都在吃，吃了长肉肉不拉肚子，MM就放心。如果多点活动就好了，可以多买点囤着，毕竟这个属于快消了…', '超级超级喜欢这款奶粉，宝宝出生到现在用的这款，没失望，朋友推荐的，非常满意，已经买两瓶大罐的了，不便秘，不上火，宝宝喜欢这个奶香味的奶粉。很难得', '价格实惠，经典好喝，买给小朋友喝，放心～已经第三次购买了，活动时间买的非常实惠，小朋友喝了不热气，真的很好的一款奶粉，快递也非常快！', '悠滋小羊 口感香醇，营养配方全面,羊奶分子小 好消化，易吸收 宝宝胖胖哒,不上火 大便一直刚刚好 从小一直喝,溶解性也好，轻松一晃就行了,伊利的大品牌 品质保证 有宝宝的可以入手试试看咯', '又一次回购这款悠滋小羊了，这是朋友推荐的，小小一罐，羊奶粉好吸收，就是价格有点贵啊，奶味很纯正，我自己闻了一下，真的好闻。,原先是纯母乳喂养的，后期添加了一点奶粉，宝宝不会吸奶嘴，愁人，不爱吃奶粉的崽', '是正品 这款产品不仅粉质细腻 而且比较好吸收,营养配方也比较全面 宝宝吃了不上火,溶解性也好 小罐的优惠力度比较大,很划算 喜欢的姐妹冲冲冲'],['不能因为便宜是试用装连勺子都不放，拿另一个号下单也是勺子都没有', '溶解性：不知道是不是真的，不好溶解，结块严重，给宝宝待产用的，注意吧']
71,5000+,500,3,1,400,3,2,['很快就摇匀了，国产老品牌值得购买。宝宝也爱吃。保单合计小舅舅顶焦度计你的爸爸对不对吧继续进行舅舅的保单不好的就直接你想不想爸爸想', '宝贝收到了，很不错，小罐装的很划算，出门携带也方便，之前都是在实体店买的，网上买的查了是正品，价格实惠，飞鹤的奶粉宝宝喝了不上火，易吸收。', '小小的一罐子很方便 可以外出携带 送了一个小勺子 一直喝的星飞帆奶粉 宝宝爱喝 价格也很实惠 是正品的 喜欢的可以入手', '没想到这么快就到了，尺寸正好，老板态度很好，非常愉快的一次购物。掌柜的服务态度真好，发货很快。宝贝质量也相当不错。太喜欢了，谢谢！', '正品验证：扫了二维码，是正品，后面准备在飞鹤旗舰店长期复购大罐,消化吸收：孩子很喜欢，吸收好，而且吃这个奶粉不便秘,溶解性：50度的水冲泡，不需要摇奶器，很容易就化开了,其他特色：1.飞鹤国民大牌，值得信赖 2.设计小罐，中罐，大罐，不同规格，满足多种出行需求，宝妈的福音', '收到货了，老大就喝的飞鹤，相信国产品牌！！！这种试用装特别方面，适合母乳喂养的，突发情况可以给你孩子喝，大罐的打开喝不完就不能喝了', '非常非常满意的一次购物 京东自营商品有保障 大品牌值得信顾殘子-一直2的这也快 推荐购买。,正品验证：是正品,营养配方：很有营养,消化吸收：容易消化和吸收,清火功效：不上火,溶解性：溶解性好', '身边的朋友喝的都是飞鹤奶粉，后面自己也了解了一下飞鹤有自己的奶源工厂是中国第一大奶源出产地宝宝都爱喝宝妈都放心，我们周围的朋友都非常相信飞鹤奶粉', '在这款奶粉的帮助下，我的宝宝发育得非常健康，这让我非常感激。它的好评评语是：高品质、营养均衡、口感优良、性价比高，绝对值得您的信赖！', '星飞帆，值得购买，特别好，孩子吃的白白胖胖的，小罐的真的特别棒，值得购买，物美价廉，我会一如既往的购买，希望多做活动，哈哈哈'],['说买正装就送试用装，**来的，1段奶粉不算正装难道都是试用品，套路你买2/3段才送，坑人']
72,10万+,500,6,50+,7200,20+,9,['奶粉五星好评呢，粉质非常的细腻，冲泡均匀细腻，溶解性很好，宝宝爱喝的不得了，消化吸收的也很棒，清火功效也很好，从来不上火，价格也很合适，直营有保障', '京东的忠实粉丝，每年从京东采购很多东西，家电，食品，家居，百货，文具，真是京东的常客，京东买东西咱要的就是质量好，送货快，成了plus退货还方便，每年还能省不少钱，所以在京东买东西得路会越来越长，这个宝贝质量真好，快递员送货上门，少了很多麻烦，下次再买。', '这款奶粉真的非常棒！它的口感很好，奶香浓郁，宝宝很喜欢喝。而且，它的营养成分也很丰富，能够满足宝宝的生长发育需求。我还特别喜欢它的包装设计，方便储存和使用。总之，这款奶粉是我用过最好的之一，强烈推荐给其**妈们！👍👍👍', '奶粉很好，粉质非常细腻，冲泡的也很均匀，直营的很放心，消化吸收也非常好，好喝不上火，宝宝很爱喝，主要还是经济实惠', '优质的奶源，纯正的品质，价格实惠容易接受，是近期生产的产品性价比还是很高的，容易冲泡易吸收，用起来很方便，这次京东做了活动多买了两罐，值得入手哦', '买了很多诠臻爱奶粉，这次做活动又买了一些，包装的很好而且还送货上门我很满意，都是全新的优质产品，验证了宝贝是正品，容易冲泡还易吸收，清热去火，居家必备品', '哈哈哈，优质的奶源纯正价格实惠，京东物流送货上门我很满意，诠臻爱老品牌了又营养又好吸收消化，验证了底部的溯源码是正品，容易冲泡易溶解，特别适合宝宝喝。', '京东的物流就是快！宝宝很爱喝这款诠臻爱，配方很好，营养全面，自有牧场，新鲜有保障，而且可以扫罐底二维码，完成追溯，验证正品特别放心。', '这款婴幼儿二段奶粉是宝宝成长的好伙伴。它的配方科学，营养均衡，口感细腻，易于消化吸收。每一罐都经过严格的质量控制，确保安全和健康。宝宝喝了后，身体更加强壮，免疫力提高，让妈妈放心。', '性价比非常高🍀，可以放心购买👍，做工非常精致🌈，值得购买😜！是理想中的产品💖，质量不错，物流也很快，值得点赞！宝贝与描述基本一致，发货很快，值得一买'],['为啥京东自营不送上门？快递打电话给我放驿站我问他是不是京东自营他说不知道，就要直接放驿站', '为啥京东自营不送上门？快递打电话给我放驿站我问他是不是京东自营他说不知道，就要直接放驿站', '盖子打开就盖不住，售后也超级#，京东所谓的价保都是垃圾', '此用户未填写评价内容', '此用户未填写评价内容']
73,0,3,0,0,0,0,0,None,None
74,2万+,500,80+,50+,7000,50+,50,['两个小宝宝出生一个月后就开始吃悦源一段，味道不错，小宝宝们很喜欢喝,营养配方：营养比较全面，丰富。适合我家的小宝宝们', '我家宝宝吃了几桶皇家美素力了，身高和体重长得都很不错。无意间看到了这款奶粉，和皇家是同一个生产厂家，奶源也都是荷兰的，大品牌更放心，吃完了换这款试试，如果长肉啥的不错还会继续回购！好评', '溶解性还可以的，宝宝也还喜欢喝。宝宝喝的，正品非常重要，认准旗舰店购买的。京东快递也是很快的。这个奶粉购买了很多次了。很快就要买二段的了。', '发货快，很快收到货，官方正品，大品牌值得信赖，宝宝一直喝这款奶粉，宝宝很喜欢喝，营养好吸收，消化快，溶解快，会继续回购。', '美素力源悦1段真的挺不错，宝宝出生后，肠胃不好，拉肚子，找了多款奶粉，只有这款效果最好，到现在一直在用，调理宝宝肠胃真的很不错，推荐宝宝肠胃需要的可以购买', '已经买了好几次了，宝宝吃着还不错。口味不会太甜。大品牌，质量有保证。大宝就是喝得这个牌子的奶粉。京东物流非常快，今天下单，明天就到了，非常方便。', '大品牌值得信赖！小孩子的健康毕竟不能马虎，所以必须京东超市，大平台质量有保障。,送货速度快送货上门，包装的非常严实没有任何挤压磕碰。,给送货小哥大大的赞！', '作为一款全面营养的奶粉，源悦提供了宝宝成长所需的各种营养。宝宝喝完后精神状态很好，睡眠质量也有所改善。,我的宝宝本来比较容易有消化问题，但是自从喝了源悦奶粉后，情况有所改善，没有再出现肚子胀气等问题。', '包装完好，物流很快！宝宝👶🏻从出生一直喝的这个，没有什么不适的，身体一直不错！因为中间差一点断货，所以每次都是两大瓶囤起。非常满意的一次购物！', '日期很新鲜，包装精美，价格还可以，比超市卖便宜10块钱💰，我们家大宝也是喝美素佳儿长大的，二宝还是喝这款，性价比很高，各大宝妈的放心之选。京东自营物流送货速度快，赞赞赞赞赞赞赞赞赞赞赞赞赞赞赞👍🏻👍🏻👍🏻👍🏻'],['奶粉里面有虫子谨慎购买', '奶粉里面有虫子，谨慎购买', '奶粉里面有虫子，谨慎购买', '奶粉里面有虫子，谨慎购买', '第二次看到异物了，已经换奶粉了', '这次买的奶粉冲不开，还有小粒粒', '客服态度好差，没人处理问题', '下面结块，小孩吃了拉肚子', '日期是去年的，盖子开几次就脱落了', '产品有问题，希望大家别买。奶粉里面有脏东西']
75,2万+,500,8,30+,1800,9,50,['一直在京东上购买这款奶粉，扫码了确定是正品。不得不说，这款奶粉性价比非常高，蛮适合中国宝宝体质，体重长的好，身高长的快，溶解好。', '换到a2奶粉后，宝贝现在每天喝奶量都很稳定，早晨起来一顿，上午晒太阳回来一顿，晚饭前一顿，睡前还有一顿，每次喝基本都一口气喝掉，真的很省妈；a2的溶解性很好，每次边往里舀奶粉边晃瓶子，基本晃十几下奶粉溶解就很好了。,这款奶粉宝宝吸收很好，断母乳后，这两个月宝宝体重增长不少，这款也是身边好姐妹推荐我们的，感谢a2至初带给宝宝的呵护❤️💕🎉', '我们宝宝混合喂养，一直喝这款紫白金，长肉但并没有很胖，都在标准范围内。不上火，好吸收，不追求乳铁蛋白这款性价比超级高。还会继续购买的，送货快，日期新鲜，很好', '已经是第二次购买了，朋友推荐的说她家小孩都是喝的这个，我就买了，已经喝完一罐了，很不错，小孩喝这个奶粉有长胖。比实体店便宜。', '非常好，孩子已经吃到三岁了，黄澄澄的奶粉，而且溶解也很快，价格也实惠，一点都不贵，孩子吃完身体棒棒哒，而且从来不拉肚子，真的是值得推荐的好产品', '奶粉收到了，看着挺好的一直给小孩喝这个奶粉，相信京东自营，这个奶粉在销售榜上排名靠前，性价比很高宝宝吃的也挺好，会一直吃这个奶粉。', '我家孩子从出生就开始喝这款，之所以选这个是,亲戚介绍的，又综合了网上的反馈。另外，从京,东购买应该会靠谱些。那个蛋白的营养比较丰富。', '正品验证：这款奶粉的每个罐子上都有二维码，可以扫码溯源，划开罐子盖上的涂层，输入下面的码还可以看到进口的报关信息，包括进口商，报关地，验证的次数等等。最怕就是花了冤枉钱给孩子买了假货，毕竟是宝宝吃进嘴里的东西。很安心。,营养配方：新西兰的奶源，性价比很高，营养全面', '质量非常好,与卖家描述的完全一致, 真的很喜欢,完全超出期望值,发货速 度非常快,包装非常仔细、严实,物流公司服务态度很好,运送速度很快,很满意的一次购物质量很好, 希望更多的朋友信赖. 店主态度特好, 我会再次光顾的好卖家 赞，发货迅速，态度很好，很满意！很好很好！网上购物这么激烈，没想到店家的服务这么好，商品质量好而价低廉， 很热情的卖家，下次还来希望下次还有机会合作祝你生意兴隆质量非常好，出乎我的意料包装非常仔细。下次有机会再找你，店家人蛮好的，东东很不错,淘到心意的宝贝是一件让人很开心的事，比心，质量非常好,与卖家描述的完全一致, 真的很喜欢,完全超出期望值,发货速 度非常快,包装非常仔细、严实,物流公司服务态度很好,运送速度很快', '孩子现在已经上幼儿园了，从出生时就一直喝这个品牌的奶粉，奶粉很是细腻，口感特别纯正，孩子也爱喝。推荐给朋友她家娃也换成喝这个品牌啦！性价比超高，营养配方好，值得入手！'],['这都是半年以上的日期', '说是有赠品，打哈哈，没有赠品，就是跟你说送完了 千万别信', '不易消化，溶解不好，吃完再来买。', '有没有哪位知道里面黑色的是什么', '商品未寄到，要求退款，商家不让退款非要求收货后扣除运费和税费', '确认收货后，礼品就没了。让我晒单好评以后再帮我申请礼品，满满的套路😂', '奶粉里有黑色的东西，商家和京东客服一致认为是焦糖，属于正常，可以退货，大家遇到过吗？可以进来聊聊', '溶解性不好，每次冲奶粉都有溶解不了的奶粉在瓶子里，怀疑产品质量，', '奶粉里面有褐色硬颗粒，在其他地方买的没见过，这里的一罐里面好几个', '产品没啥问题，就是很死板，不支持7天无理由退换货，就算是你放到快递柜也白搭，只要快递显示签收就不能退。希望广大网友注意不要退货']
76,50万+,500,2400+,2100+,25,800+,800,['消化吸收特别好奶粉好溶解，喝了也不会上火这款奶粉真不错容易消化，我家宝宝吸收也很好，奶粉正品保证方便快捷我家宝宝喝了这款奶粉，吃饭吃的好睡的香营养配方很全，味道不错宝宝很喜欢吃，吃完再来性价比很高的一款奶粉日期也新', '奶粉新鲜日期，宝宝喝了不上火！扫码了是正品！发货很快！宝宝很容易吸收，易消化，性价比超高！谢娜张杰代言，国产大品牌值得信赖.', '我对孩子的营养需求非常重视，所以选择了这款奶粉。在使用过程中，我发现伊利金领冠儿童配方奶粉口感细腻，不粘腻，孩子很喜欢喝。而且这款奶粉添加了多种营养元素， opo 、 a + b 、 DHA 、铁、锌等，有助于孩子的生长发育。伊利金领冠儿童配方奶粉的包装设计很方便，易于保存，非常方便快捷。总的来说，我对伊利金领冠儿童配方奶粉的购买体验非常满意。它不仅口感好，营养丰富，而且方便快捷，是我给孩子选择的一款优质奶粉。', '营养配方：金领冠育护第三段奶粉营养配方很全面，含有 五倍的DHA。,消化吸收：宝宝喝了第五罐了，消化挺好的,溶解性：金领冠育护奶粉溶解性很好没有挂壁的现象。', '才知道好评的重要性。这个福利实在是太厉害,了，妥妥的每条都来评论下，赚积分，下次还,能抵现金用。评论80字以上，可以得到 50积,分。从此我无论买什么东西，都会把这段话复,制黏贴下凑够字数，然后再填写商品的评论，,东西非常好，是正品，包装用心，买回来-,忘记评论，不好意思，本来这个价格没抱很大,希望，收到时候发现质量出乎意料的好，和图,片描述一致，超级划算，性价比也很高，质量,也好，在别的地方看很贵，在这看，还可以,出乎意料，以后还在这家买，也推荐给朋友,了，店家态度好，不懂的都会细心回复，第-,次在平台上买到质量又好又实惠的东西，现在,推荐给了朋友，好东西买的人自然多。', '收到啦，很不错，非常喜欢，值得购买，(*^__^*) 嘻嘻……很好看，制作工艺很精美，材质也很好！给个赞！东西比我想象中的还要完美，十分给力，值得入手材质结实，手感好，很得劲，物流也快，性价比很高，值得购买不得不赞，质量真的好，包装物流也不错。真心喜欢，入手后不会让你后悔的！这个是真的好，材料和做工都特别精致，做工真的非常棒，我觉着我可以推荐给我朋友买挺好的，和想象中一样，随意搭都很好看，满意！实用性和颜值都非常的赞，我很喜欢，还会再来买的质量非常好，非常满意的一次购物。客服有问必答，非常专业收到货后试了一下，很不错，质量很好，值得拥有！五星好评！', '奶粉的品质确实让人放心，宝宝喝了之后吸收很好，便便也很规律，体重增长也符合正常范围。而且粉质细腻，冲调起来很容易，不会结块。作为家长，选择这款奶粉真的很安心。', '这款奶粉日期新鲜，防伪码清晰，正品有保证，包装完好，价格实惠，性价比很高，小朋友爱喝，好消化好吸收，溶解性也比较好，值得购买！', '回购了很多的这款奶粉，宝宝喝着很放心，宝宝消化吸收很好，长得不错，吃嘛嘛香，还会继续回购，袋装出门也很方便携带。', '奶粉已经复购好多次了，宝宝很爱喝，淡淡奶香味儿，很容易冲泡溶解，宝宝吸收也不错，在自营店买物流速度相当的快，下单一般第二天就收到了'],['买完了，就便宜 每次都有多花很多钱。', '套路深双11预售也不便宜', '感觉比美赞臣差太多了。没点奶味。', '赠品不送，奶粉也不好，质量也不行', '这奶粉不好宝宝喝了会不舒服', '买完了就降价，可以保价吗？不给保价就投诉。', '这家店面全是套路，虚假价格，大家不要相信', '不好宝宝吃了会拉肚子', '外面的盖子上一层灰啊，老板。', '积分兑换不了，不确定真假']
77,200+,195,0,0,40,0,0,['一段开始一直喝佳贝艾特，大品牌，用起来很放心，宝宝非常爱喝，不上火，营养很丰富，质量非常好，赶上活动购买非常的划算，客服真的很不错哦～', '佳贝艾特这款羊奶粉品质非常出色,口感相当的好,而且泡起来特别容易溶解,吃完之后大便也非常正常,不像牛奶粉那样容易发热,溶解性真的非常好', '一直都喝佳贝艾特！营养好容易吸收 家里两个宝贝喝的很快 还好商城不定时都有活动', '一直课的这款奶粉，宝宝很喜欢', '小分子，好吸收，宝宝超喜欢', '很好，一直吃悦白，盒装的很划算。', '发货快，物流给力，很满意', '无限回购了，宝宝很爱喝。', '佳贝艾特的羊奶粉，小朋友从生下来就开始吃这款奶粉，母乳不够吃，搭配着，后面直接吃这款奶粉，不上火，不积食，大人放心，小孩舒心，好奶粉。同时也要给京东调研，早上下单下午送到，一点都不耽搁事，京东加油。', '消化吸收：消化吸收挺好。,清火功效：娃吃了不上火也没有便秘得情况。,溶解性：易于溶解，水温不用太高就可以划掉了。奶瓶在多多转几十下就可以完全溶解了。,其他特色：试用装价格合适。'],None
78,50万+,500,1100+,2100+,34,1300+,1400,['京东快递确实很快，第二天就到了，第二次在京东买奶粉了，传说京东自营的奶粉质量时好时坏，随机看运气的，我也不太清楚，上一次买的感觉还不错，希望这次也令人满意吧！崽崽喝过之后再来追评吧。', '网上看澳爱配方不错，给二岁+宝宝买的。宝宝吃的还可以。但是这个勺子的设计简直不合理，也不配个多余的勺子，还得翻半天。希望能改改。', '首先我们考虑的是正品，奶粉罐上有扫码查询，所以不用担心。打开奶粉罐，有一股淡淡的清香，奶粉细腻，尝一口微甜，宝宝喝了快半罐才来评价，不上火，宝贝很喜欢。溶解度也很不错。下次还会继续购买。 卖家的服务真是一级棒！他们对待顾客非常友好，给予了专业的建议。物流速度也很快，让我很快就收到了商品。', '这款是第一次买的，做工不错，希望价格能够再降点，成本压低，让客户实惠，不错，质量过关，京东自营出品真心放心，希望下次再回购，京东老客户了，认为用料很重要', '日期比较新，价格相对母婴店里便宜很多。一直都是这个价格，一直都在这家买。正品。京东物流速度快，可以配送到门口。宝宝一直爱喝。都2周岁了，还是买3段给她喝。,消化吸收：没有便秘的情况。吸收还可以。长得比同龄高。', '一直在这购买，质量可靠，营养均匀，小孩很喜欢吃，值得购买，需要下单的别犹豫了，自营靠谱 价格还实惠，很赞赞赞👍👍👍', '很好，物流很快，包装很好，东西很给力，性价比很高！发货很快，已经收到货了，商品和描述的差不多，质量没问题，关键价格也合适，在这里买还是很放心的，好评！', '大小合适，做工精良，出口品质，最满意的一次淘货，很喜欢，下次会再来！包装很好，质量非常棒，宝贝完全符合卖家的描述，可以放心购买😍感谢🙏', '每次都从这里买，价格实惠，物流也快，宝宝喝着也放心，没有不良反应，比实体店便宜很多，日期也很新鲜，很不错 卖家的服务真是贴心周到！他们提供了专业的建议，帮助我选择了合适的商品。物流速度也很快，让我顺利收到了商品。', '跟实体店没有区别，还便宜，喜欢！物美价廉，很OK，比实体店优惠太多了这个产品和它价位相比来说，还是很合适的东西已经收到！手感不错！用料扎实！质量很好！平常用基本没有问题！'],['刚买就降价，还不能保价？', '买完就降价，申请价格保护不通过，退货也不给退', '日期竟然是今年12月份到期的？都快过期了呢', '买贵了不能补差价的啊？', '里面没勺子，是正品吗？怀疑', '驾照考试拉卡卡拉奇卡', '感觉是假的，里面像锡纸的那个跟澳洲买的不一样', '价格忽高忽低，京东现在咋这德性了', '挂着羊头卖狗肉，连起码的标志都没有的产品。', '买了2天两个价格，今天又降价了']
79,2万+,500,20+,30+,4000,30+,30,['爱他美，一个非常好的进口品牌，宝宝喝的好几个系列了，都不错，完全对得起这个品牌，营养配比丰富 科学，宝宝喝了不会担心那种营养的缺失，值得推荐。', '宝宝四岁后，一直喝这款奶粉，早上一杯，200毫升。小孩很喜欢喝。一直在京东平台购买这款奶粉，品质一直都很好，没有买到假冒伪劣商品。也很信赖，会继续支持回购', '宝宝一直喝的爱他美，品质一直好，换系列了还是一如既往的可靠，相信这个品牌，原装进口的，值得拥有，还会再买的，京东自营非常好。', '宝宝一直喝的爱他美奶粉，进口的，质量放心，换了几个系列了，都不错，奶香味不是特别浓，只有原香味，很自然，营养配比合理，值得购买。', '第一次购买，产品看着还不错哈，质量挺好的，物流速度也很快，产品质量也很好，非常愉快的一次购物选择！！！！！！非常不错的一次购物体验！！！！！！！相信品牌的力量，相信自己的选择！！！！！！！', '快递很快，服务很好，包装也很好，瓶口设计也很好，孩子喝这品牌奶粉长大，奶粉易冲泡，不起颗粒，这味道孩子喜欢，配方也好，推荐购买', '京东的商品真的特别棒！质量好，送货快。当天下单能当天送到，非常的及时。送货的小哥，特别好！京东的商品真的特别棒！质量好，送货快。当天下单能当天送到，非常的及时。送货的小哥，特别好！', '一直喝的爱他美，换个几个系列了，这个成长系列的也不错，买了一罐宝宝爱喝，和别的系列肉眼看不出有啥区别，除了罐子不一样，喝完再买。', '从开始吃奶粉就吃的爱他美，从绿罐到白金又吃到金装。3岁开始吃的成长奶粉，早上宝宝读书会喝一杯。晚上喝金装，没有便秘。长得很不错，抵抗力也很好。一直相信爱他美，相信京东。', '出生到现在一直都是爱他美这个牌子，上幼儿园了就换成长奶粉了，第一次喝成长奶粉小朋友喜欢喝，很方便，标注一天喝一次就行，挺好的，继续回购。'],['一打开就是这样 起坨的现象', '没有在约定时间送达～客服沟通无果', '外观被物流挤压成这样，不知道是怎么配送的', '奶粉不好溶花，有颗粒物，胶状物', '奶粉融化不了，冲完有絮状物！！', '泡好的奶粉有渣，不像正品', '买了很多次了 这次买的是豆腐脑吗？', '东西可以，就是快递每次都不送上门，也不发信息给我！差评！！', '这样的商品也发货，外包装好的，里面奶粉罐凹的，问客服没人理', '差劲，怎么老师有粉末子呢？,味道也不是很喜欢']
80,20万+,500,900+,500+,64,400+,300,['奶粉收到啦，一般都是等喝完了再买，第二天就到了物流很快，宝宝喝了不上火，价格也不贵，很容易冲泡，宝宝也喜欢喝，喝了也没有拉肚子。', '奶粉收到啦，物流很快，隔天就收到啦，是正品，性价比很高的一款奶粉，价格很亲命，三段才换了这家奶粉，宝宝接受能力很好，宝宝也喜欢喝。', '这个奶粉的性价比是非常的高，价格实惠，口感比较清淡，小孩子喝起来很容易接受，我也是3段中途换这个奶粉，也没怎么去过度，直接冲给她喝她就喝了，那也很好，不会说便秘问题，孩子喜欢喝，价格也不会贵，随她吧，喝到36个月也没所谓了。', '是正品 这款奶粉喝了很久了 很不错 冬天的时候 天气太冷 小孩不愿喝纯牛奶 泡奶粉很方便 娃爱喝 也没上火啥情况 物流很快 包装严实', '选了很久 这款奶粉营养配方很不错 喝了好几灌了 小孩爱喝 每天早晚都要喝一杯 吸收很好 没有上火拉肚子等情况 物流很快 一般都是第二天送达', '消化吸收：这款蓝罐听说添加益生菌，对肠胃很友好，很好，,清火功效：清淡，宝宝喝了一直不便秘，,营养配方：足够现在宝宝每天需求,正品验证：这个我都是买京东自营，扫码追溯是显示正品，希望京东一直严格把控', '一款性价比很高的奶粉，对比了很多个品牌，我家宝宝很爱喝，原产国是荷兰的，奶源也不错。另一款也在喝，宝宝接受度也不错，可能是孩子也大了，对比了一下就是原产国不一样，其他配方都差不多。', '家里几个孩子都是喝的这个奶粉，口感不错，孩子都很喜欢呢。关键性价比也很高，京东活动价买既划算又方便，每次囤货都会囤几箱，。', '多次购买了，都喜欢在京东自营购买了，之前在奶粉店购买，价格没这里便宜，整体不错哦。,营养配方：还行,消化吸收：没有出现便秘的情况。,溶解性：溶解性很好哦。', '性价比很高的奶粉，一直在喝，很好，市场上的奶粉参差不齐，而且很贵，这款奶哥哥喝了长大，妹妹又接着喝，很不错，很好，关键是京东就是正！'],['不是赠品吗，怎么不送给我', '收到就是一个大窝子，包装简陋。', '自营只能一星 沟东墙天天变价', '居然和爱他美一起送来', '说好的赠品那，一个也没有，🌿', '宝宝喝总是吐，还拉肚子', '跟我实体店买的不一样，你们懂的', '买完就掉价啊，每次价格都不一样', '活花里胡哨，对老客户不如狗', '日期不新鲜，说活动送的E卡也没有返。']
81,5万+,500,600+,200+,26,200+,200,['营养搭配：营养全面，丰富，非常适合早产儿追营养！,产品包装：包装完好，无破损，有溯源码可追溯！,使用效果：宝宝吸收好，喝的长肉肉，挺好的。,口感味道：口感细腻，易冲泡，不会有杂质，不错。', '美赞臣，荷兰原装进口的，非常适合早产儿，长体重真的超级快，价格比一段那些还便宜，非常值得推荐的一款奶粉！我们出院回来吃了20天了，体重长了2斤多', '宝宝是早产低体重儿，听产科医生推荐的早产儿配方奶粉。大品牌有保障，小孩吃着很好，配合母乳一起喂养，效果不错。', '买了几次了，早产儿喝长体重真的很快，医院都是喝这个，出院回来一直喝，回来20天了，长了2斤多了，去保健医生说在吃一段时间！', '快递收到了，京东快递速度是真的很快，只要是着急，不是特级的话，第二天就回收到货，非常的方便，快捷，而且美赞臣，大品牌的奶粉，值得大伙信赖，以后的奶粉还会选择京东，选择美赞臣。', '孩子早产一直吃这个美赞臣早产奶粉 现在体重追的很好，38周已经7斤2量了。孩子现在白白胖胖的，准备等足月直接转一段还是继续吃美赞臣。', '挺不错的，宝宝是低体重儿，医生让自己买低体重儿奶粉吃，上网查了下推荐美赞臣这款安婴宝，今天刚到货，马上给宝宝喝了，不含有棕榈油这点很好，继续喝一下看看能不能把体重追上来，新用户还买二送一，性价比高，喝完再买', '医生要**买早产儿奶粉，经过仔细对比市面上多家早产儿奶粉产品，发现美赞臣这款产品好评率高，随即下单购买，宝宝吃了一周后长得很快，适口性好，宝宝爱吃，医生鼓励继续吃，这款奶粉值得购买。', '送货速度快，买之前工作人员细心滴确认了产品注册号。大牌子也比较放心。目前BB已经喝了几天，不过好像奶粉比母乳还是干一点，BB大便会少点和干硬一点', '孩子有点早产，孩子妈又不能天天准时送母乳，只能买早产儿奶粉了，京东一搜，这个品牌销量最高，价格也比较合适，因为着急就直接买了这个，医生说这个还可以不错的，希望孩子快快成长。'],['商品没有问题，就是商家说好的买二赠一，月头购买，中间经过多次沟通，赠品一直到月尾都没发货，后面奶粉都重新买了几次了，商家就是一个拖字诀，有可能等我忘记了会省一盒赠品钱，客服的服务态度也非常及时：亲，我们给您登记，不用担心，会催发货的哈，您不要慌哈，服务态度非常好非常满意，就是不发东西，所以我给个商品质量满分，综合评价0分的中肯评价', '找不到勺子', '结块厉害', '下单时，突然涨价。搞得退货时，又扣减取件费！', '400克规格勺子不固定，每次都埋在奶粉里。', '奶粉有过期味道、婴儿吃了反常', '勺子不固定，每次都埋在奶粉里。', '勺子不固定，每次都埋奶粉里。', '勺子不固定，每次都得找好久。', '勺子不固定，难找。']
82,2万+,500,7,20+,2700,7,10,['正品验证：没验证。旗舰店购买的的应该保证吧,营养配方：营养全面。,消化吸收：消化很不错。拉的也不错。宝宝也长肉,清火功效：这个就离谱咯哪有清火的,溶解性：很好融化 很好 随便晃几下就溶解了,其他特色：宝宝从出生就开始喝这个 喝的很习惯 不错呢,有活动的时候就购买。,这次 比较坑的是 发圆通快递 给放到一个快递点 跟我十万八千里。 快递员一个多星期才找到 给我送到这边。离谱', '金领冠珍护奶粉含有乳脂球膜，能够帮助宝宝脑部发育，让大脑反应灵敏，让宝宝赢在起跑线上！珍护从奶源开始就很棒，采用的是臻选的1%金领冠专属牧场的新鲜生牛乳，我女儿超爱喝！', '不好的奶粉大家都知道，但是好的奶粉大家都去买，中国宝宝体质配备的奶粉是最适合宝宝喝的。喝了这个奶粉来烧起来的消化吸收非常好，而且它的配备配方非常的不错，而且溶脂性是其他奶粉不可比的。', '东西很快就收到了，包装很好，没有破损和瘪罐，奶粉收到试冲了一杯，奶味很浓，粉质也很细腻，很好冲泡，宝宝也很喜欢喝，味道带点淡淡的甜，还不错。', '总体来说，确实很不错，客服的服务态度也很棒，说话几乎马上就会回消息，物超所值，真心推荐。用了觉得很不错，商品质量好，发货也挺快的，总之就是很赞了', '京东自营买的，到货很快，昨天下单，基本第二天就到了，非常方便，家里大大小小的东西都从京东上买，方便快捷，会继续回购的，好评。', '奶粉挺好的，出生就喝的金领冠，很好消化，易吸收，拉的便便也没有奶瓣，挺满意的，很喜欢，也没有腥味，宝宝也很喜欢喝这个奶粉', '最近宝宝不怎么喝奶瓶，2月份打开一桶900克的连一半也没有吃完，于是乎，买个最小量的先让她适应适应，依旧是速溶很好冲开，闻着味道和大桶的一样，即使是小桶也配备了小勺，出乎意料，给力。', '宝宝出生后就一直喝金领冠珍护这个品牌的婴儿奶粉，很认可这个品牌。大品牌质量有保证，验证了是正品。京东物流速度飞快，下单一天就到货了。非常好的购物体验。', '金领冠珍护，，，独特的母乳低聚糖，呵护宝宝的小肚肚和肠道，宝宝喝了好吸收，，长肉肉，，身体抵抗力棒棒的！国有品牌真真是值得信赖！'],['给我发的试饮 太不负责任了吧 还官方旗舰店了 你们就是这么做生意的', '中间最小的那罐，太少了，买错了这么贵', '自营店买的不是发的京东快递，打开快递以后奶粉罐碰坏了，瘪了，应该是快递公司暴力运输或者本身就是发的次品，快递不配送上门，找客服不管。', '首先，别人家130g价格根本没有**十块钱那么高，我是看到价格8、90，以为是280g才下的单，结果发现掏了智商钱；其次，根本不是京东自营，也不是京东物流，发的极兔，3天从武汉给我发到重庆，说是没货，这属于欺骗消费者吧？最后，店家大可以说不满意你退啊，要不是你物流欺骗耽误了我时间，害我崽儿已经没奶粉吃了，我只好将就用着，怎么会不退？差评！马上投诉', '差价我可以接受，但是四倍多的差距，这确定不是欺骗消费者？', '垃圾垃圾', '此用户未填写评价内容', '您没有填写内容，默认好评']
83,1万+,500,3,4,600,4,5,['之前买的爱他美，宝宝消化不好，很多奶瓣，研究了很久，换了能恩全护，小分子水解奶粉易溶解，宝宝消化很好，大便也正常了，而且脸上的湿疹也消了，打算一直用这款奶粉了', '给小宝宝买了350g的小罐装，宝宝很爱喝，保护宝宝肠道吸收，宝宝长肉，还会给宝宝购买的呢！号称适度水解奶粉的天花板，名不虚传！', '宝宝转奶时喝超启，一直拒奶，后来就直接换了全护能恩，奶量从之前的600多，变成现实的900多，很适合我家宝宝', '这个是性价比超级高的，物流也很快，孩子很喜欢，赞赞赞这个是性价比超级高的，物流也很快，孩子很喜欢，赞赞赞这个是性价比超级高的，物流也很快，孩子很喜欢，赞赞赞', '。嗯，,正品验证：正品,营养配方：科学，最先进的配方,消化吸收：预防过敏，,其他特色：做了很多功课，选择这款水解奶粉的天花板。', '早启转全护，按顿转，感觉吸收还不错，对比那么多适度水解，这款最合我心意，而且京东买真的方便，买奶粉我只相信京东自营！准备入手大罐的了', '做了很多功课 宝宝第一口奶粉和喝适度水解比较好 雀巢这款奶粉是适度水解奶粉中的天花板了 目前喝了三罐 宝宝28天 体重重了两斤多 没有湿疹 没有过敏 会喝到6个月', '宝宝母乳转奶粉，试了好几款都过敏，最后选定全护，味道接近母乳清甜口感，宝宝适应的很快，立马回购,消化吸收：目前看着还不错，会继续回购,溶解性：溶解很快，不会有结块', '😍发货很快，两三天就到了，这个颜色我很喜欢，性价比很高，非常nice🎁宝贝收到了，颜色很好看，质感也很好，样子简单！🤩是我想要的！！下次还会再来！', '总体来说，确实很不错，客服的服务态度也很棒，说话几乎马上就会回消息，物超所值，真心推荐🆒是正品，跟商店里买的是一样的，在这网购方便快捷，品质放心，还会光顾！.^◡^.'],['包装变形，这是暴力运输了吧。', '买奶粉送的优惠券竟然不能买同款奶粉，感觉被坑了！', '不敢给宝宝吃，打开有股塑料味，咨询客服一直没人回复。', '很重的橡皮胶味道。不敢给孩子吃。', '真假混卖，买了几次，只有偶尔一罐有糊锅巴味，味道不同']
84,20万+,500,600+,600+,88,200+,200,['正品验证：扫码验证是真的,营养配方：营养均衡好吸收,消化吸收：孩子吃着挺好的,清火功效：没有明确上火表现,溶解性：会有挂壁现象,其他特色：今年涨价好多！从去年到现在，涨价一半了，555，伤不起！', '佳贝艾特悦白羊奶粉一直吃，小朋友长的很好，很不错的一款产品，值得推荐，同时给京东点赞，就像开在家门口的超市，非常方便、快捷！', '很不错的一款奶粉，包装非常方便实用，很好携带，宝宝很喜欢喝着一款奶粉，口感很好，很细腻，没有腥味，配方很好，营养价值丰富！', '宝宝从小就喝的奶粉，宝宝也很爱喝，好吸收，易消化，溶解性好，是正品，已经验证过了，日期也很新，保质期还有很长时间呢，非常好', '发货很快的，生产日期很不错的，很喜欢，很满意的油次购物。这款羊奶粉营养成分很全面的。很不错的，大牌子，值得信赖，很满意的。不错不错的，很喜欢。', '凑活动给孩子攒几个，喝起来也不心疼了，带出门去特别方便，孩子大了也不经常在家了，出去小盒装的很方便，每个还能扫码验真伪呢！', '挺好的，小盒装，出门方便携带，给宝宝喝了，吸收特别好，还会继续回购的一款奶粉，希望多多做活动。快递也特别给你，过了一天就收到了', '试用装和罐装都会买 哪个有活动买哪个 佳贝艾特忠实粉丝了 生的宝宝都是喝它 一喝喝到三周岁 大宝身高体重都是中上 这款奶粉好吸收也特别容易溶解 宝宝喝着也不上火 口味很清淡 不甜 比较适合小宝贝的味蕾', '正品保障，产品质量很好，消化好易吸收营养丰富，不上火易溶解，孩子喝的放心，一直回购的产品，性价比超高，简易装很方便！！！', '因为牛奶过敏，就换成羊奶给宝宝喝，主要是觉得羊奶分子小，比较好吸收，宝宝拉臭臭奶瓣也变得很少。而且买过这种试用装之后，觉得很划算。'],['价格不实惠 性价比不高', '没有下次了 东西买了还要生气', '怎么回事价格变化那么大，才几天降了一半', '商家说了送三轮车，没送', '全是2018年的，以后换奶粉不喝这个了', '膻的，一口都不吃，浪费钱了', '没想到我还能买到老包装。', '服务态度不好，以后还是买京东自营的吧。', '溶解后有小颗粒，味道不好喝，', '不好，我家孩子一口都不喝。']
85,20万+,500,100+,300+,27,100+,200,['奶粉很细腻，宝宝喝的很香，宝宝喝了一段时间了，没有什么异味，(๑•̀ㅂ•́)و✧价格超优惠，性能也非常棒，完美的一次购物', '先说商品质量：产品总体不错，包装严实。再说商,家服务：点赞啦。最后点评快递：发货很快。其他,就是感谢店家打折送券活动，毕竟便宜好货更实,在。希望店家多多优惠，及时通知老客户，促成回,购。祝生意兴隆。', '多次购买，疫情期间买的活动再也没有了，希望多搞点活动，孩子从出生一直喝这个牌子，没换过牌子，孩子喝了不上火，不缺营养，身边同事朋友也都买这个牌子', '买的真的很省心价格也非常实惠，信任京东，一直都在京东买东西，服务态度好，物流快，真的非常赞！一直喝贝拉米，儿子很喜欢', '最低有一百四五十左右一罐的 但不敢入手 情愿价格高点 质量有保障 京东国际京东自营品牌比较可靠 小朋友的东西不能马虎 吃的用的 材质质量很重要 对于市场丰富 又对于我们这种小白 只能是跟对平台 万分推荐', '本来是买来转奶的，但是没完全成功。吃了比之前的水解奶粉会长肉，关键是便宜啊，价格不到200 ，之前的水解得300+，简直了！！', '价格还可以 虽然税费另付 但还是每罐优惠了5元钱 如此跟其他平台价格差不多 其实最优惠的时候170-180几 过年期间价格高点正常 关键发货速度快 丝毫没有受假期影响 开心 满意 希望回购哈', '多次购买，孩子爱喝。从出生就一直这款和a2交替喝，整体还不错，周围宝妈评价也很高。澳洲的奶粉，品质还是不错滴，值得信赖。', '从一段到第三段一直喝贝拉米奶粉，挺好的，就是这次买价格和税有点小贵，等搞活动多存点，我们山东这边下着雪，快递员辛苦了，这次很给送快递员五星好评🌟🌟🌟🌟🌟👍👍👍👍👍', '之前吃别的品牌的奶粉，我家宝宝就便秘，这款奶粉很温和，吃了也不上火。是正品，营养丰富，好吸收好消化。溶解性也好。还会继续回购。'],['商品已经是临期，还在销售', '以后再也不买澳**产的了，支持国产', '丰巢快递柜离我家5公里，让我自提。', '外观不够干净，打开外盖里面很脏。', '日期都不新鲜，都快一年了!!!', '双十一赠品没有发，虚假销售', '日期不新鲜，奶粉都快一年了!!!', '打包没有用泡沫包好，箱子也是质量不好的', '价格是一降再降，讲到不敢想象', '没想到是临期的，还能再相信京东吗？']
86,20万+,500,200+,200+,18,200+,300,['物流很给力，隔天就收到了。收到货包装完好无破损现象。宝宝一直喝的这款奶粉，吸收好长肉肉，就是喝这款奶粉排气好臭哈哈哈哈哈其他都还好', '我们家宝宝喝了这款奶粉的一段和二段奶粉，目前宝宝消化吸收比较好，很少出现腹泻拉肚肚的情况，晚上睡觉也比较踏实，宝宝比较喜欢，对宝宝肚肚很温和！', '家里喝过好几罐这个进口 A2奶粉了，质量有保障，这次买了一整箱，平时宝宝喝了也不会拉肚子，改善宝宝的肚肚不适的情况，喝完不容易吐奶。晚上睡觉也比较踏实，改善宝宝睡眠质量，没有母乳喂养。喂A2也很放心，宝宝很长肉。', '我们宝宝用的这个吸收还不错，宝宝比较喜欢，对宝宝肚肚很友好也很温和一些，宝宝比较喜欢喝这个，晚上睡觉也踏实，', '之前一直有买a2的奶粉，感觉品质挺好的，宝宝也爱吃，营养均衡。送货很快，第二天就送到了，奶粉罐完好无损，快递保护的比较好。', '一直喝 A2 奶粉，奶质细腻，很容易均匀冲开，消化好易吸收，性价比很高的一款奶粉，生产日期新鲜，包装很好，物流速度也很快，推荐各位宝妈们都给宝宝喝上😊😊😊 这个商品的性能真是令人惊喜！质量上乘，使用起来非常顺手。卖家的服务态度也很好，及时回复我的问题，并解决了我的疑惑。', '奶粉收到了，买的放心❤️给宝贝喝的东西更加安心，这个奶粉是一直喝的还是很不错的，吸收的也不错，会一直支持的 卖家的服务真是一流！他们把顾客的需求放在首位，耐心解答疑问，并提供了专业的建议。物流速度也很快，让我迅速收到了商品。', '宝宝12个月开始喝一直到现在 .宝宝很喜欢这款奶味 a2紫金 . 消化吸收好 特别好 a2源乳营养根基 . 新西兰奶源 宝宝喝的很放心 。每个月长肉肉 . 喝的白白胖胖的 . 真的很感谢 . 让我信任这个品质。 卖家的服务真是周到细致！他们不仅耐心解答我的问题，还给予了很多实用的建议。物流速度也很快，让我及时收到了商品。', '京东自营一如既往的好，一如既往的快！非常满意！正品，质量好，价格低，性比价高，物美价廉，物有所值，朋友看了都说好。客服服务热情都到。物流很给力.', '家里宝宝一岁了，总是不爱吃饭喝奶粉也好像不吸收一样，不是很长肉肉。体重也一直比同龄小朋友要低一点。,刚准备换奶粉，听朋友推荐说这一款a2紫白金系列奶粉消化吸收好，孩子喝了长肉肉还不容易上火。于是立马给孩子换了这款a2紫白金系列，今天刚刚到货，就迫不及待给孩子冲了一杯，奶香味十足，孩子非常喜欢。新西兰进口奶源喝着放心，还有新客户活动，很感谢，希望孩子喝一段时间以后越来越健康！ 这个商品的质量非常可靠！经过使用测试，它表现出色，没有出现任何问题。卖家的服务态度也很好，给予了及时的售后支持。'],['暴力运输，罐子扭曲变形。', '买了第二天就降了10元，又买了一瓶', '不易容解，不知道是不是正品。', '日期不新鲜，日期不新鲜还不支持退货', '为什么没有勺子？怎么用？', '每次都有那种没有冲开的。', '奶粉结块，冲不开，客服说正常', '有杂质竟然说是正常的！', '价格浮动大，每桶相差三十元', '价格浮动大，每桶相差三十元左右']
87,1000+,82,2,0,100,0,1,['买一送一的活动很划算，小宝宝吃的也很好，好评。孩子吃了没有不良反应，比较爱吃，价格也还可以。,正品验证：正品,消化吸收：吸收较好,溶解性：溶解性比较好,其他特色：好评', '新日期。包装精美，宝宝很爱喝，是正品，很容易吸收，助消化，价格很合适，溶解性高，刚出生就喝这款奶粉，现在果断下单，首单还有福利', '宝宝刚出生就选择了飞鹤，第一桶喝完了换的卓睿A2，奶粉品质很好，溶解迅速充分，无结块，闻起来味道也不错；宝宝很喜欢喝，吸收正常，国产品牌值得信赖，赶上活动性价比很高。', '活动抢购太划算了，日期又很新扫码验证过，是正宗a2奶源版本的，购物体验非常不错，宝宝一直喝这个奶粉，体重增长有保证，推荐购买哦！', '一岁前也是喝飞鹤，后来阳了突然不肯喝奶粉，这次孩子感染乙流，突然要喝牛奶，立马买奶粉试用装回来，一瓶130克的一天喝完，赶紧回购大罐，一罐吃了10天，今天刚开封第二罐，很好冲泡，味道也不错，不会特别甜腻，飞鹤奶粉更适合中国宝宝。', '日期新鲜，送货很快，价格比大桶的要便宜，挺好的，,正品验证：可以扫码追溯，质量有保障，非常放心，很愉快的一次购物，孩子喝的也挺好 推荐', '孩子出生后混合喂养一直喝飞鹤卓睿，品牌比较放心，喝起来也没什么问题，奶粉易溶很方便。品牌店会员有优惠，算下来性价比很高，送货也快～', '比平时要便宜，囤了不少，特别特别满意👍，超级好看😍，客服很有礼貌，很客气，良心商家，支持！,五星好评，非常好！很精致，质量非常好，很满意的一次购物。谢谢店家！正品', '包装很完美，颜值很高，感觉物超所值！客服也非常耐心细致，发货快物流给力，以后还会再来☺️店家发货非常快，服务态度很好，应该是正品，一次很愉快的购物', '物流和产品都不错，可以吃到宝宝转奶了。包装很好，质量非常棒，宝贝完全符合卖家的描述，可以放心购买😍感谢🙏不错，喜欢，好活动性价比高，以后会经常光顾'],['为什么这次买的 挂壁严重 总有一小块摇不散 粉质也比较粗糙']
88,20万+,500,300+,300+,34,300+,400,['从德爱pre段转过来的，开始还怕宝宝不适应，结果宝宝很喜欢，自己抱着奶瓶喝得咕噜咕噜的，每次看到冲奶就迫不及待的嗷嗷叫，也好吸收消化。', '我给我家宝宝选择了这款奶粉，来自一个可靠的品牌，具有良好的口碑和广泛的好评，这款奶粉的成分特别接近母乳，有助于宝宝的消化吸收和健康成长，宝宝很喜欢他的营养成分，让我也对宝宝的健康感到满意。', '宝宝爱喝 其他牌子的也买了好多 宝宝只喝这款 溶解性很好 很容易泡开 宝宝好吸收官方购买不怕有假货', '家里小孩2段一直喝这款爱他美白金，喝了这款奶粉后，易消化易吸收，也基本不便秘，口味清淡，很爱喝。做了很多功课的，喝了长了点肉肉，还是蛮不错。', '宝宝喝这个奶粉很不错，容易冲泡，味道很好喝，宝宝也非常喜欢。这个奶粉喝了不会便秘，容易消化，不积食，会一直给宝宝喝这个奶粉。', '正品验证：是正品，而且已经买了很多次了,营养配方：营养很全，很长肉的一款奶粉,消化吸收：孩子吸收的非常好,清火功效：也不上火,溶解性：用摇奶器摇挺好溶解的,其他特色：大家赶快购买吧', '两个孩子都喝这款奶粉，有营养，味道还不错，香浓，易冲泡，不会有渣，也不会上火，好吸收一点，包装很好👌🏻，正品保证', '宝宝喝的这个，应该挺好吸收的，宝宝还挺喜欢喝，很好溶解，冲奶粉很方便，这个品牌也很不错，是正品，和我之前买的一样', '物流很快，转奶很成功，就是好像有点不抗饿。看推荐购买的，据说里面添加了叶黄素对眼睛好。,清火功效：不上火,消化吸收：好吸收，好消化,营养配方：含有DHA和叶黄素,正品验证：双重验证，是正品', '澳白对于宝宝太友好了.推荐推荐.从飞鹤转过来的.做了半个月攻略没让我失望.宝宝6个月20斤.吸收好.查验了是正品'],['一直都有购买，第一次这样。', '买了几次，快递过来奶粉罐都是有凹陷的', '瘦宝宝还是不要喝这个了，一天拉几次', '宝宝喝了拉肚子，肯定不是正品', '奶粉里面有黑色异物 怀疑是假的', '京东的包装越来越差了，希望重视细节！', '真的好闹心，连保护膜都不包装一下，摔成这样', '三盒奶粉有两盒压憋了', '经常与预计送达时间相差甚远！客服不作为，快递不给力！', '包装拆开的，后来用其他箱子包装的。']
89,2000+,387,1,0,200,0,1,['很快，是正品，我家宝宝喝了没有什么不适应症状，这款奶粉奶源都是自有牧场，奶源放心，珍稀的A2奶，亲和好吸收，它的粉质也是相当的细腻，溶解速度快跟彻底，口感清淡', '开始第一单，我很啰嗦，就是因为飞飞客服的耐心，让我明白了，买东西我这么多问题的宝妈，她还这么耐心，这是第一单，第二单也已经下单，以后都在他这里买！朋友们买东西，服务肯定是大家的第一印象，可以去找这个客服，真的我买了好多家奶粉，不管线上还是线下，我真的感觉这个客服态度好', '目前试用中，宝宝喜欢吃，正品质量有保障', '官方正品有保证，值得购买', '这个颜色很喜欢，摸起来质感不错，百搭～包装也很大气，用来送人的话也是不错的选择', '我本想多给些评价，因为我太喜欢这款了，是我最愉快的一次购物', '挺好的，小么，味道还是一样的', '包装好，物流快，价格实惠，比超市便宜多了', '正品验证：正品,营养配方：好,消化吸收：好,溶解性：好,收到货，宝宝吃过很喜欢，还会继续购买的', '正品验证：手机扫码即可验证，方便快捷，质量有保证。,营养配方：营养均衡，适口性强。,消化吸收：消化吸收良好，宝宝容易接受。,清火功效：好。,其他特色：性价比高，价格实惠，试用装很优惠。'],[]
90,500+,500,0,1,40,1,0,['孩子从一段开始爱他美，本来开始喝国版的，就是后来越来越贵，没办法只能喝德爱了，综合对比德爱的性价比还是比较高的', '爱他美，很容易吸收，不上火，宝宝很快就适应了，味道接近母乳，我家两个孩子都是吃的爱他美。', '很不错，，，挺好的，，，，，买了好几次，，，，，希望靠谱，，，，，，，，，', '一直在回购的一款奶粉，产品包装非常nice！奶粉罐保护的很好！会继续加购。', '质量很不错，还会再次购买。', '正品验证，家里两个孩子一直在喝的品牌，值得信赖！趁着快递没有停运，赶紧囤一点！', '一如既往地支持，要得,正品验证：没问题', '一直买这个牌子的牛奶，性价比比较高，小朋友也喜欢喝，这家店也是老顾客。', '一直吃的这个牌子，从一段开始，做了功课来买的，希望双十一还能优惠活动，会一直回购的', '一直买这个牌子，溶解比较快，小孩子也爱喝。'],[]
